Id,Sales
1,4416.43701171875
2,7914.03173828125
3,9426.521484375
4,7915.34326171875
5,7516.96875
6,6035.234375
7,7410.1416015625
8,8079.90283203125
9,5584.9013671875
10,5716.42822265625
11,7048.53515625
12,8084.04052734375
13,7221.685546875
14,8701.98046875
15,6289.77880859375
16,4842.30078125
17,6157.9736328125
18,9625.421875
19,10446.091796875
20,9077.1279296875
21,8184.0517578125
22,5321.68505859375
23,6268.91064453125
24,4321.1787109375
25,7796.93408203125
26,9806.0078125
27,9289.1767578125
28,5942.03857421875
29,5458.84814453125
30,4886.109375
31,5961.9697265625
32,10278.7548828125
33,6497.20068359375
34,5513.1259765625
35,5477.20458984375
36,8141.62939453125
37,3796.904052734375
38,7801.73583984375
39,4752.45947265625
40,7049.9580078125
41,6581.630859375
42,5414.29052734375
43,7861.533203125
44,6749.98974609375
45,4662.326171875
46,6888.99560546875
47,7567.4814453125
48,12005.3515625
49,6049.5478515625
50,8710.8388671875
51,7680.62548828125
52,9368.74609375
53,6981.85400390625
54,8994.1474609375
55,5037.42333984375
56,5192.97705078125
57,6031.4111328125
58,6354.1865234375
59,9581.353515625
60,7748.169921875
61,6105.63623046875
62,8130.60009765625
63,6460.5205078125
64,10264.2216796875
65,4185.83544921875
66,13027.494140625
67,5170.177734375
68,5841.67578125
69,8485.51953125
70,4982.27685546875
71,6658.51708984375
72,6074.3466796875
73,8014.8193359375
74,6840.6435546875
75,5739.85302734375
76,7735.685546875
77,7625.64013671875
78,7007.5703125
79,5463.541015625
80,7532.3251953125
81,12924.2021484375
82,7229.2783203125
83,4952.029296875
84,6791.56103515625
85,6015.20947265625
86,5671.0322265625
87,7578.6982421875
88,4228.41015625
89,8520.7353515625
90,6352.81982421875
91,7322.88037109375
92,7423.8681640625
93,4376.05126953125
94,5879.669921875
95,5512.45166015625
96,8477.1591796875
97,8337.4580078125
98,5547.99365234375
99,5134.056640625
100,7215.611328125
101,6094.16552734375
102,5561.70361328125
103,6961.38916015625
104,6602.58056640625
105,7869.93798828125
106,6386.4658203125
107,4395.10546875
108,7139.57275390625
109,8851.2939453125
110,8264.0400390625
111,8615.2607421875
112,8117.4140625
113,5951.63720703125
114,9020.4951171875
115,6064.5732421875
116,7172.8720703125
117,9826.0
118,6808.580078125
119,10693.9375
120,7905.60986328125
121,7863.6640625
122,6380.58837890625
123,7264.177734375
124,8002.24169921875
125,7484.4921875
126,3921.06884765625
127,6028.54638671875
128,7892.75390625
129,5925.52099609375
130,4328.7177734375
131,9007.87109375
132,6265.60546875
133,5662.46923828125
134,6409.57275390625
135,5880.26953125
136,8010.283203125
137,7512.74755859375
138,6873.54345703125
139,5972.81884765625
140,5241.3017578125
141,6568.2822265625
142,3433.33349609375
143,5982.1494140625
144,6593.1962890625
145,8900.11328125
146,7227.32177734375
147,6406.7900390625
148,11984.0400390625
149,5427.92431640625
150,5328.68115234375
151,10650.4326171875
152,7183.142578125
153,8633.955078125
154,7566.9052734375
155,6236.14990234375
156,6716.4716796875
157,5493.9033203125
158,9062.359375
159,11907.384765625
160,6550.82177734375
161,3731.34521484375
162,4541.583984375
163,7999.93798828125
164,8298.1962890625
165,6043.07470703125
166,7110.7705078125
167,5554.61767578125
168,5736.23486328125
169,3225.169677734375
170,5434.95068359375
171,6523.4443359375
172,7818.98193359375
173,7626.93115234375
174,8316.8798828125
175,8055.10693359375
176,9515.65625
177,7818.93359375
178,4791.6767578125
179,9969.2607421875
180,10895.962890625
181,6169.3583984375
182,7646.0830078125
183,6016.60107421875
184,7120.052734375
185,4481.94091796875
186,7733.59912109375
187,5772.6640625
188,9706.3466796875
189,7785.99169921875
190,8762.58203125
191,8127.173828125
192,5888.82763671875
193,8791.1533203125
194,18920.12890625
195,10675.47265625
196,6637.8544921875
197,2648.073974609375
198,6316.0654296875
199,8373.6875
200,6375.03466796875
201,12713.498046875
202,19748.947265625
203,4192.9990234375
204,5830.5498046875
205,9917.4921875
206,5080.0234375
207,8760.3818359375
208,6814.6123046875
209,7874.3505859375
210,5713.966796875
211,6477.3994140625
212,5737.2890625
213,7487.38818359375
214,9371.486328125
215,7381.244140625
216,6041.4072265625
217,7583.6787109375
218,5355.25830078125
219,5377.68115234375
220,7462.96826171875
221,5599.46435546875
222,5958.42041015625
223,7914.9794921875
224,6762.16162109375
225,7291.267578125
226,6880.95654296875
227,7666.7587890625
228,8808.8583984375
229,7163.08642578125
230,8167.46142578125
231,6061.6044921875
232,3336.71337890625
233,6442.70556640625
234,7174.70654296875
235,4945.369140625
236,4709.35498046875
237,8880.2939453125
238,7814.15869140625
239,9338.1201171875
240,7239.8310546875
241,5879.8125
242,5581.23681640625
243,4722.27197265625
244,10293.9501953125
245,5258.33447265625
246,7938.9521484375
247,15560.6943359375
248,7658.43505859375
249,8113.52099609375
250,5587.7333984375
251,4887.08349609375
252,7409.7275390625
253,4744.70263671875
254,6182.2880859375
255,11003.4892578125
256,4617.37353515625
257,17316.994140625
258,14339.9912109375
259,4816.37890625
260,6843.68310546875
261,6286.04296875
262,7293.6259765625
263,5687.20166015625
264,11628.5244140625
265,8570.9111328125
266,9685.642578125
267,5604.0673828125
268,7972.30615234375
269,6553.6826171875
270,8729.431640625
271,7109.2744140625
272,6557.38671875
273,6916.14404296875
274,6556.63623046875
275,8546.6357421875
276,10233.9619140625
277,6832.294921875
278,10434.125
279,6688.9326171875
280,10658.2763671875
281,4754.11376953125
282,5530.560546875
283,5791.53271484375
284,10523.2236328125
285,6581.1669921875
286,8649.49609375
287,6662.52734375
288,8222.4150390625
289,5817.5380859375
290,9347.07421875
291,7281.66552734375
292,4017.206298828125
293,12041.1943359375
294,17827.751953125
295,7482.9521484375
296,7329.939453125
297,9601.904296875
298,11158.5849609375
299,11629.4853515625
300,6269.705078125
301,8117.04931640625
302,6136.8447265625
303,8852.6728515625
304,4415.42236328125
305,6239.4580078125
306,5828.68017578125
307,5641.2822265625
308,7906.5888671875
309,6279.984375
310,4753.69189453125
311,7505.29931640625
312,4139.54638671875
313,5204.85693359375
314,6900.30419921875
315,6837.68017578125
316,9941.3046875
317,8775.8759765625
318,7864.75048828125
319,6812.82568359375
320,6674.30810546875
321,12238.8232421875
322,7198.01708984375
323,5378.2060546875
324,5028.49853515625
325,8770.763671875
326,4721.880859375
327,7328.7587890625
328,3151.971435546875
329,5278.525390625
330,9307.7265625
331,7248.6015625
332,6146.7177734375
333,9588.345703125
334,10388.994140625
335,12190.8271484375
336,6213.28466796875
337,9125.21484375
338,3146.362060546875
339,5272.412109375
340,6796.12939453125
341,4787.95703125
342,8215.5830078125
343,5437.142578125
344,5075.046875
345,8899.5107421875
346,11505.705078125
347,8745.76953125
348,5651.52880859375
349,5344.181640625
350,8229.4296875
351,7664.158203125
352,6418.8056640625
353,5856.9599609375
354,7626.75830078125
355,10475.7919921875
356,4541.2919921875
357,6533.3740234375
358,8143.54638671875
359,8456.103515625
360,13185.7802734375
361,5434.32568359375
362,14895.6005859375
363,7207.25439453125
364,5261.1474609375
365,4123.45458984375
366,6263.95068359375
367,6676.71337890625
368,6072.26025390625
369,7461.26171875
370,5734.99365234375
371,4810.564453125
372,7469.90673828125
373,3754.75390625
374,7116.9970703125
375,7215.23095703125
376,7637.6806640625
377,8695.7998046875
378,6122.20263671875
379,8993.072265625
380,5946.9970703125
381,5905.18505859375
382,5873.73046875
383,5324.8779296875
384,11017.529296875
385,6857.4296875
386,5398.162109375
387,7702.03076171875
388,9562.2177734375
389,7855.64501953125
390,6440.63623046875
391,8714.3525390625
392,5737.82958984375
393,6837.9130859375
394,6129.390625
395,8758.65625
396,7031.04296875
397,6644.85546875
398,5966.8203125
399,5179.2138671875
400,4523.21826171875
401,5810.85791015625
402,8410.84765625
403,9212.0126953125
404,10810.390625
405,11878.03125
406,8830.810546875
407,6059.56201171875
408,5328.0146484375
409,10361.8291015625
410,11115.5068359375
411,8311.8544921875
412,9232.396484375
413,8073.34228515625
414,6050.2138671875
415,4046.548095703125
416,9795.0107421875
417,7065.78173828125
418,6682.8857421875
419,6188.51123046875
420,3201.82177734375
421,11494.626953125
422,6521.36865234375
423,5757.6474609375
424,5053.2509765625
425,6086.9140625
426,6707.3447265625
427,8637.2607421875
428,7273.42529296875
429,5288.3955078125
430,5198.88134765625
431,4130.52734375
432,3443.397705078125
433,7293.39697265625
434,17404.853515625
435,4964.98486328125
436,5849.27783203125
437,6813.85986328125
438,4974.5556640625
439,5901.43505859375
440,5191.43017578125
441,3920.44189453125
442,7599.7744140625
443,7836.04345703125
444,4406.607421875
445,9008.9189453125
446,6167.45751953125
447,4913.2900390625
448,8994.9580078125
449,7747.17529296875
450,9471.2861328125
451,5644.490234375
452,6789.24951171875
453,5234.41357421875
454,5270.23388671875
455,15297.9912109375
456,10646.228515625
457,6942.115234375
458,5357.97119140625
459,5208.7705078125
460,6421.14404296875
461,5485.33154296875
462,11286.875
463,4693.52099609375
464,6024.87548828125
465,7542.41162109375
466,4687.16162109375
467,6820.03173828125
468,8165.97509765625
469,7260.29541015625
470,7897.55029296875
471,4358.30615234375
472,5031.77685546875
473,6974.5478515625
474,8921.736328125
475,8801.6318359375
476,7425.96142578125
477,4473.5595703125
478,7465.99951171875
479,6198.4326171875
480,4769.01806640625
481,7116.37548828125
482,7597.5712890625
483,7103.21484375
484,6550.1650390625
485,6156.2958984375
486,6499.63330078125
487,6125.59765625
488,7148.7568359375
489,6175.03125
490,8220.734375
491,10588.1328125
492,6315.06103515625
493,4666.24609375
494,12377.7783203125
495,6315.59423828125
496,3712.917236328125
497,8046.77392578125
498,8869.8330078125
499,11112.7587890625
500,5188.19873046875
501,6257.38232421875
502,5695.4169921875
503,7113.630859375
504,6010.89208984375
505,8381.2490234375
506,3992.400390625
507,5430.50537109375
508,6686.64892578125
509,5649.85693359375
510,5483.439453125
511,7375.12353515625
512,8080.82958984375
513,5939.8681640625
514,8747.748046875
515,7516.24169921875
516,9150.240234375
517,5640.650390625
518,6267.36181640625
519,6884.583984375
520,8603.1357421875
521,7695.3173828125
522,6022.7333984375
523,9131.1103515625
524,7005.01806640625
525,9514.8896484375
526,4353.505859375
527,4385.92724609375
528,9250.98828125
529,6703.296875
530,9395.2080078125
531,6978.322265625
532,5868.12744140625
533,9113.9072265625
534,6796.427734375
535,6975.6826171875
536,7223.427734375
537,6115.779296875
538,9580.1826171875
539,10050.6337890625
540,8273.130859375
541,5051.5341796875
542,6124.2197265625
543,4126.63427734375
544,0.0
545,8288.9423828125
546,5131.861328125
547,8999.7744140625
548,4962.6103515625
549,6212.98095703125
550,6004.1201171875
551,8965.8173828125
552,5498.431640625
553,5689.77099609375
554,5886.142578125
555,7810.79541015625
556,5654.7822265625
557,7461.24267578125
558,7735.580078125
559,8136.53759765625
560,8178.36328125
561,7673.1484375
562,6472.12255859375
563,4846.88525390625
564,5615.3203125
565,10774.0771484375
566,8471.6025390625
567,7092.0947265625
568,15286.91796875
569,6913.326171875
570,5027.3466796875
571,6587.71142578125
572,9123.8212890625
573,10285.3779296875
574,7432.71142578125
575,8763.32421875
576,8503.8193359375
577,9506.4638671875
578,6999.91455078125
579,6265.9189453125
580,5544.7138671875
581,5383.296875
582,4120.1787109375
583,5277.890625
584,8756.97265625
585,16767.55078125
586,7138.29248046875
587,5184.10302734375
588,7669.79833984375
589,5193.4501953125
590,6589.07470703125
591,4288.845703125
592,10025.3017578125
593,7066.9697265625
594,6198.26611328125
595,13944.98046875
596,10960.1015625
597,6159.57763671875
598,6903.595703125
599,4363.22509765625
600,5447.0048828125
601,5702.365234375
602,8562.271484375
603,5418.6904296875
604,4767.42626953125
605,5491.04443359375
606,5522.587890625
607,7125.04931640625
608,7108.29248046875
609,3796.23486328125
610,7548.1259765625
611,8433.9658203125
612,8121.7001953125
613,5249.5458984375
614,4666.2705078125
615,8718.3408203125
616,4207.34765625
617,9705.3779296875
618,4764.1396484375
619,5542.32666015625
620,7259.17333984375
621,5487.72021484375
622,4558.73193359375
623,6200.4921875
624,6553.37548828125
625,9043.72265625
626,9601.41796875
627,6080.20361328125
628,4035.710693359375
629,5885.48583984375
630,6082.24462890625
631,4950.0
632,6428.01513671875
633,6531.98486328125
634,10705.9951171875
635,8033.6796875
636,6736.29736328125
637,7957.36865234375
638,4825.6396484375
639,9229.2666015625
640,6306.529296875
641,13635.4775390625
642,6383.1669921875
643,5532.1328125
644,4975.2119140625
645,4211.3466796875
646,6779.1552734375
647,19418.125
648,4749.4111328125
649,4808.64208984375
650,10281.234375
651,6178.3837890625
652,7226.62109375
653,8332.8525390625
654,6265.6083984375
655,5318.966796875
656,4910.40087890625
657,9813.384765625
658,6088.8173828125
659,7614.26220703125
660,7574.5322265625
661,4874.724609375
662,7390.75048828125
663,6466.51953125
664,3976.756103515625
665,8664.9306640625
666,8875.5166015625
667,4446.87744140625
668,8349.6416015625
669,7471.30517578125
670,4938.48046875
671,8768.841796875
672,7074.81884765625
673,7934.41064453125
674,4838.0244140625
675,5380.220703125
676,6384.01708984375
677,0.0
678,8203.794921875
679,4388.03173828125
680,6473.626953125
681,4862.015625
682,6592.73876953125
683,6232.283203125
684,7073.23388671875
685,7470.9384765625
686,8293.2373046875
687,6214.49560546875
688,7255.05712890625
689,6670.75732421875
690,8286.806640625
691,10439.720703125
692,7295.61181640625
693,3456.15966796875
694,5733.0048828125
695,7664.2314453125
696,4052.837158203125
697,12254.37890625
698,5699.68408203125
699,9267.3876953125
700,9267.3876953125
701,7434.23291015625
702,4773.326171875
703,10324.791015625
704,9621.2587890625
705,5369.7001953125
706,9110.1240234375
707,10070.4423828125
708,6075.033203125
709,5402.0361328125
710,6874.68115234375
711,5307.2216796875
712,5356.353515625
713,7308.75439453125
714,4552.48388671875
715,6627.61474609375
716,7841.35205078125
717,6827.6318359375
718,8058.78515625
719,6031.34814453125
720,6338.14013671875
721,4769.513671875
722,8328.37109375
723,6879.1474609375
724,6364.8564453125
725,6714.8525390625
726,7594.60546875
727,9735.8291015625
728,5722.3369140625
729,5391.9921875
730,6977.591796875
731,7439.33056640625
732,6983.5126953125
733,4521.83154296875
734,4789.06982421875
735,7882.6572265625
736,8100.6474609375
737,6023.52880859375
738,8163.072265625
739,6076.49462890625
740,6777.02587890625
741,5507.91845703125
742,3600.507080078125
743,7915.005859375
744,6565.36669921875
745,6818.234375
746,9406.802734375
747,8385.662109375
748,4872.341796875
749,8766.3115234375
750,4726.84912109375
751,3595.17333984375
752,8142.86572265625
753,11386.7470703125
754,7962.447265625
755,7177.04931640625
756,5117.40283203125
757,6612.04345703125
758,8811.9365234375
759,7080.751953125
760,8797.4912109375
761,5208.03125
762,4954.78173828125
763,5256.97216796875
764,5669.72705078125
765,5591.46484375
766,5034.8974609375
767,5608.50634765625
768,4549.50634765625
769,6301.2822265625
770,7276.541015625
771,5591.7412109375
772,6096.50830078125
773,7284.07275390625
774,6630.19970703125
775,5509.3701171875
776,9676.7470703125
777,6882.60546875
778,5126.20751953125
779,3710.303466796875
780,12137.927734375
781,6678.37744140625
782,5898.98193359375
783,9155.310546875
784,7917.2763671875
785,7755.13330078125
786,6028.8681640625
787,7381.10693359375
788,8771.4736328125
789,13201.7392578125
790,5092.61669921875
791,4963.1708984375
792,5408.29931640625
793,6814.90087890625
794,5788.99609375
795,7627.5146484375
796,8556.03125
797,6186.58056640625
798,4519.6689453125
799,6537.1064453125
800,8533.19921875
801,4991.35595703125
802,7462.6904296875
803,3609.67626953125
804,6919.13818359375
805,7910.2822265625
806,7385.46240234375
807,9070.8984375
808,6530.3291015625
809,4657.2001953125
810,6796.27978515625
811,7380.54345703125
812,9199.9052734375
813,7031.39111328125
814,8918.57421875
815,6330.21728515625
816,4639.44287109375
817,9683.90234375
818,4102.1728515625
819,9498.1181640625
820,6975.83642578125
821,4606.8046875
822,7323.0283203125
823,6126.552734375
824,7603.04638671875
825,8699.0986328125
826,5063.80810546875
827,4778.2431640625
828,8537.09765625
829,9235.826171875
830,8449.9208984375
831,5712.21142578125
832,6629.50439453125
833,6783.9052734375
834,7224.28125
835,5748.3759765625
836,9616.8642578125
837,9266.2431640625
838,9601.369140625
839,4428.84033203125
840,5376.9267578125
841,0.0
842,8511.712890625
843,5291.60498046875
844,10982.4365234375
845,5879.28759765625
846,6345.0771484375
847,5129.849609375
848,5121.18310546875
849,5327.591796875
850,6729.4130859375
851,5097.26025390625
852,4967.52734375
853,9617.7421875
854,7488.40869140625
855,21917.07421875
856,7185.3291015625
857,4564.26123046875
858,8316.4208984375
859,10059.0576171875
860,7282.1435546875
861,7678.85498046875
862,6247.14111328125
863,8421.2919921875
864,8828.0244140625
865,6463.0966796875
866,5803.9677734375
867,6874.61865234375
868,8708.912109375
869,7553.349609375
870,7853.05322265625
871,5920.31005859375
872,4930.17919921875
873,6016.9990234375
874,10321.65234375
875,11057.6865234375
876,9376.046875
877,8567.6689453125
878,5220.35693359375
879,5747.75439453125
880,4810.3291015625
881,8050.45068359375
882,9749.955078125
883,9908.125
884,6347.5517578125
885,6158.96484375
886,4703.71484375
887,6416.62890625
888,11280.044921875
889,6364.9560546875
890,5033.7861328125
891,5491.87353515625
892,8920.083984375
893,3998.869873046875
894,8016.97900390625
895,4568.4990234375
896,6736.92431640625
897,6152.6552734375
898,5789.85888671875
899,7659.09716796875
900,6934.671875
901,5388.1357421875
902,7091.86083984375
903,7226.93798828125
904,11382.9755859375
905,5503.35693359375
906,9340.5693359375
907,8809.3037109375
908,9687.083984375
909,7008.037109375
910,9780.2265625
911,5065.126953125
912,4943.0
913,6860.93212890625
914,6239.3515625
915,9524.228515625
916,8077.83203125
917,6334.310546875
918,7664.17431640625
919,6949.45947265625
920,10292.5869140625
921,4582.87890625
922,14923.623046875
923,5505.24609375
924,6434.4765625
925,9076.966796875
926,5344.22900390625
927,6678.7158203125
928,6568.51904296875
929,7992.71044921875
930,6347.05126953125
931,5937.12841796875
932,7790.0361328125
933,7822.056640625
934,7617.3544921875
935,5608.9013671875
936,7736.01171875
937,12988.4423828125
938,7476.61669921875
939,5101.9228515625
940,6309.78515625
941,6293.4072265625
942,5982.0693359375
943,7671.61474609375
944,4366.23974609375
945,8758.5732421875
946,7076.3935546875
947,7146.24169921875
948,7920.921875
949,5067.80615234375
950,5783.6875
951,5259.6357421875
952,8536.978515625
953,8932.796875
954,4729.61669921875
955,4891.6025390625
956,6980.07373046875
957,5909.45263671875
958,5864.52001953125
959,7244.23388671875
960,6782.97705078125
961,7988.46435546875
962,6129.14208984375
963,4682.94970703125
964,7381.87744140625
965,7970.6171875
966,8627.005859375
967,8579.46484375
968,8577.2265625
969,6202.16162109375
970,9230.9296875
971,6700.0712890625
972,7675.0546875
973,9370.388671875
974,6229.57177734375
975,11092.8427734375
976,8096.2578125
977,7979.7099609375
978,6151.30712890625
979,7738.72802734375
980,7851.78662109375
981,7067.33203125
982,3845.271728515625
983,6163.76025390625
984,8542.076171875
985,5824.2958984375
986,4625.3359375
987,9268.80859375
988,6663.38037109375
989,5895.43701171875
990,6429.63623046875
991,6223.90966796875
992,8264.9208984375
993,7422.96337890625
994,6927.525390625
995,5764.974609375
996,5409.25537109375
997,6786.82763671875
998,3989.755615234375
999,6103.10888671875
1000,6334.48681640625
1001,9107.7353515625
1002,7627.70458984375
1003,6542.41064453125
1004,12063.673828125
1005,6801.5517578125
1006,5357.3251953125
1007,11425.46484375
1008,7745.00439453125
1009,8547.662109375
1010,7738.75732421875
1011,5721.06787109375
1012,6662.0947265625
1013,5661.4365234375
1014,8673.3134765625
1015,12687.3046875
1016,6596.49560546875
1017,3577.298828125
1018,5733.14794921875
1019,8578.7509765625
1020,8762.958984375
1021,6491.70703125
1022,6758.64697265625
1023,5565.6298828125
1024,5587.2890625
1025,3596.3037109375
1026,5666.5146484375
1027,6366.98388671875
1028,8011.548828125
1029,8117.0732421875
1030,8802.2646484375
1031,8023.86328125
1032,9704.0068359375
1033,7874.2744140625
1034,5181.9287109375
1035,9897.3115234375
1036,11970.59375
1037,5957.08251953125
1038,8063.09619140625
1039,5731.2119140625
1040,7066.22509765625
1041,4267.5390625
1042,7866.22998046875
1043,6003.4228515625
1044,9902.8916015625
1045,7636.68798828125
1046,8857.087890625
1047,8444.064453125
1048,5576.13330078125
1049,9097.353515625
1050,19530.302734375
1051,10673.1484375
1052,6950.7373046875
1053,2749.033203125
1054,6578.20751953125
1055,8734.169921875
1056,5946.22705078125
1057,12720.173828125
1058,19792.685546875
1059,4411.5146484375
1060,5810.66943359375
1061,8333.853515625
1062,5830.173828125
1063,10208.310546875
1064,7272.57861328125
1065,8222.0205078125
1066,5747.71533203125
1067,6942.3974609375
1068,5737.68115234375
1069,7594.9765625
1070,9747.6865234375
1071,7265.37353515625
1072,5934.29931640625
1073,7490.7607421875
1074,5703.03076171875
1075,5806.58154296875
1076,7189.3173828125
1077,5776.44677734375
1078,5899.43212890625
1079,8452.0166015625
1080,6927.68115234375
1081,7733.33154296875
1082,7151.56005859375
1083,7927.27734375
1084,8529.517578125
1085,7450.91064453125
1086,8211.8388671875
1087,6311.40087890625
1088,3753.145751953125
1089,6987.8017578125
1090,7360.74072265625
1091,5270.08154296875
1092,5029.35888671875
1093,8953.255859375
1094,7070.77685546875
1095,9822.419921875
1096,7568.60498046875
1097,5729.671875
1098,5272.73974609375
1099,4816.05517578125
1100,10216.599609375
1101,4993.97021484375
1102,8009.97705078125
1103,15707.7353515625
1104,7632.0419921875
1105,6303.38720703125
1106,5013.73876953125
1107,5264.61572265625
1108,7331.88330078125
1109,4645.0537109375
1110,6074.1015625
1111,11081.44921875
1112,4741.2626953125
1113,18133.150390625
1114,15321.1796875
1115,4702.267578125
1116,7262.66015625
1117,6819.85888671875
1118,7431.69140625
1119,6387.15576171875
1120,11532.0205078125
1121,8364.2060546875
1122,10005.4287109375
1123,5936.8974609375
1124,8354.490234375
1125,6060.791015625
1126,9122.1875
1127,7040.07470703125
1128,6405.57421875
1129,6617.38671875
1130,6314.85498046875
1131,8946.158203125
1132,9854.02734375
1133,6944.4755859375
1134,11212.365234375
1135,6760.7568359375
1136,11328.47265625
1137,5320.64404296875
1138,5539.45361328125
1139,6103.14599609375
1140,11612.22265625
1141,6395.74169921875
1142,7097.8984375
1143,7424.7060546875
1144,8831.265625
1145,5831.021484375
1146,9038.755859375
1147,7366.43115234375
1148,4080.6591796875
1149,13437.791015625
1150,17828.244140625
1151,7640.23193359375
1152,7693.43017578125
1153,9239.5556640625
1154,11494.1298828125
1155,12218.69140625
1156,6329.5009765625
1157,8482.654296875
1158,6258.88818359375
1159,8873.6728515625
1160,4410.16845703125
1161,6767.2373046875
1162,6224.74169921875
1163,5768.20947265625
1164,8226.8671875
1165,6658.74560546875
1166,4883.5166015625
1167,7457.8759765625
1168,3926.12451171875
1169,5227.8701171875
1170,6652.619140625
1171,7426.55029296875
1172,9863.7685546875
1173,8616.775390625
1174,7567.7119140625
1175,6687.99658203125
1176,6626.08349609375
1177,12018.44921875
1178,7702.24853515625
1179,5612.236328125
1180,4766.30517578125
1181,8821.8837890625
1182,4763.099609375
1183,7424.71533203125
1184,3520.017578125
1185,5917.76416015625
1186,8959.83984375
1187,6873.4677734375
1188,6016.21044921875
1189,9190.0302734375
1190,9725.4931640625
1191,13090.0947265625
1192,6532.44091796875
1193,9105.1748046875
1194,3309.4248046875
1195,5402.7421875
1196,6853.40380859375
1197,4492.2138671875
1198,8860.4423828125
1199,5647.509765625
1200,5238.9150390625
1201,9368.47265625
1202,12390.779296875
1203,7080.62060546875
1204,5526.60107421875
1205,5466.08056640625
1206,9766.0869140625
1207,8573.044921875
1208,6700.482421875
1209,6016.67724609375
1210,7482.0341796875
1211,10653.638671875
1212,4866.0888671875
1213,6924.03564453125
1214,8628.1923828125
1215,9179.517578125
1216,13503.16015625
1217,5420.53759765625
1218,15688.939453125
1219,6529.6806640625
1220,5259.03662109375
1221,4160.2216796875
1222,6642.9111328125
1223,5932.84521484375
1224,6053.49755859375
1225,7348.94384765625
1226,5776.3984375
1227,4798.5849609375
1228,7219.12890625
1229,4159.05859375
1230,7147.7490234375
1231,7335.5615234375
1232,7751.8203125
1233,9005.2890625
1234,5136.79052734375
1235,9231.0732421875
1236,6168.9921875
1237,6051.9228515625
1238,5933.76513671875
1239,6151.40771484375
1240,11306.8017578125
1241,7062.9814453125
1242,5245.62109375
1243,8354.646484375
1244,9130.2666015625
1245,7661.32470703125
1246,6433.7861328125
1247,9175.6376953125
1248,5980.83349609375
1249,6958.63232421875
1250,6743.15380859375
1251,8567.3740234375
1252,6565.671875
1253,6953.5439453125
1254,5791.5849609375
1255,5352.50732421875
1256,4568.79736328125
1257,5118.24462890625
1258,8141.5576171875
1259,9112.9951171875
1260,10957.8623046875
1261,12151.6875
1262,8439.6484375
1263,6289.853515625
1264,5443.1259765625
1265,10534.798828125
1266,11094.326171875
1267,8150.6201171875
1268,9280.28125
1269,8421.9951171875
1270,5897.67626953125
1271,4069.1572265625
1272,9451.466796875
1273,7674.60498046875
1274,6899.10546875
1275,6572.64306640625
1276,3494.62255859375
1277,12011.5419921875
1278,6379.61865234375
1279,5947.39404296875
1280,5194.7060546875
1281,5893.33154296875
1282,6919.349609375
1283,9672.7294921875
1284,6102.74365234375
1285,5748.32666015625
1286,4992.22314453125
1287,5199.64306640625
1288,3410.65966796875
1289,7237.4833984375
1290,17567.1171875
1291,4836.46630859375
1292,5942.017578125
1293,7906.78857421875
1294,4914.47802734375
1295,5992.5673828125
1296,5295.93505859375
1297,4271.16796875
1298,7244.85693359375
1299,7665.23681640625
1300,4684.67138671875
1301,9452.22265625
1302,5917.25
1303,5232.9833984375
1304,9122.8818359375
1305,7934.8505859375
1306,9656.68359375
1307,6039.70458984375
1308,7039.599609375
1309,4920.125
1310,5429.26806640625
1311,17708.556640625
1312,10882.828125
1313,6719.37158203125
1314,5902.27685546875
1315,5528.49951171875
1316,6634.17919921875
1317,4763.408203125
1318,9810.134765625
1319,5343.77734375
1320,5819.96337890625
1321,7514.82958984375
1322,4617.82470703125
1323,7122.72705078125
1324,7977.8427734375
1325,7160.3798828125
1326,7121.7099609375
1327,4436.15478515625
1328,5360.39013671875
1329,6863.5673828125
1330,9530.1376953125
1331,8650.4189453125
1332,7250.91845703125
1333,4832.978515625
1334,7620.17236328125
1335,6665.6484375
1336,4899.6025390625
1337,6759.67919921875
1338,7429.15576171875
1339,6769.12939453125
1340,6900.349609375
1341,6585.81591796875
1342,6266.2216796875
1343,6171.84423828125
1344,7225.271484375
1345,5730.58935546875
1346,7544.775390625
1347,10136.8203125
1348,6059.90625
1349,5081.68212890625
1350,12533.5849609375
1351,5831.27880859375
1352,3907.061767578125
1353,7866.580078125
1354,9232.7490234375
1355,11900.3857421875
1356,5326.03564453125
1357,6303.14892578125
1358,6078.705078125
1359,8061.72265625
1360,5914.07666015625
1361,9025.00390625
1362,2910.18896484375
1363,6059.5927734375
1364,6987.3212890625
1365,5966.5244140625
1366,5687.62109375
1367,7657.9765625
1368,8760.6923828125
1369,6336.8974609375
1370,9178.1376953125
1371,7681.3876953125
1372,9385.3759765625
1373,5477.76171875
1374,6726.3193359375
1375,7319.57470703125
1376,8319.3837890625
1377,8273.2822265625
1378,4123.0205078125
1379,9146.4912109375
1380,6724.1396484375
1381,9490.6416015625
1382,4537.03564453125
1383,4345.92431640625
1384,9608.896484375
1385,7296.796875
1386,9945.92578125
1387,6436.0107421875
1388,6011.72607421875
1389,8742.3203125
1390,6844.41162109375
1391,6929.2509765625
1392,7519.890625
1393,6008.0712890625
1394,10034.5576171875
1395,10330.0576171875
1396,8379.455078125
1397,5228.7080078125
1398,6332.02587890625
1399,3685.252197265625
1400,0.0
1401,8391.3671875
1402,5265.0498046875
1403,9345.564453125
1404,4803.24609375
1405,5606.73876953125
1406,5776.47412109375
1407,10789.177734375
1408,5695.369140625
1409,5640.7958984375
1410,6628.44384765625
1411,8044.82666015625
1412,4448.60546875
1413,8099.65576171875
1414,7683.52294921875
1415,9164.0595703125
1416,8253.9443359375
1417,7085.8466796875
1418,5777.0263671875
1419,4898.0830078125
1420,5415.57666015625
1421,11214.8857421875
1422,9132.869140625
1423,7450.9453125
1424,15293.9453125
1425,6870.53662109375
1426,5057.28955078125
1427,6964.958984375
1428,8868.794921875
1429,10520.37109375
1430,7400.1484375
1431,8633.03515625
1432,8799.541015625
1433,10208.896484375
1434,7142.04833984375
1435,6180.45751953125
1436,5358.47216796875
1437,5434.46728515625
1438,4361.95556640625
1439,5459.4990234375
1440,8731.107421875
1441,18445.69921875
1442,7522.24609375
1443,5520.18017578125
1444,8561.5947265625
1445,4902.92578125
1446,6800.2119140625
1447,4389.26513671875
1448,9457.1669921875
1449,7021.1298828125
1450,6264.76220703125
1451,14179.732421875
1452,11435.3837890625
1453,6512.05224609375
1454,7190.6796875
1455,4191.6982421875
1456,6137.42919921875
1457,5816.9912109375
1458,8288.388671875
1459,5494.00048828125
1460,4613.44091796875
1461,6144.90283203125
1462,5390.59326171875
1463,7619.33154296875
1464,7549.3798828125
1465,3475.690673828125
1466,7273.7529296875
1467,8643.482421875
1468,8185.822265625
1469,5690.48779296875
1470,4739.21240234375
1471,8639.2294921875
1472,4556.58740234375
1473,10103.3369140625
1474,4498.40966796875
1475,5341.21923828125
1476,7187.427734375
1477,5805.05224609375
1478,4946.6416015625
1479,6423.84814453125
1480,7232.30078125
1481,9646.22265625
1482,10472.09765625
1483,5903.90380859375
1484,4226.19140625
1485,5932.0771484375
1486,6070.67578125
1487,5052.4013671875
1488,6224.74267578125
1489,6522.06201171875
1490,11039.251953125
1491,8016.5224609375
1492,6346.224609375
1493,8721.90625
1494,5131.5263671875
1495,9153.9716796875
1496,6063.20947265625
1497,14444.384765625
1498,6138.46484375
1499,5682.96337890625
1500,5527.5712890625
1501,4106.17919921875
1502,7211.453125
1503,19751.0703125
1504,5162.44189453125
1505,4648.5615234375
1506,9944.2880859375
1507,6959.74462890625
1508,7498.24755859375
1509,8585.22265625
1510,6552.35693359375
1511,5638.32421875
1512,4666.4755859375
1513,10019.0517578125
1514,6466.55810546875
1515,7712.06591796875
1516,7320.17626953125
1517,5081.25634765625
1518,7492.9677734375
1519,6377.8408203125
1520,4144.74267578125
1521,8951.28515625
1522,8806.9521484375
1523,4888.34716796875
1524,8122.94189453125
1525,6681.64404296875
1526,5016.208984375
1527,8646.947265625
1528,6665.37060546875
1529,7649.0087890625
1530,4623.130859375
1531,5144.158203125
1532,7500.1279296875
1533,0.0
1534,8154.0673828125
1535,4976.162109375
1536,6616.52685546875
1537,4869.13623046875
1538,6594.796875
1539,6660.9794921875
1540,7164.1328125
1541,7372.83544921875
1542,8200.6083984375
1543,6255.4033203125
1544,7995.26513671875
1545,7294.09765625
1546,10258.724609375
1547,10197.009765625
1548,7192.92578125
1549,3668.2880859375
1550,5930.2216796875
1551,7748.33154296875
1552,4662.4345703125
1553,11875.6875
1554,5958.53076171875
1555,9810.38671875
1556,9810.38671875
1557,7319.31982421875
1558,5008.59326171875
1559,9874.4755859375
1560,9959.2109375
1561,5636.56591796875
1562,9527.7900390625
1563,9892.8154296875
1564,5777.36669921875
1565,6366.2861328125
1566,7059.01220703125
1567,6138.66162109375
1568,5527.61279296875
1569,7147.1572265625
1570,4894.89697265625
1571,7196.0517578125
1572,7850.79638671875
1573,7125.5791015625
1574,8983.8955078125
1575,6125.7880859375
1576,7192.60546875
1577,4416.4052734375
1578,8100.60205078125
1579,7072.91943359375
1580,6088.5244140625
1581,7290.0771484375
1582,7544.06591796875
1583,9959.7705078125
1584,5881.7138671875
1585,5661.6123046875
1586,6728.86572265625
1587,7570.08740234375
1588,7079.615234375
1589,4711.03271484375
1590,4740.908203125
1591,8745.708984375
1592,7687.60205078125
1593,6250.85107421875
1594,8458.666015625
1595,5943.2314453125
1596,7517.45068359375
1597,5395.12109375
1598,3646.822998046875
1599,7755.23681640625
1600,6684.482421875
1601,7009.13134765625
1602,9546.8564453125
1603,10199.0751953125
1604,5133.6904296875
1605,7995.03271484375
1606,5017.16015625
1607,3501.137451171875
1608,8348.0439453125
1609,12238.029296875
1610,7571.2509765625
1611,7537.5205078125
1612,4953.23193359375
1613,7014.1455078125
1614,9418.0234375
1615,7296.67431640625
1616,8693.65625
1617,5342.37451171875
1618,4965.57861328125
1619,5252.72021484375
1620,5675.3583984375
1621,6004.3544921875
1622,5530.8310546875
1623,5591.65380859375
1624,4516.59912109375
1625,7057.6611328125
1626,7563.81005859375
1627,5783.697265625
1628,6272.888671875
1629,7681.0654296875
1630,6822.71240234375
1631,5453.162109375
1632,9596.8505859375
1633,7576.29443359375
1634,5050.7041015625
1635,3901.790283203125
1636,13581.29296875
1637,6439.2890625
1638,6194.37890625
1639,9318.2333984375
1640,8898.4853515625
1641,7860.97705078125
1642,5971.1416015625
1643,7678.869140625
1644,9038.970703125
1645,15273.771484375
1646,5557.9404296875
1647,5128.51220703125
1648,5308.06494140625
1649,6792.5380859375
1650,5596.83154296875
1651,8635.6611328125
1652,8509.7548828125
1653,6259.611328125
1654,4470.3291015625
1655,6105.46240234375
1656,8058.08447265625
1657,5239.10986328125
1658,7801.341796875
1659,4022.0712890625
1660,7138.0576171875
1661,8381.0888671875
1662,7641.65087890625
1663,9655.3837890625
1664,6847.08740234375
1665,4750.7099609375
1666,6487.62744140625
1667,7692.24658203125
1668,9261.5478515625
1669,7183.6474609375
1670,8782.2109375
1671,6609.55078125
1672,4695.712890625
1673,10234.740234375
1674,4059.73095703125
1675,9447.935546875
1676,6794.91845703125
1677,5208.9462890625
1678,7751.90478515625
1679,6051.6669921875
1680,7816.015625
1681,9163.3203125
1682,5457.77392578125
1683,4759.775390625
1684,8938.4501953125
1685,9771.271484375
1686,9222.7626953125
1687,6310.41455078125
1688,6319.24462890625
1689,6903.53759765625
1690,7387.185546875
1691,5976.95703125
1692,9536.74609375
1693,9181.6748046875
1694,10337.3134765625
1695,4972.00732421875
1696,6282.80712890625
1697,0.0
1698,8170.75439453125
1699,5479.73974609375
1700,11005.9521484375
1701,6198.36328125
1702,6395.796875
1703,4939.54541015625
1704,5566.96484375
1705,5656.36669921875
1706,7131.74267578125
1707,5238.68798828125
1708,5389.7568359375
1709,9757.8388671875
1710,7166.5087890625
1711,22453.8671875
1712,6939.38037109375
1713,4802.99169921875
1714,9524.4755859375
1715,11666.3623046875
1716,8198.7783203125
1717,8470.9267578125
1718,6876.814453125
1719,8705.0615234375
1720,9985.689453125
1721,6027.50830078125
1722,6736.45263671875
1723,7437.08349609375
1724,9431.3046875
1725,8531.7021484375
1726,9040.82421875
1727,7510.44384765625
1728,5518.00244140625
1729,6698.13916015625
1730,11090.1904296875
1731,11562.8740234375
1732,11598.7294921875
1733,9226.4521484375
1734,5892.458984375
1735,6182.5966796875
1736,5089.1044921875
1737,8931.8173828125
1738,11748.986328125
1739,10551.6806640625
1740,7355.7724609375
1741,6535.60546875
1742,5123.18212890625
1743,7045.18505859375
1744,12099.7939453125
1745,7254.2587890625
1746,5564.71728515625
1747,6292.1416015625
1748,8807.2607421875
1749,4188.32470703125
1750,8689.619140625
1751,5007.953125
1752,7709.8125
1753,6879.744140625
1754,6313.64697265625
1755,8217.9990234375
1756,7793.2822265625
1757,5654.30322265625
1758,8312.9140625
1759,7422.9287109375
1760,12247.4521484375
1761,6205.0009765625
1762,10016.9892578125
1763,8413.9482421875
1764,10352.736328125
1765,7847.63037109375
1766,11014.1572265625
1767,6230.18798828125
1768,6212.3916015625
1769,7138.587890625
1770,6581.01318359375
1771,10420.3974609375
1772,8751.513671875
1773,7125.18603515625
1774,8483.9951171875
1775,7676.0625
1776,11248.4326171875
1777,5172.1279296875
1778,15125.515625
1779,5767.9365234375
1780,7169.06689453125
1781,9598.1552734375
1782,5961.61572265625
1783,7193.77783203125
1784,7585.76220703125
1785,8816.8212890625
1786,7072.83056640625
1787,6728.0390625
1788,8155.7060546875
1789,8704.73828125
1790,8386.8583984375
1791,6284.98828125
1792,8390.0615234375
1793,13658.724609375
1794,8312.9248046875
1795,5259.69775390625
1796,7222.42529296875
1797,6554.1875
1798,6461.7548828125
1799,8349.8798828125
1800,4883.5654296875
1801,9550.8125
1802,7750.6669921875
1803,7942.26708984375
1804,8417.111328125
1805,5451.4638671875
1806,6515.92236328125
1807,6160.69482421875
1808,9498.4013671875
1809,10181.1494140625
1810,5576.07421875
1811,5310.0556640625
1812,7672.50390625
1813,6733.318359375
1814,6500.2724609375
1815,8234.7529296875
1816,7634.83935546875
1817,8837.08203125
1818,7001.21630859375
1819,5144.98779296875
1820,8125.00439453125
1821,8977.8876953125
1822,9909.9912109375
1823,9224.9501953125
1824,8990.255859375
1825,7253.9033203125
1826,9654.685546875
1827,7211.6591796875
1828,8895.9990234375
1829,10319.6904296875
1830,7370.75439453125
1831,12536.9609375
1832,8555.755859375
1833,8838.314453125
1834,6907.4775390625
1835,8417.107421875
1836,8910.62109375
1837,8649.126953125
1838,4792.23486328125
1839,6476.7998046875
1840,9187.8779296875
1841,6322.0654296875
1842,5001.4521484375
1843,10335.724609375
1844,7275.1259765625
1845,6819.5322265625
1846,6840.06787109375
1847,6670.17529296875
1848,9387.1552734375
1849,8011.8603515625
1850,8306.060546875
1851,6434.6708984375
1852,6211.07177734375
1853,7590.25439453125
1854,4712.2470703125
1855,8222.0712890625
1856,7537.5087890625
1857,9758.0732421875
1858,8402.421875
1859,7298.84619140625
1860,13064.1240234375
1861,6892.24072265625
1862,6015.7470703125
1863,12339.8291015625
1864,7788.1259765625
1865,9516.0146484375
1866,8314.7958984375
1867,6145.3310546875
1868,7308.04150390625
1869,6614.84912109375
1870,10063.9814453125
1871,13662.099609375
1872,7124.55224609375
1873,4147.193359375
1874,5304.994140625
1875,9238.6025390625
1876,9531.513671875
1877,7949.28955078125
1878,8269.05859375
1879,5543.32568359375
1880,7593.3115234375
1881,3904.59619140625
1882,6272.68017578125
1883,6959.39306640625
1884,8599.09375
1885,8684.958984375
1886,10180.263671875
1887,8248.8525390625
1888,9884.181640625
1889,8400.421875
1890,5309.68359375
1891,10915.81640625
1892,13069.818359375
1893,7321.90283203125
1894,9257.146484375
1895,5978.7607421875
1896,7703.67138671875
1897,5231.46826171875
1898,9453.271484375
1899,6787.330078125
1900,10821.615234375
1901,8404.19921875
1902,9669.0556640625
1903,9465.18359375
1904,6152.23779296875
1905,10289.5703125
1906,21124.2734375
1907,12430.41796875
1908,7984.68798828125
1909,3381.15380859375
1910,6946.06982421875
1911,9998.0947265625
1912,6815.38037109375
1913,13040.5927734375
1914,19671.240234375
1915,5083.8916015625
1916,6552.453125
1917,9140.7216796875
1918,5958.15283203125
1919,11263.130859375
1920,8723.0546875
1921,9091.0146484375
1922,6692.109375
1923,7733.43408203125
1924,7756.623046875
1925,8316.525390625
1926,10762.7578125
1927,7291.24658203125
1928,6275.99267578125
1929,8225.7431640625
1930,6728.59033203125
1931,6139.5576171875
1932,8439.451171875
1933,6320.79443359375
1934,6418.2255859375
1935,9725.833984375
1936,8062.9296875
1937,8363.806640625
1938,8092.73681640625
1939,8862.4150390625
1940,9745.302734375
1941,7478.92529296875
1942,9471.796875
1943,6678.65771484375
1944,4665.0732421875
1945,7923.158203125
1946,8272.0947265625
1947,5689.9716796875
1948,5863.48828125
1949,11260.716796875
1950,8987.53125
1951,10429.1357421875
1952,8486.0224609375
1953,6820.13671875
1954,6288.603515625
1955,5080.13671875
1956,11674.31640625
1957,6172.8896484375
1958,8273.67578125
1959,17735.33984375
1960,8277.056640625
1961,7616.123046875
1962,5775.7412109375
1963,5975.837890625
1964,8610.09765625
1965,5301.060546875
1966,6821.263671875
1967,12224.7734375
1968,5708.0732421875
1969,18431.650390625
1970,17097.359375
1971,5002.46337890625
1972,8899.5107421875
1973,7720.7041015625
1974,8179.287109375
1975,7070.7158203125
1976,12338.9990234375
1977,9100.37890625
1978,11931.349609375
1979,7388.89990234375
1980,8809.427734375
1981,7323.552734375
1982,10214.01953125
1983,8222.6396484375
1984,7287.47021484375
1985,7306.4638671875
1986,6825.033203125
1987,9388.6259765625
1988,10612.0927734375
1989,8064.35498046875
1990,11912.865234375
1991,6860.41552734375
1992,11518.9287109375
1993,6194.06494140625
1994,6662.662109375
1995,6547.85400390625
1996,13053.763671875
1997,6869.21630859375
1998,8913.3759765625
1999,8040.4873046875
2000,9213.322265625
2001,6787.958984375
2002,10960.6416015625
2003,8178.28662109375
2004,4725.68505859375
2005,14510.21875
2006,18078.89453125
2007,8482.3720703125
2008,8277.1640625
2009,10815.490234375
2010,12518.5244140625
2011,13743.0458984375
2012,7626.20068359375
2013,9358.2568359375
2014,6846.9599609375
2015,9667.4853515625
2016,5113.34423828125
2017,7850.83154296875
2018,6752.01318359375
2019,7067.4931640625
2020,9082.5947265625
2021,7292.53662109375
2022,6116.9130859375
2023,8145.23779296875
2024,4889.4541015625
2025,6524.001953125
2026,7729.2685546875
2027,8329.8916015625
2028,10602.6728515625
2029,9637.693359375
2030,8493.158203125
2031,7165.08837890625
2032,7047.37158203125
2033,13035.408203125
2034,8601.79296875
2035,6505.18701171875
2036,5712.1767578125
2037,9461.3154296875
2038,5401.3193359375
2039,8322.203125
2040,4150.10546875
2041,6446.8671875
2042,11912.2607421875
2043,7533.05078125
2044,6484.2529296875
2045,9580.7431640625
2046,10301.6552734375
2047,13856.744140625
2048,7171.67041015625
2049,10046.892578125
2050,3675.4609375
2051,6795.10595703125
2052,7469.29931640625
2053,5875.03173828125
2054,8896.283203125
2055,7201.11181640625
2056,5931.3837890625
2057,10071.4677734375
2058,14451.76953125
2059,8107.6630859375
2060,6563.203125
2061,6898.01708984375
2062,9598.9716796875
2063,8530.44140625
2064,7354.6650390625
2065,6660.63623046875
2066,8037.6650390625
2067,12639.50390625
2068,5340.103515625
2069,7648.5400390625
2070,9203.435546875
2071,9968.6669921875
2072,15231.8876953125
2073,6169.80029296875
2074,16520.126953125
2075,7844.43408203125
2076,6013.19775390625
2077,4811.140625
2078,7669.0751953125
2079,7421.28173828125
2080,6918.8525390625
2081,7119.6611328125
2082,6764.1484375
2083,5440.6025390625
2084,7762.28857421875
2085,4678.8359375
2086,8190.77587890625
2087,8582.7939453125
2088,9109.267578125
2089,10382.837890625
2090,6569.06005859375
2091,10286.4501953125
2092,6878.6572265625
2093,6924.98095703125
2094,6587.00634765625
2095,6065.14208984375
2096,12386.38671875
2097,7704.21533203125
2098,6688.8310546875
2099,8873.267578125
2100,10484.349609375
2101,8719.5263671875
2102,7745.5361328125
2103,9679.8505859375
2104,6473.96728515625
2105,6753.8359375
2106,7757.15771484375
2107,9144.06640625
2108,8497.388671875
2109,7883.443359375
2110,6439.15478515625
2111,6030.18994140625
2112,5252.06298828125
2113,6017.4248046875
2114,9003.1875
2115,9763.9716796875
2116,11416.43359375
2117,13318.4599609375
2118,9009.7978515625
2119,6937.12451171875
2120,6011.81494140625
2121,11299.0986328125
2122,11979.794921875
2123,9587.376953125
2124,10061.677734375
2125,10225.9072265625
2126,6583.224609375
2127,4755.6796875
2128,10247.578125
2129,8053.642578125
2130,7704.876953125
2131,7318.61669921875
2132,4016.814208984375
2133,12772.916015625
2134,6922.10791015625
2135,6782.5634765625
2136,5954.63623046875
2137,6119.2890625
2138,7934.69873046875
2139,11085.8056640625
2140,6643.6044921875
2141,6284.11572265625
2142,6065.82666015625
2143,5070.58544921875
2144,3960.03662109375
2145,7870.71337890625
2146,18775.759765625
2147,5585.525390625
2148,6302.2578125
2149,8023.1142578125
2150,5803.14208984375
2151,6800.12451171875
2152,5535.7763671875
2153,4787.8837890625
2154,8119.70703125
2155,8315.7646484375
2156,5411.8125
2157,10294.4326171875
2158,7516.5283203125
2159,6009.72265625
2160,9603.927734375
2161,8981.9091796875
2162,10501.423828125
2163,7097.11328125
2164,8138.12353515625
2165,6095.908203125
2166,5935.99365234375
2167,17398.142578125
2168,11726.79296875
2169,6984.3671875
2170,6348.5283203125
2171,5401.1943359375
2172,7315.18994140625
2173,5461.50634765625
2174,10586.3388671875
2175,6010.14892578125
2176,6725.46240234375
2177,8079.255859375
2178,5691.40283203125
2179,8287.2294921875
2180,9525.890625
2181,8194.447265625
2182,8744.47265625
2183,5310.4755859375
2184,6366.20556640625
2185,7727.30224609375
2186,10730.703125
2187,10112.0849609375
2188,7796.513671875
2189,5580.75341796875
2190,8260.546875
2191,7272.6533203125
2192,5184.42578125
2193,8044.59130859375
2194,8333.935546875
2195,8117.16943359375
2196,7547.2255859375
2197,7353.11279296875
2198,6928.67236328125
2199,7051.26513671875
2200,7955.1943359375
2201,7206.6953125
2202,9184.7392578125
2203,11548.6845703125
2204,6681.525390625
2205,5840.62158203125
2206,13354.9150390625
2207,6801.6015625
2208,4490.65478515625
2209,9245.9580078125
2210,10302.609375
2211,13631.091796875
2212,5895.96728515625
2213,7029.3447265625
2214,7032.05126953125
2215,8494.9560546875
2216,7230.99951171875
2217,9801.6220703125
2218,3808.07373046875
2219,6739.95556640625
2220,7479.93359375
2221,6853.68896484375
2222,6614.6025390625
2223,8373.3642578125
2224,10252.2763671875
2225,7005.0849609375
2226,10566.0380859375
2227,8995.0458984375
2228,10129.15234375
2229,5989.8056640625
2230,7647.5546875
2231,9047.1015625
2232,9279.37890625
2233,8792.8525390625
2234,4952.537109375
2235,9458.0419921875
2236,8000.40625
2237,10529.791015625
2238,5426.6220703125
2239,4849.080078125
2240,10549.4228515625
2241,8214.033203125
2242,10518.62890625
2243,7491.7529296875
2244,6869.9609375
2245,9714.6259765625
2246,8302.3798828125
2247,8496.3427734375
2248,8302.9873046875
2249,6904.35693359375
2250,10185.7578125
2251,11067.8427734375
2252,9564.18359375
2253,5756.8671875
2254,7273.83447265625
2255,4599.20947265625
2256,0.0
2257,9475.98828125
2258,5703.8115234375
2259,10776.5048828125
2260,5736.103515625
2261,6794.8369140625
2262,6974.85302734375
2263,10829.7900390625
2264,6227.49609375
2265,6170.6611328125
2266,7300.126953125
2267,9078.9970703125
2268,6166.66845703125
2269,8252.5908203125
2270,8195.3173828125
2271,9160.048828125
2272,8523.904296875
2273,7654.28271484375
2274,6367.96826171875
2275,5711.376953125
2276,6164.46240234375
2277,13048.279296875
2278,9673.595703125
2279,7711.8046875
2280,15689.548828125
2281,7995.37060546875
2282,6116.20166015625
2283,8102.66845703125
2284,9771.509765625
2285,11683.6787109375
2286,8152.34326171875
2287,9786.17578125
2288,9365.166015625
2289,11243.4384765625
2290,7576.61181640625
2291,6828.15673828125
2292,6661.01220703125
2293,6089.34912109375
2294,4856.74755859375
2295,5982.55322265625
2296,9458.2919921875
2297,18657.7109375
2298,8227.3095703125
2299,6078.3818359375
2300,9135.8984375
2301,5463.0517578125
2302,6931.72119140625
2303,4773.59130859375
2304,10966.765625
2305,7386.76611328125
2306,7222.94384765625
2307,15259.9814453125
2308,11526.6591796875
2309,7196.4697265625
2310,8071.69287109375
2311,4719.19287109375
2312,6320.72705078125
2313,6328.5771484375
2314,8999.0517578125
2315,6576.845703125
2316,5391.9716796875
2317,7170.91650390625
2318,6222.40869140625
2319,8543.5126953125
2320,8031.77099609375
2321,4103.53466796875
2322,7936.1982421875
2323,9810.240234375
2324,9355.5732421875
2325,6585.83447265625
2326,5594.455078125
2327,9864.2705078125
2328,5544.728515625
2329,10972.03125
2330,5142.392578125
2331,5605.9111328125
2332,8056.32080078125
2333,6741.390625
2334,5628.732421875
2335,6847.73193359375
2336,8143.67236328125
2337,10532.5341796875
2338,11612.607421875
2339,6449.74169921875
2340,4557.4521484375
2341,6564.67236328125
2342,6826.5390625
2343,6005.27392578125
2344,7484.59765625
2345,6960.09033203125
2346,12005.8994140625
2347,9519.87109375
2348,7265.35595703125
2349,9107.6904296875
2350,6190.4921875
2351,10128.83984375
2352,7150.689453125
2353,15849.6982421875
2354,7506.6943359375
2355,6396.92822265625
2356,6298.478515625
2357,5036.13232421875
2358,7981.12109375
2359,22177.2109375
2360,5619.11572265625
2361,5595.60302734375
2362,12612.705078125
2363,7665.9091796875
2364,8756.603515625
2365,9368.3984375
2366,7572.615234375
2367,6123.5380859375
2368,5761.89697265625
2369,10994.5908203125
2370,7512.08056640625
2371,8571.9208984375
2372,8536.51953125
2373,6118.7744140625
2374,8628.3828125
2375,7663.47216796875
2376,4305.61181640625
2377,10610.0146484375
2378,10251.4375
2379,5295.36767578125
2380,8799.4931640625
2381,7568.21728515625
2382,5530.20751953125
2383,9632.2265625
2384,7197.908203125
2385,8335.19140625
2386,5255.73876953125
2387,5754.052734375
2388,7611.31005859375
2389,0.0
2390,9109.689453125
2391,5419.287109375
2392,7503.33544921875
2393,5853.20556640625
2394,7402.20556640625
2395,7024.39990234375
2396,8182.97021484375
2397,8785.5810546875
2398,9128.2119140625
2399,7061.1162109375
2400,8110.77197265625
2401,7520.4091796875
2402,10345.7138671875
2403,10815.5126953125
2404,7664.07470703125
2405,4261.81787109375
2406,7482.06396484375
2407,8826.0703125
2408,5018.4150390625
2409,12323.583984375
2410,6239.6630859375
2411,10890.0439453125
2412,10890.0439453125
2413,8139.34375
2414,5595.3466796875
2415,12417.4375
2416,10957.6455078125
2417,6177.5908203125
2418,11025.23046875
2419,12205.705078125
2420,6263.755859375
2421,7329.37939453125
2422,8003.8076171875
2423,6667.775390625
2424,6157.66650390625
2425,7856.701171875
2426,5429.6142578125
2427,8026.83056640625
2428,8390.814453125
2429,7744.890625
2430,9650.6279296875
2431,6881.52001953125
2432,7859.1982421875
2433,5099.47265625
2434,9133.4453125
2435,8508.9384765625
2436,6970.47607421875
2437,7811.0166015625
2438,8516.626953125
2439,11146.77734375
2440,6687.75244140625
2441,6476.52734375
2442,7803.55322265625
2443,7916.8828125
2444,7984.31005859375
2445,5129.73388671875
2446,5662.3349609375
2447,8674.76171875
2448,7903.70751953125
2449,7320.79443359375
2450,9436.748046875
2451,6459.18701171875
2452,7910.4404296875
2453,6044.93310546875
2454,4389.9951171875
2455,9096.9501953125
2456,7502.7548828125
2457,8845.6552734375
2458,10470.9697265625
2459,10241.7978515625
2460,5637.439453125
2461,9086.3701171875
2462,5115.52783203125
2463,4202.818359375
2464,8895.03125
2465,13344.7451171875
2466,9268.9931640625
2467,8362.1318359375
2468,6084.4814453125
2469,8056.31982421875
2470,10128.3310546875
2471,8097.02685546875
2472,10000.21875
2473,5657.755859375
2474,5414.94482421875
2475,6634.2763671875
2476,6122.443359375
2477,6640.07861328125
2478,6357.08642578125
2479,6425.0234375
2480,5169.2822265625
2481,8198.2861328125
2482,9212.3447265625
2483,6849.892578125
2484,7355.4296875
2485,8200.8076171875
2486,7201.12744140625
2487,6674.09619140625
2488,9521.3134765625
2489,8628.6015625
2490,5378.3046875
2491,4426.45166015625
2492,15603.4189453125
2493,7340.49658203125
2494,7006.9931640625
2495,10096.0048828125
2496,9235.8056640625
2497,8858.435546875
2498,6946.0712890625
2499,8312.7490234375
2500,11372.94921875
2501,15992.2861328125
2502,6539.6630859375
2503,5977.78076171875
2504,5442.734375
2505,7145.8203125
2506,6473.68017578125
2507,8990.66015625
2508,9747.9013671875
2509,7190.89697265625
2510,5361.00048828125
2511,7505.29638671875
2512,8946.2783203125
2513,5918.23876953125
2514,8131.189453125
2515,4910.759765625
2516,8177.6904296875
2517,9204.1875
2518,8584.9677734375
2519,10877.025390625
2520,7498.9033203125
2521,5405.4013671875
2522,6918.14599609375
2523,9534.1884765625
2524,10171.1650390625
2525,7984.24658203125
2526,9632.529296875
2527,7608.85400390625
2528,5386.96923828125
2529,11060.3505859375
2530,5298.060546875
2531,10803.19921875
2532,7518.96240234375
2533,5787.10546875
2534,8613.96875
2535,6867.20263671875
2536,9436.546875
2537,10091.0009765625
2538,5961.17578125
2539,5558.154296875
2540,9864.23828125
2541,11042.0927734375
2542,10376.1240234375
2543,6900.45263671875
2544,7035.3359375
2545,8163.8935546875
2546,8034.52783203125
2547,6809.94140625
2548,10861.509765625
2549,9762.6162109375
2550,11046.408203125
2551,5872.19775390625
2552,6965.23291015625
2553,0.0
2554,9045.48046875
2555,6880.728515625
2556,12445.375
2557,6798.86376953125
2558,7722.78515625
2559,6479.7802734375
2560,6086.3125
2561,6350.10498046875
2562,8515.564453125
2563,6321.7763671875
2564,6347.98291015625
2565,10921.720703125
2566,6701.3291015625
2567,22899.349609375
2568,7889.29638671875
2569,5130.982421875
2570,10185.87890625
2571,12640.78125
2572,9324.3056640625
2573,10833.0888671875
2574,7718.9326171875
2575,10123.6708984375
2576,10622.76953125
2577,8728.19140625
2578,7882.72705078125
2579,9075.2421875
2580,11059.9853515625
2581,9812.52734375
2582,10098.08984375
2583,8619.7001953125
2584,6664.5634765625
2585,8292.8134765625
2586,13814.96875
2587,13577.236328125
2588,12297.521484375
2589,12476.99609375
2590,6794.0224609375
2591,7523.66552734375
2592,5839.37646484375
2593,10516.677734375
2594,13922.677734375
2595,12215.8046875
2596,9148.8916015625
2597,8714.39453125
2598,4896.62841796875
2599,8335.7880859375
2600,14263.41015625
2601,8963.03515625
2602,7033.2900390625
2603,8434.11328125
2604,10057.806640625
2605,5301.54248046875
2606,10308.2490234375
2607,6641.7705078125
2608,10084.1396484375
2609,10193.8701171875
2610,7411.69921875
2611,9534.4541015625
2612,10455.5859375
2613,6925.91552734375
2614,9618.8955078125
2615,9493.38671875
2616,15276.59375
2617,7982.26123046875
2618,11870.568359375
2619,8976.3642578125
2620,12057.013671875
2621,10102.33203125
2622,13445.203125
2623,7708.33056640625
2624,7019.7705078125
2625,8916.51953125
2626,8100.7705078125
2627,13304.84765625
2628,10838.9306640625
2629,8803.4990234375
2630,10684.8857421875
2631,8053.32275390625
2632,13249.5146484375
2633,6187.119140625
2634,18557.146484375
2635,6757.986328125
2636,7975.5908203125
2637,11610.7001953125
2638,7150.06982421875
2639,9690.84375
2640,8561.0517578125
2641,11614.3173828125
2642,8086.2724609375
2643,6958.5390625
2644,9900.046875
2645,10264.720703125
2646,10329.5791015625
2647,7782.3505859375
2648,10003.51171875
2649,16321.9736328125
2650,9769.2744140625
2651,6588.24853515625
2652,8946.947265625
2653,7517.96533203125
2654,8103.65380859375
2655,10249.958984375
2656,5977.69873046875
2657,13140.0634765625
2658,9098.923828125
2659,10416.548828125
2660,10201.2783203125
2661,5893.87255859375
2662,8593.5390625
2663,7573.4140625
2664,11651.3466796875
2665,11472.7783203125
2666,6307.71337890625
2667,7100.95849609375
2668,9669.27734375
2669,7908.4345703125
2670,8398.203125
2671,9986.3935546875
2672,9090.8740234375
2673,9967.5859375
2674,7634.8017578125
2675,6380.8427734375
2676,10790.962890625
2677,11295.658203125
2678,11199.2119140625
2679,12228.5576171875
2680,11985.572265625
2681,8223.419921875
2682,12628.0673828125
2683,8970.197265625
2684,10834.4453125
2685,13424.1923828125
2686,8911.7802734375
2687,14647.4521484375
2688,10120.6708984375
2689,11336.3447265625
2690,8230.125
2691,9742.8115234375
2692,11496.9453125
2693,9757.5791015625
2694,5250.02978515625
2695,7562.68701171875
2696,11612.7001953125
2697,7370.4619140625
2698,6139.56005859375
2699,13529.9345703125
2700,7789.2275390625
2701,7550.55810546875
2702,7989.79345703125
2703,8355.3662109375
2704,10931.82421875
2705,9976.482421875
2706,10582.787109375
2707,7993.015625
2708,7515.123046875
2709,9820.548828125
2710,5137.68017578125
2711,8972.1279296875
2712,9004.1083984375
2713,11394.5546875
2714,9361.7607421875
2715,8274.5341796875
2716,14703.3544921875
2717,7949.77978515625
2718,7673.5361328125
2719,14206.408203125
2720,9303.4931640625
2721,12673.8876953125
2722,9504.650390625
2723,7339.70458984375
2724,8742.3154296875
2725,7331.279296875
2726,11572.1044921875
2727,17636.685546875
2728,8527.7587890625
2729,5095.96044921875
2730,6291.79931640625
2731,10482.5009765625
2732,11815.9638671875
2733,9683.03125
2734,9219.8603515625
2735,6410.23486328125
2736,7231.50634765625
2737,4512.48828125
2738,7131.70947265625
2739,8037.95751953125
2740,10961.0751953125
2741,10125.8505859375
2742,12076.0478515625
2743,11055.697265625
2744,12112.4716796875
2745,10186.90234375
2746,7692.88427734375
2747,12334.498046875
2748,17476.353515625
2749,8995.9921875
2750,10270.390625
2751,8006.953125
2752,9194.03515625
2753,7069.99853515625
2754,10515.064453125
2755,9085.7685546875
2756,12099.0029296875
2757,9576.22265625
2758,12124.3251953125
2759,11065.447265625
2760,7259.23681640625
2761,13089.359375
2762,23528.521484375
2763,15358.6806640625
2764,9916.72265625
2765,4232.5224609375
2766,8719.59765625
2767,11444.708984375
2768,8151.91015625
2769,13499.27734375
2770,21723.966796875
2771,5843.65673828125
2772,8570.6845703125
2773,10227.8271484375
2774,7311.89794921875
2775,13303.8232421875
2776,10255.5244140625
2777,11779.861328125
2778,6605.013671875
2779,9323.6064453125
2780,8835.7666015625
2781,10091.359375
2782,14765.921875
2783,8491.412109375
2784,7976.28076171875
2785,9298.640625
2786,8045.04296875
2787,7657.70263671875
2788,9658.2060546875
2789,9215.58984375
2790,8316.958984375
2791,11518.2197265625
2792,8598.7841796875
2793,9330.2431640625
2794,9618.2509765625
2795,10886.849609375
2796,12084.033203125
2797,9730.103515625
2798,10156.25390625
2799,7358.3388671875
2800,5202.0947265625
2801,8440.90625
2802,9374.1494140625
2803,8189.4853515625
2804,6397.14013671875
2805,11625.111328125
2806,10863.7626953125
2807,13016.953125
2808,9563.2236328125
2809,8457.5341796875
2810,7491.49755859375
2811,5792.890625
2812,14784.904296875
2813,6998.6806640625
2814,9853.171875
2815,20316.373046875
2816,10036.5927734375
2817,8485.2607421875
2818,6981.8916015625
2819,6530.36083984375
2820,10021.9765625
2821,6004.19384765625
2822,8262.7744140625
2823,13124.216796875
2824,7001.04931640625
2825,21919.91796875
2826,18592.279296875
2827,6087.67529296875
2828,9826.51171875
2829,8052.5498046875
2830,10040.3544921875
2831,7806.80029296875
2832,13902.7060546875
2833,10360.974609375
2834,13169.72265625
2835,8339.5341796875
2836,10157.544921875
2837,8542.125
2838,11598.75390625
2839,10021.494140625
2840,8776.2421875
2841,9033.1845703125
2842,7261.52294921875
2843,12022.71484375
2844,11996.36328125
2845,9681.06640625
2846,15396.1025390625
2847,8324.041015625
2848,13075.76171875
2849,6463.25537109375
2850,7999.5234375
2851,8850.318359375
2852,16825.1875
2853,8703.9423828125
2854,11137.298828125
2855,9833.0146484375
2856,11584.4462890625
2857,8358.951171875
2858,10076.5751953125
2859,9183.4189453125
2860,5593.88427734375
2861,16192.2548828125
2862,21293.111328125
2863,11421.1748046875
2864,10136.1279296875
2865,13158.298828125
2866,15456.5322265625
2867,15642.52734375
2868,8825.234375
2869,12132.00390625
2870,8678.1376953125
2871,11704.2451171875
2872,5358.19189453125
2873,9050.4287109375
2874,7114.95361328125
2875,8474.806640625
2876,10517.787109375
2877,7948.02490234375
2878,7603.97314453125
2879,9666.2890625
2880,6328.09912109375
2881,7172.17724609375
2882,8469.9990234375
2883,10052.509765625
2884,13784.4091796875
2885,12245.2763671875
2886,10228.966796875
2887,9387.734375
2888,8561.755859375
2889,15297.6826171875
2890,9587.486328125
2891,8025.078125
2892,7094.06005859375
2893,11481.6748046875
2894,5501.6884765625
2895,9972.1220703125
2896,4540.5830078125
2897,7395.3916015625
2898,12243.2568359375
2899,9073.208984375
2900,8532.875
2901,12302.748046875
2902,12547.5146484375
2903,15051.8408203125
2904,8209.2470703125
2905,11794.2607421875
2906,4699.36279296875
2907,7907.25146484375
2908,8789.0595703125
2909,6872.21728515625
2910,9597.8505859375
2911,7210.66796875
2912,7451.20751953125
2913,12496.015625
2914,15517.9599609375
2915,10081.9853515625
2916,7473.7451171875
2917,8182.21435546875
2918,11669.7705078125
2919,10080.2607421875
2920,8698.10546875
2921,7984.31884765625
2922,10040.7373046875
2923,14161.62109375
2924,6452.6298828125
2925,9083.61328125
2926,11838.806640625
2927,11959.57421875
2928,16807.015625
2929,7848.8779296875
2930,18217.556640625
2931,10054.9912109375
2932,7255.88232421875
2933,5403.25830078125
2934,8699.9501953125
2935,9258.52734375
2936,8948.2802734375
2937,9266.3525390625
2938,8373.4462890625
2939,6617.5810546875
2940,9138.5390625
2941,6064.81884765625
2942,8923.6123046875
2943,10420.92578125
2944,11331.0517578125
2945,12475.4697265625
2946,8448.4921875
2947,11401.71875
2948,7329.5634765625
2949,7686.23095703125
2950,7955.962890625
2951,7063.81591796875
2952,13680.8505859375
2953,9657.8134765625
2954,7071.46630859375
2955,11211.369140625
2956,13267.818359375
2957,10828.2626953125
2958,9428.9658203125
2959,11670.591796875
2960,7409.75732421875
2961,7234.404296875
2962,9325.0830078125
2963,11071.783203125
2964,8670.2763671875
2965,9648.62109375
2966,9256.787109375
2967,7368.20361328125
2968,6380.48193359375
2969,6159.02587890625
2970,11409.5595703125
2971,11406.55078125
2972,13835.349609375
2973,16170.197265625
2974,10876.7470703125
2975,7973.12890625
2976,6740.5048828125
2977,13017.4716796875
2978,15426.197265625
2979,12441.4501953125
2980,11835.76953125
2981,11132.466796875
2982,7983.99267578125
2983,6046.77587890625
2984,11460.341796875
2985,10450.99609375
2986,10225.0419921875
2987,8549.8076171875
2988,4395.3349609375
2989,16321.490234375
2990,8627.1328125
2991,8122.767578125
2992,6986.11279296875
2993,7643.31640625
2994,8875.955078125
2995,13617.900390625
2996,7954.5068359375
2997,6816.3671875
2998,6644.83837890625
2999,6155.07275390625
3000,4024.16162109375
3001,9146.8388671875
3002,20191.583984375
3003,6183.8388671875
3004,7835.39013671875
3005,9735.1064453125
3006,6441.36181640625
3007,8000.53271484375
3008,6801.66015625
3009,5932.306640625
3010,9825.7138671875
3011,10746.0126953125
3012,5763.1689453125
3013,12555.0732421875
3014,9837.4091796875
3015,7085.34716796875
3016,12028.052734375
3017,11242.3310546875
3018,11791.3076171875
3019,8562.3095703125
3020,9036.4306640625
3021,6604.62646484375
3022,7004.0341796875
3023,19551.986328125
3024,15880.11328125
3025,8601.8154296875
3026,8106.09521484375
3027,7197.72265625
3028,8511.92578125
3029,6124.935546875
3030,12263.54296875
3031,6823.8505859375
3032,6958.12890625
3033,9583.865234375
3034,6519.12451171875
3035,9350.9306640625
3036,9881.4892578125
3037,10445.7109375
3038,11012.7646484375
3039,6634.55615234375
3040,6686.4267578125
3041,10070.0419921875
3042,12233.236328125
3043,10828.142578125
3044,9684.005859375
3045,6437.72021484375
3046,10256.9091796875
3047,7700.52685546875
3048,6715.30517578125
3049,8825.25
3050,10716.3037109375
3051,9601.5703125
3052,9408.4150390625
3053,8696.9833984375
3054,9354.982421875
3055,7978.5751953125
3056,9022.1240234375
3057,8873.06640625
3058,10331.9990234375
3059,13348.78515625
3060,7643.77783203125
3061,6540.40283203125
3062,16495.884765625
3063,7664.65478515625
3064,4357.25634765625
3065,9692.13671875
3066,12810.65625
3067,14555.716796875
3068,6612.73779296875
3069,8843.3310546875
3070,7619.482421875
3071,10017.8974609375
3072,8021.70654296875
3073,12568.9111328125
3074,4696.84619140625
3075,7950.77978515625
3076,9260.44140625
3077,7676.755859375
3078,7627.59814453125
3079,9514.8662109375
3080,11880.1328125
3081,8271.32421875
3082,11220.751953125
3083,10638.03125
3084,13340.4580078125
3085,6970.349609375
3086,8819.94140625
3087,9400.458984375
3088,11034.6337890625
3089,10740.8642578125
3090,5651.6943359375
3091,9859.4912109375
3092,11416.7373046875
3093,11930.576171875
3094,6728.45751953125
3095,5174.97119140625
3096,13873.287109375
3097,9650.4599609375
3098,12397.09765625
3099,9145.2021484375
3100,7813.8046875
3101,12028.1865234375
3102,10156.0654296875
3103,11549.0810546875
3104,9728.7724609375
3105,9134.990234375
3106,11840.119140625
3107,14061.041015625
3108,10255.490234375
3109,7049.20556640625
3110,8356.234375
3111,5770.990234375
3112,0.0
3113,11351.1376953125
3114,7111.2373046875
3115,12510.748046875
3116,6634.6611328125
3117,7656.642578125
3118,8284.54296875
3119,11347.1748046875
3120,7534.96484375
3121,6895.271484375
3122,8187.23681640625
3123,10267.6171875
3124,7753.78125
3125,9548.4306640625
3126,9285.92578125
3127,10231.3349609375
3128,10326.525390625
3129,9303.51171875
3130,7688.60791015625
3131,6193.56494140625
3132,6735.85986328125
3133,16296.265625
3134,11462.90625
3135,9845.0712890625
3136,16402.5078125
3137,8903.02734375
3138,7158.2734375
3139,9433.8193359375
3140,11890.72265625
3141,15490.166015625
3142,9897.609375
3143,11942.9775390625
3144,12430.705078125
3145,12835.1484375
3146,10138.9375
3147,8521.3232421875
3148,8204.5947265625
3149,7797.5869140625
3150,6068.31640625
3151,7953.283203125
3152,12279.71484375
3153,21244.15234375
3154,10078.0517578125
3155,7560.28466796875
3156,10344.794921875
3157,6772.51416015625
3158,9036.7578125
3159,5555.5634765625
3160,12829.775390625
3161,9035.8310546875
3162,9490.7705078125
3163,19520.330078125
3164,12361.376953125
3165,8948.0537109375
3166,9645.8154296875
3167,5674.9267578125
3168,7071.439453125
3169,7530.94775390625
3170,11393.572265625
3171,7656.55126953125
3172,6359.34228515625
3173,7604.8525390625
3174,7314.23583984375
3175,9823.728515625
3176,10469.4384765625
3177,4512.587890625
3178,9851.1513671875
3179,12447.8291015625
3180,11245.1904296875
3181,8703.1865234375
3182,6713.45654296875
3183,11596.2861328125
3184,6280.259765625
3185,13276.28515625
3186,6569.2705078125
3187,7585.8134765625
3188,9794.1357421875
3189,7942.51611328125
3190,6409.29248046875
3191,8822.5546875
3192,10061.0234375
3193,12393.822265625
3194,14311.9814453125
3195,7823.53466796875
3196,5575.01123046875
3197,7581.49072265625
3198,8106.521484375
3199,6726.099609375
3200,9204.4716796875
3201,8605.0810546875
3202,14844.19921875
3203,11335.8896484375
3204,8595.869140625
3205,10180.5205078125
3206,6616.32275390625
3207,12141.8564453125
3208,7623.6435546875
3209,16615.9140625
3210,9120.2841796875
3211,7835.17529296875
3212,8290.779296875
3213,6019.81591796875
3214,9153.6689453125
3215,25880.74609375
3216,6877.19775390625
3217,6366.63916015625
3218,13915.60546875
3219,8382.8818359375
3220,9798.380859375
3221,11203.6484375
3222,9345.3837890625
3223,7992.78466796875
3224,6633.37841796875
3225,12668.9287109375
3226,8932.6640625
3227,9681.2255859375
3228,9863.765625
3229,7005.2529296875
3230,10458.2041015625
3231,8342.74609375
3232,4973.91552734375
3233,11452.8193359375
3234,11392.921875
3235,5964.8681640625
3236,10442.177734375
3237,9004.154296875
3238,7051.38134765625
3239,11493.064453125
3240,8815.783203125
3241,10015.6982421875
3242,6378.66357421875
3243,7062.2509765625
3244,8451.20703125
3245,0.0
3246,10552.5771484375
3247,6328.5673828125
3248,8272.6923828125
3249,6782.630859375
3250,9462.1982421875
3251,7651.8935546875
3252,9485.5029296875
3253,11305.41796875
3254,10745.828125
3255,9344.28125
3256,9321.5712890625
3257,8028.7646484375
3258,12844.0078125
3259,13506.0693359375
3260,9183.8125
3261,4819.0625
3262,7856.63232421875
3263,10962.1689453125
3264,5655.107421875
3265,15054.8046875
3266,8536.25
3267,12200.6455078125
3268,12200.6455078125
3269,8255.7412109375
3270,6952.2978515625
3271,13162.7177734375
3272,13532.955078125
3273,7067.41650390625
3274,11845.6474609375
3275,12671.1748046875
3276,8399.9140625
3277,7318.9482421875
3278,9636.44140625
3279,7605.71875
3280,7568.28515625
3281,9286.4150390625
3282,6636.74169921875
3283,7957.13330078125
3284,10543.568359375
3285,9912.3525390625
3286,12234.8046875
3287,8007.20458984375
3288,9092.552734375
3289,5690.50927734375
3290,10010.5341796875
3291,9753.71484375
3292,8459.2958984375
3293,8944.46484375
3294,10315.857421875
3295,13741.650390625
3296,8220.767578125
3297,7481.56884765625
3298,9373.5693359375
3299,9207.9296875
3300,8983.68359375
3301,6138.1123046875
3302,6533.64013671875
3303,9069.5341796875
3304,8197.1689453125
3305,9062.94140625
3306,11130.828125
3307,7739.30419921875
3308,9692.474609375
3309,7240.021484375
3310,5277.5517578125
3311,11657.76953125
3312,8991.1005859375
3313,10453.958984375
3314,12708.107421875
3315,12021.8740234375
3316,6513.75390625
3317,10482.39453125
3318,5942.10302734375
3319,4776.4501953125
3320,11242.640625
3321,15537.8193359375
3322,10842.6845703125
3323,10603.2392578125
3324,7902.53369140625
3325,10087.5849609375
3326,13148.384765625
3327,9342.177734375
3328,11318.4296875
3329,6581.1484375
3330,6168.61083984375
3331,7553.0693359375
3332,7150.6611328125
3333,7973.9404296875
3334,8558.1640625
3335,8427.73828125
3336,5954.283203125
3337,8908.263671875
3338,10529.3017578125
3339,8667.4716796875
3340,8464.8310546875
3341,9922.1748046875
3342,8442.453125
3343,7386.97314453125
3344,12466.318359375
3345,9953.9375
3346,7924.70947265625
3347,6041.7529296875
3348,18077.25390625
3349,8195.8583984375
3350,8622.9326171875
3351,13032.1474609375
3352,10988.8427734375
3353,11791.02734375
3354,8140.626953125
3355,9395.4501953125
3356,12542.4814453125
3357,20780.958984375
3358,8091.0205078125
3359,7693.83984375
3360,6791.2490234375
3361,8649.20703125
3362,8109.39404296875
3363,8803.7158203125
3364,12540.8134765625
3365,7208.18603515625
3366,6099.119140625
3367,8598.0810546875
3368,10985.134765625
3369,6933.076171875
3370,10200.166015625
3371,5251.28173828125
3372,9205.2265625
3373,9639.626953125
3374,10014.4423828125
3375,12452.0576171875
3376,9620.8330078125
3377,7249.1865234375
3378,8685.7333984375
3379,10102.0947265625
3380,11659.533203125
3381,9484.6474609375
3382,11596.380859375
3383,9183.775390625
3384,6913.97802734375
3385,12231.1533203125
3386,5966.1640625
3387,12609.3193359375
3388,9237.3291015625
3389,7179.9462890625
3390,10584.048828125
3391,8513.30859375
3392,10219.1181640625
3393,11477.80859375
3394,5908.8154296875
3395,6647.537109375
3396,12009.486328125
3397,13297.0244140625
3398,11602.384765625
3399,7784.9443359375
3400,7285.7509765625
3401,10445.0224609375
3402,9701.6298828125
3403,7404.02880859375
3404,13401.146484375
3405,12860.8603515625
3406,12382.673828125
3407,5981.7470703125
3408,7945.6279296875
3409,0.0
3410,11954.2001953125
3411,8182.96826171875
3412,15961.8388671875
3413,8099.35693359375
3414,8933.6708984375
3415,8116.3095703125
3416,8186.89794921875
3417,6766.7744140625
3418,9589.306640625
3419,8144.92724609375
3420,7943.25537109375
3421,15428.02734375
3422,8494.443359375
3423,25578.662109375
3424,10537.078125
3425,0.0
3426,0.0
3427,0.0
3428,0.0
3429,0.0
3430,0.0
3431,0.0
3432,0.0
3433,0.0
3434,0.0
3435,0.0
3436,0.0
3437,0.0
3438,0.0
3439,0.0
3440,0.0
3441,0.0
3442,0.0
3443,0.0
3444,0.0
3445,0.0
3446,0.0
3447,0.0
3448,0.0
3449,0.0
3450,0.0
3451,0.0
3452,0.0
3453,0.0
3454,0.0
3455,0.0
3456,0.0
3457,0.0
3458,0.0
3459,0.0
3460,0.0
3461,0.0
3462,0.0
3463,0.0
3464,0.0
3465,0.0
3466,0.0
3467,0.0
3468,0.0
3469,0.0
3470,0.0
3471,0.0
3472,0.0
3473,0.0
3474,0.0
3475,0.0
3476,0.0
3477,0.0
3478,0.0
3479,0.0
3480,0.0
3481,0.0
3482,0.0
3483,0.0
3484,0.0
3485,0.0
3486,0.0
3487,0.0
3488,0.0
3489,0.0
3490,0.0
3491,0.0
3492,0.0
3493,0.0
3494,0.0
3495,0.0
3496,0.0
3497,0.0
3498,0.0
3499,0.0
3500,0.0
3501,0.0
3502,0.0
3503,0.0
3504,0.0
3505,0.0
3506,0.0
3507,0.0
3508,0.0
3509,0.0
3510,0.0
3511,0.0
3512,0.0
3513,0.0
3514,0.0
3515,0.0
3516,3647.013916015625
3517,0.0
3518,0.0
3519,0.0
3520,0.0
3521,0.0
3522,0.0
3523,0.0
3524,0.0
3525,0.0
3526,0.0
3527,0.0
3528,0.0
3529,0.0
3530,0.0
3531,0.0
3532,0.0
3533,0.0
3534,0.0
3535,0.0
3536,0.0
3537,0.0
3538,0.0
3539,0.0
3540,0.0
3541,0.0
3542,0.0
3543,0.0
3544,0.0
3545,0.0
3546,0.0
3547,0.0
3548,0.0
3549,0.0
3550,0.0
3551,0.0
3552,0.0
3553,0.0
3554,0.0
3555,0.0
3556,0.0
3557,0.0
3558,0.0
3559,0.0
3560,0.0
3561,0.0
3562,0.0
3563,0.0
3564,0.0
3565,0.0
3566,0.0
3567,0.0
3568,0.0
3569,0.0
3570,0.0
3571,0.0
3572,0.0
3573,0.0
3574,0.0
3575,0.0
3576,0.0
3577,0.0
3578,0.0
3579,0.0
3580,0.0
3581,0.0
3582,0.0
3583,0.0
3584,2948.676025390625
3585,0.0
3586,0.0
3587,0.0
3588,0.0
3589,0.0
3590,0.0
3591,0.0
3592,0.0
3593,0.0
3594,0.0
3595,0.0
3596,0.0
3597,0.0
3598,0.0
3599,0.0
3600,0.0
3601,0.0
3602,0.0
3603,0.0
3604,0.0
3605,0.0
3606,0.0
3607,0.0
3608,0.0
3609,0.0
3610,0.0
3611,0.0
3612,0.0
3613,0.0
3614,0.0
3615,0.0
3616,0.0
3617,0.0
3618,0.0
3619,0.0
3620,0.0
3621,0.0
3622,0.0
3623,0.0
3624,0.0
3625,17032.14453125
3626,31105.75
3627,0.0
3628,0.0
3629,0.0
3630,0.0
3631,0.0
3632,0.0
3633,0.0
3634,8689.7861328125
3635,0.0
3636,0.0
3637,0.0
3638,0.0
3639,0.0
3640,0.0
3641,0.0
3642,0.0
3643,0.0
3644,0.0
3645,0.0
3646,0.0
3647,0.0
3648,0.0
3649,0.0
3650,0.0
3651,0.0
3652,0.0
3653,4254.39892578125
3654,0.0
3655,0.0
3656,0.0
3657,0.0
3658,0.0
3659,0.0
3660,0.0
3661,0.0
3662,0.0
3663,3209.10009765625
3664,0.0
3665,0.0
3666,0.0
3667,0.0
3668,0.0
3669,0.0
3670,0.0
3671,0.0
3672,0.0
3673,0.0
3674,0.0
3675,0.0
3676,0.0
3677,0.0
3678,0.0
3679,0.0
3680,0.0
3681,8974.810546875
3682,0.0
3683,0.0
3684,0.0
3685,0.0
3686,0.0
3687,0.0
3688,0.0
3689,0.0
3690,0.0
3691,0.0
3692,0.0
3693,0.0
3694,0.0
3695,0.0
3696,0.0
3697,0.0
3698,9546.6484375
3699,0.0
3700,0.0
3701,0.0
3702,0.0
3703,0.0
3704,0.0
3705,0.0
3706,0.0
3707,0.0
3708,0.0
3709,0.0
3710,0.0
3711,0.0
3712,0.0
3713,0.0
3714,0.0
3715,0.0
3716,0.0
3717,0.0
3718,0.0
3719,0.0
3720,0.0
3721,0.0
3722,0.0
3723,0.0
3724,0.0
3725,0.0
3726,0.0
3727,0.0
3728,0.0
3729,0.0
3730,0.0
3731,0.0
3732,0.0
3733,0.0
3734,0.0
3735,0.0
3736,0.0
3737,0.0
3738,0.0
3739,0.0
3740,0.0
3741,0.0
3742,0.0
3743,0.0
3744,0.0
3745,0.0
3746,0.0
3747,0.0
3748,0.0
3749,0.0
3750,0.0
3751,0.0
3752,0.0
3753,0.0
3754,0.0
3755,0.0
3756,0.0
3757,0.0
3758,0.0
3759,0.0
3760,1953.204833984375
3761,0.0
3762,0.0
3763,0.0
3764,0.0
3765,0.0
3766,0.0
3767,0.0
3768,0.0
3769,0.0
3770,0.0
3771,0.0
3772,0.0
3773,0.0
3774,3920.620849609375
3775,0.0
3776,0.0
3777,0.0
3778,0.0
3779,0.0
3780,0.0
3781,0.0
3782,0.0
3783,0.0
3784,0.0
3785,0.0
3786,0.0
3787,0.0
3788,0.0
3789,0.0
3790,0.0
3791,0.0
3792,0.0
3793,0.0
3794,0.0
3795,0.0
3796,0.0
3797,0.0
3798,0.0
3799,0.0
3800,0.0
3801,0.0
3802,0.0
3803,0.0
3804,0.0
3805,0.0
3806,0.0
3807,0.0
3808,0.0
3809,0.0
3810,0.0
3811,0.0
3812,0.0
3813,0.0
3814,0.0
3815,0.0
3816,0.0
3817,8212.6435546875
3818,0.0
3819,0.0
3820,0.0
3821,0.0
3822,0.0
3823,0.0
3824,0.0
3825,0.0
3826,0.0
3827,2975.42333984375
3828,0.0
3829,0.0
3830,0.0
3831,4727.88916015625
3832,0.0
3833,0.0
3834,0.0
3835,0.0
3836,0.0
3837,0.0
3838,0.0
3839,0.0
3840,0.0
3841,0.0
3842,0.0
3843,0.0
3844,0.0
3845,0.0
3846,0.0
3847,0.0
3848,0.0
3849,0.0
3850,0.0
3851,0.0
3852,0.0
3853,0.0
3854,0.0
3855,0.0
3856,0.0
3857,0.0
3858,21582.4921875
3859,0.0
3860,0.0
3861,0.0
3862,0.0
3863,0.0
3864,0.0
3865,0.0
3866,0.0
3867,0.0
3868,0.0
3869,0.0
3870,0.0
3871,0.0
3872,6685.2099609375
3873,0.0
3874,0.0
3875,0.0
3876,0.0
3877,0.0
3878,0.0
3879,0.0
3880,0.0
3881,0.0
3882,0.0
3883,0.0
3884,0.0
3885,0.0
3886,0.0
3887,0.0
3888,0.0
3889,0.0
3890,0.0
3891,0.0
3892,0.0
3893,0.0
3894,0.0
3895,0.0
3896,0.0
3897,0.0
3898,0.0
3899,0.0
3900,0.0
3901,0.0
3902,0.0
3903,0.0
3904,0.0
3905,0.0
3906,0.0
3907,0.0
3908,0.0
3909,0.0
3910,0.0
3911,0.0
3912,0.0
3913,0.0
3914,0.0
3915,0.0
3916,0.0
3917,0.0
3918,0.0
3919,0.0
3920,0.0
3921,0.0
3922,0.0
3923,0.0
3924,0.0
3925,0.0
3926,0.0
3927,0.0
3928,0.0
3929,0.0
3930,0.0
3931,0.0
3932,0.0
3933,0.0
3934,0.0
3935,0.0
3936,0.0
3937,0.0
3938,0.0
3939,0.0
3940,0.0
3941,0.0
3942,0.0
3943,0.0
3944,0.0
3945,0.0
3946,0.0
3947,14021.21484375
3948,0.0
3949,0.0
3950,0.0
3951,0.0
3952,0.0
3953,0.0
3954,0.0
3955,0.0
3956,0.0
3957,0.0
3958,0.0
3959,0.0
3960,0.0
3961,0.0
3962,0.0
3963,0.0
3964,0.0
3965,0.0
3966,0.0
3967,0.0
3968,0.0
3969,0.0
3970,0.0
3971,0.0
3972,0.0
3973,0.0
3974,0.0
3975,0.0
3976,0.0
3977,0.0
3978,0.0
3979,0.0
3980,0.0
3981,0.0
3982,0.0
3983,0.0
3984,0.0
3985,0.0
3986,0.0
3987,0.0
3988,0.0
3989,0.0
3990,0.0
3991,3418.841064453125
3992,16439.185546875
3993,0.0
3994,0.0
3995,0.0
3996,0.0
3997,0.0
3998,0.0
3999,0.0
4000,0.0
4001,0.0
4002,0.0
4003,0.0
4004,0.0
4005,0.0
4006,0.0
4007,0.0
4008,0.0
4009,0.0
4010,0.0
4011,0.0
4012,0.0
4013,0.0
4014,0.0
4015,0.0
4016,0.0
4017,0.0
4018,0.0
4019,0.0
4020,11400.0908203125
4021,0.0
4022,0.0
4023,0.0
4024,0.0
4025,0.0
4026,0.0
4027,0.0
4028,0.0
4029,0.0
4030,0.0
4031,0.0
4032,0.0
4033,0.0
4034,0.0
4035,0.0
4036,0.0
4037,0.0
4038,0.0
4039,0.0
4040,0.0
4041,0.0
4042,0.0
4043,0.0
4044,0.0
4045,0.0
4046,0.0
4047,0.0
4048,0.0
4049,0.0
4050,0.0
4051,0.0
4052,0.0
4053,0.0
4054,0.0
4055,0.0
4056,0.0
4057,0.0
4058,0.0
4059,0.0
4060,0.0
4061,0.0
4062,0.0
4063,0.0
4064,0.0
4065,0.0
4066,0.0
4067,0.0
4068,0.0
4069,0.0
4070,0.0
4071,0.0
4072,0.0
4073,0.0
4074,0.0
4075,0.0
4076,0.0
4077,0.0
4078,0.0
4079,0.0
4080,0.0
4081,0.0
4082,0.0
4083,0.0
4084,0.0
4085,0.0
4086,0.0
4087,0.0
4088,0.0
4089,0.0
4090,2545.32177734375
4091,0.0
4092,0.0
4093,0.0
4094,2220.221435546875
4095,0.0
4096,0.0
4097,0.0
4098,0.0
4099,0.0
4100,0.0
4101,0.0
4102,0.0
4103,0.0
4104,0.0
4105,0.0
4106,0.0
4107,0.0
4108,0.0
4109,0.0
4110,0.0
4111,0.0
4112,0.0
4113,0.0
4114,0.0
4115,0.0
4116,0.0
4117,0.0
4118,0.0
4119,0.0
4120,0.0
4121,0.0
4122,0.0
4123,0.0
4124,0.0
4125,0.0
4126,0.0
4127,0.0
4128,0.0
4129,0.0
4130,0.0
4131,0.0
4132,0.0
4133,0.0
4134,0.0
4135,0.0
4136,0.0
4137,0.0
4138,0.0
4139,0.0
4140,0.0
4141,0.0
4142,0.0
4143,0.0
4144,0.0
4145,2267.643798828125
4146,0.0
4147,0.0
4148,0.0
4149,0.0
4150,0.0
4151,0.0
4152,0.0
4153,0.0
4154,0.0
4155,0.0
4156,0.0
4157,0.0
4158,0.0
4159,0.0
4160,11535.0673828125
4161,0.0
4162,0.0
4163,0.0
4164,0.0
4165,0.0
4166,0.0
4167,0.0
4168,0.0
4169,0.0
4170,0.0
4171,0.0
4172,0.0
4173,0.0
4174,0.0
4175,0.0
4176,0.0
4177,0.0
4178,0.0
4179,0.0
4180,0.0
4181,0.0
4182,0.0
4183,0.0
4184,0.0
4185,0.0
4186,0.0
4187,0.0
4188,0.0
4189,0.0
4190,0.0
4191,0.0
4192,0.0
4193,0.0
4194,0.0
4195,0.0
4196,0.0
4197,0.0
4198,0.0
4199,0.0
4200,0.0
4201,0.0
4202,0.0
4203,0.0
4204,0.0
4205,0.0
4206,0.0
4207,0.0
4208,0.0
4209,0.0
4210,0.0
4211,0.0
4212,0.0
4213,0.0
4214,0.0
4215,0.0
4216,0.0
4217,0.0
4218,0.0
4219,0.0
4220,0.0
4221,0.0
4222,0.0
4223,0.0
4224,3454.19482421875
4225,0.0
4226,0.0
4227,0.0
4228,0.0
4229,0.0
4230,0.0
4231,0.0
4232,0.0
4233,0.0
4234,0.0
4235,0.0
4236,0.0
4237,0.0
4238,0.0
4239,0.0
4240,0.0
4241,0.0
4242,0.0
4243,0.0
4244,0.0
4245,0.0
4246,0.0
4247,0.0
4248,0.0
4249,0.0
4250,0.0
4251,0.0
4252,0.0
4253,0.0
4254,0.0
4255,0.0
4256,0.0
4257,0.0
4258,0.0
4259,0.0
4260,0.0
4261,0.0
4262,0.0
4263,0.0
4264,0.0
4265,13281.095703125
4266,3996.27978515625
4267,0.0
4268,0.0
4269,0.0
4270,0.0
4271,0.0
4272,0.0
4273,0.0
4274,0.0
4275,0.0
4276,0.0
4277,0.0
4278,0.0
4279,0.0
4280,0.0
4281,4238.3271484375
4282,4106.44921875
4283,6502.2958984375
4284,3778.03515625
4285,6060.05615234375
4286,5052.73291015625
4287,5270.150390625
4288,6180.9931640625
4289,4428.6484375
4290,3180.27880859375
4291,5342.77685546875
4292,5463.01171875
4293,4325.51025390625
4294,6620.8623046875
4295,6026.93017578125
4296,3052.962158203125
4297,4496.2451171875
4298,6986.86474609375
4299,8484.28515625
4300,6272.96484375
4301,7253.80908203125
4302,4025.08837890625
4303,5844.2470703125
4304,2148.532958984375
4305,7655.46337890625
4306,7842.5068359375
4307,9166.7861328125
4308,6238.203125
4309,2973.050048828125
4310,4679.67333984375
4311,5785.1328125
4312,6945.91845703125
4313,3826.70556640625
4314,6034.56884765625
4315,4865.96142578125
4316,5629.53955078125
4317,2719.937744140625
4318,7898.0869140625
4319,4806.9208984375
4320,7587.30810546875
4321,6336.45068359375
4322,3630.99365234375
4323,8756.8935546875
4324,5986.46728515625
4325,5033.52685546875
4326,3860.82861328125
4327,7037.50390625
4328,10442.3798828125
4329,6181.4521484375
4330,5706.3486328125
4331,8292.283203125
4332,7790.3095703125
4333,6169.859375
4334,6367.80126953125
4335,2452.41455078125
4336,2832.67041015625
4337,4500.67333984375
4338,6313.064453125
4339,9095.6376953125
4340,7785.1044921875
4341,4408.10302734375
4342,8353.6806640625
4343,7300.23828125
4344,5755.10009765625
4345,3388.28515625
4346,10799.1337890625
4347,2985.60595703125
4348,4058.90478515625
4349,7137.08642578125
4350,4058.375
4351,5607.66748046875
4352,3130.448974609375
4353,6122.63525390625
4354,5433.7392578125
4355,5643.1923828125
4356,8579.419921875
4357,7060.134765625
4358,5072.97021484375
4359,3587.883056640625
4360,8007.25
4361,13178.193359375
4362,5846.9853515625
4363,3310.413818359375
4364,6938.94970703125
4365,5932.2568359375
4366,6965.4853515625
4367,9210.8349609375
4368,2474.8798828125
4369,8043.22314453125
4370,4999.42236328125
4371,6191.62890625
4372,7383.89013671875
4373,3473.82177734375
4374,5282.63818359375
4375,5454.05908203125
4376,7732.18212890625
4377,7252.94775390625
4378,4060.6494140625
4379,4739.6943359375
4380,7237.400390625
4381,6443.67578125
4382,4920.95068359375
4383,6096.95166015625
4384,4351.38037109375
4385,6155.2626953125
4386,4690.39453125
4387,3060.011474609375
4388,5581.322265625
4389,7114.6865234375
4390,6079.69287109375
4391,6980.708984375
4392,8330.1025390625
4393,4350.72119140625
4394,8009.890625
4395,3119.6240234375
4396,3901.310791015625
4397,8386.6708984375
4398,6560.13916015625
4399,7493.84130859375
4400,10126.84375
4401,6819.34619140625
4402,5426.6181640625
4403,6931.6953125
4404,6778.8125
4405,4629.4921875
4406,2697.03662109375
4407,5691.90966796875
4408,5033.75634765625
4409,4399.50927734375
4410,3375.063720703125
4411,5786.12158203125
4412,5658.9228515625
4413,5511.154296875
4414,6016.84130859375
4415,3150.140869140625
4416,6232.55810546875
4417,7172.36279296875
4418,3616.952392578125
4419,5885.33935546875
4420,3853.78173828125
4421,5648.677734375
4422,1151.1119384765625
4423,4133.7470703125
4424,5222.11083984375
4425,7387.39892578125
4426,6281.634765625
4427,5883.10546875
4428,11972.318359375
4429,3987.072509765625
4430,5950.765625
4431,10381.7861328125
4432,5772.99560546875
4433,7710.91650390625
4434,6337.33740234375
4435,6368.8857421875
4436,6792.59521484375
4437,4278.41845703125
4438,4543.1513671875
4439,8114.29052734375
4440,5188.4853515625
4441,2904.665771484375
4442,3261.08837890625
4443,7117.48828125
4444,8555.9375
4445,6647.90625
4446,6544.5849609375
4447,4621.01611328125
4448,2181.625244140625
4449,1952.5599365234375
4450,3741.662353515625
4451,5837.73291015625
4452,7105.439453125
4453,5553.75537109375
4454,8894.69921875
4455,8008.25390625
4456,7579.46923828125
4457,7143.13134765625
4458,5148.00244140625
4459,8108.791015625
4460,9079.6748046875
4461,3823.731201171875
4462,5215.64892578125
4463,5412.74951171875
4464,6596.3046875
4465,3411.96630859375
4466,5363.41064453125
4467,4490.3515625
4468,8534.671875
4469,6150.966796875
4470,7278.0546875
4471,6797.06591796875
4472,4739.0126953125
4473,7919.505859375
4474,16465.29296875
4475,8359.2705078125
4476,4073.274658203125
4477,3237.896484375
4478,6243.61181640625
4479,6931.6982421875
4480,4980.20263671875
4481,9628.9736328125
4482,17696.763671875
4483,4342.31103515625
4484,3537.646484375
4485,11039.119140625
4486,3315.74462890625
4487,5664.25244140625
4488,3500.498046875
4489,6249.93701171875
4490,0.0
4491,6868.37890625
4492,5560.08251953125
4493,5125.12451171875
4494,9544.390625
4495,6104.6533203125
4496,6069.2744140625
4497,7410.212890625
4498,5617.8662109375
4499,6916.380859375
4500,8382.5244140625
4501,5099.5380859375
4502,5788.95263671875
4503,4109.9052734375
4504,3914.21435546875
4505,6124.25048828125
4506,5166.02001953125
4507,5217.83349609375
4508,8615.599609375
4509,7983.23828125
4510,7477.1298828125
4511,4628.02783203125
4512,4501.22900390625
4513,4250.97119140625
4514,4920.373046875
4515,6559.34130859375
4516,4018.345947265625
4517,6525.1591796875
4518,5712.0966796875
4519,6860.0009765625
4520,5932.5810546875
4521,4320.9375
4522,2877.051513671875
4523,2710.57373046875
4524,8570.3837890625
4525,5800.45166015625
4526,5462.86279296875
4527,12446.4013671875
4528,7396.51416015625
4529,4288.380859375
4530,5486.7236328125
4531,2717.0947265625
4532,3791.799072265625
4533,4241.99267578125
4534,4207.86767578125
4535,8720.7568359375
4536,4461.62841796875
4537,8565.0341796875
4538,10536.02734375
4539,5100.41552734375
4540,5750.48486328125
4541,5226.7412109375
4542,5165.21240234375
4543,4728.57080078125
4544,9131.2119140625
4545,5963.84033203125
4546,6817.46630859375
4547,2901.58154296875
4548,5839.07568359375
4549,5835.36962890625
4550,6703.48828125
4551,6967.0849609375
4552,5398.46875
4553,6863.76123046875
4554,5361.169921875
4555,8322.0810546875
4556,6960.013671875
4557,6788.26220703125
4558,9284.7490234375
4559,7033.55615234375
4560,8961.3994140625
4561,2934.341552734375
4562,5766.763671875
4563,5221.7978515625
4564,8810.029296875
4565,6985.99609375
4566,7380.19140625
4567,6339.939453125
4568,6980.5078125
4569,5766.52001953125
4570,6978.677734375
4571,6393.30322265625
4572,3045.056640625
4573,9714.7705078125
4574,17013.9296875
4575,7193.07958984375
4576,5949.3251953125
4577,7371.28857421875
4578,8149.79833984375
4579,8334.2900390625
4580,2754.383544921875
4581,4863.86279296875
4582,5889.158203125
4583,8754.1845703125
4584,2918.237060546875
4585,4654.25
4586,5407.07275390625
4587,4569.33251953125
4588,5205.76708984375
4589,3339.718994140625
4590,2859.91748046875
4591,7277.85400390625
4592,4183.29248046875
4593,5174.484375
4594,5932.361328125
4595,4982.4990234375
4596,9657.423828125
4597,12183.8037109375
4598,5174.64892578125
4599,7954.2607421875
4600,6779.263671875
4601,10350.2109375
4602,3882.598388671875
4603,2816.364501953125
4604,5507.6435546875
4605,11440.8359375
4606,4342.5048828125
4607,7230.189453125
4608,2355.5966796875
4609,4036.919189453125
4610,7977.18408203125
4611,7692.64453125
4612,5512.63330078125
4613,9414.0830078125
4614,9146.962890625
4615,8259.158203125
4616,4300.025390625
4617,8764.6630859375
4618,1977.853759765625
4619,3971.224609375
4620,6809.80078125
4621,5034.58349609375
4622,10000.029296875
4623,2673.916015625
4624,4954.93798828125
4625,5651.23779296875
4626,8832.1005859375
4627,8663.93359375
4628,5132.84033203125
4629,2961.8388671875
4630,8013.46826171875
4631,10149.697265625
4632,4446.46484375
4633,6156.01904296875
4634,9965.7666015625
4635,5945.939453125
4636,4927.306640625
4637,3851.6337890625
4638,8093.048828125
4639,4369.134765625
4640,11927.888671875
4641,7453.0400390625
4642,15428.22265625
4643,7170.05078125
4644,4540.92578125
4645,2336.3994140625
4646,6283.31884765625
4647,5726.47509765625
4648,5778.25341796875
4649,9119.341796875
4650,5651.150390625
4651,2730.13671875
4652,6370.81787109375
4653,3521.16162109375
4654,7145.35693359375
4655,7170.40380859375
4656,6356.8466796875
4657,7796.7724609375
4658,5332.22998046875
4659,7034.7568359375
4660,5504.20849609375
4661,5900.775390625
4662,7090.58251953125
4663,3920.324462890625
4664,8751.4912109375
4665,6419.169921875
4666,3560.5576171875
4667,5100.05908203125
4668,9014.8369140625
4669,5563.263671875
4670,4469.28662109375
4671,5135.62939453125
4672,5586.41162109375
4673,5128.955078125
4674,4915.07177734375
4675,9394.2939453125
4676,4448.75048828125
4677,3537.830810546875
4678,5457.0166015625
4679,5388.1259765625
4680,3309.94970703125
4681,5152.7978515625
4682,8390.94921875
4683,7244.43408203125
4684,10398.822265625
4685,8594.5078125
4686,7270.18115234375
4687,6104.22607421875
4688,4408.98095703125
4689,10198.65234375
4690,8203.5478515625
4691,7528.4560546875
4692,5344.1484375
4693,5454.791015625
4694,4706.00927734375
4695,2295.233154296875
4696,8548.8056640625
4697,6483.263671875
4698,6024.9892578125
4699,4935.13818359375
4700,1642.6158447265625
4701,7027.8388671875
4702,6445.32080078125
4703,6251.19384765625
4704,4236.74072265625
4705,6076.68798828125
4706,5323.42236328125
4707,4315.9892578125
4708,10048.8291015625
4709,5015.767578125
4710,5052.7041015625
4711,3446.913818359375
4712,2667.51708984375
4713,4911.20849609375
4714,12887.4326171875
4715,3492.818115234375
4716,5978.970703125
4717,5315.68408203125
4718,3300.673828125
4719,3384.4345703125
4720,5928.1396484375
4721,2339.798828125
4722,9457.404296875
4723,6476.4990234375
4724,2551.94775390625
4725,8418.4814453125
4726,2221.724609375
4727,3914.98095703125
4728,9044.1845703125
4729,7410.79150390625
4730,8313.9697265625
4731,2378.86083984375
4732,4457.39501953125
4733,4705.5498046875
4734,3939.698486328125
4735,15724.8759765625
4736,11582.1689453125
4737,5339.1015625
4738,3045.7705078125
4739,5800.28564453125
4740,4394.85107421875
4741,2554.0751953125
4742,7083.33544921875
4743,4736.70751953125
4744,4963.96533203125
4745,6672.4501953125
4746,4953.84716796875
4747,5263.439453125
4748,6094.28955078125
4749,6780.732421875
4750,7782.02001953125
4751,2883.942626953125
4752,4907.11767578125
4753,7180.00439453125
4754,8165.046875
4755,5556.74609375
4756,7507.63037109375
4757,2446.19384765625
4758,8659.0712890625
4759,5133.17529296875
4760,2800.684326171875
4761,4053.21240234375
4762,4379.69189453125
4763,4366.39990234375
4764,6931.26708984375
4765,3876.006103515625
4766,6278.8017578125
4767,5186.6044921875
4768,7720.37890625
4769,8050.95654296875
4770,5279.484375
4771,8644.28125
4772,6066.14453125
4773,2696.72900390625
4774,10854.0263671875
4775,3394.6015625
4776,3551.09521484375
4777,6258.91015625
4778,12116.20703125
4779,10248.2470703125
4780,4276.474609375
4781,4560.11767578125
4782,5883.22314453125
4783,6899.3740234375
4784,4477.8984375
4785,6649.20947265625
4786,2925.880859375
4787,3671.0068359375
4788,4407.744140625
4789,3609.5732421875
4790,2607.302978515625
4791,7778.50439453125
4792,6334.84765625
4793,5678.0625
4794,5555.3564453125
4795,8129.57177734375
4796,8117.0400390625
4797,4843.2255859375
4798,5280.01220703125
4799,6369.34716796875
4800,7376.26416015625
4801,4997.47900390625
4802,2090.391845703125
4803,6471.63818359375
4804,6469.30810546875
4805,6014.67529296875
4806,5499.970703125
4807,2808.411376953125
4808,9648.8662109375
4809,2889.794677734375
4810,9152.671875
4811,5103.0068359375
4812,4673.11669921875
4813,8483.861328125
4814,3597.91943359375
4815,4655.72021484375
4816,7572.720703125
4817,2329.596923828125
4818,7224.01220703125
4819,9026.7275390625
4820,6767.89453125
4821,2580.310302734375
4822,5245.40869140625
4823,3581.320068359375
4824,2425.900634765625
4825,4608.67578125
4826,5073.6533203125
4827,5364.39013671875
4828,4754.2841796875
4829,5373.88330078125
4830,4998.984375
4831,7928.6240234375
4832,5422.48193359375
4833,5954.5732421875
4834,5212.0419921875
4835,5569.216796875
4836,6118.39990234375
4837,6070.8505859375
4838,7490.94921875
4839,7375.39208984375
4840,7937.005859375
4841,5546.20947265625
4842,5195.18212890625
4843,2841.604248046875
4844,6022.8583984375
4845,8597.1279296875
4846,5699.41015625
4847,6133.61669921875
4848,14488.5029296875
4849,3842.301513671875
4850,4491.77001953125
4851,4514.80517578125
4852,8430.603515625
4853,9523.021484375
4854,7624.83251953125
4855,7704.0966796875
4856,7834.08349609375
4857,9122.52734375
4858,6658.0478515625
4859,5549.61279296875
4860,2943.97998046875
4861,5032.79248046875
4862,3447.758056640625
4863,2726.525634765625
4864,6840.6796875
4865,15977.41796875
4866,5612.55517578125
4867,3196.46240234375
4868,4959.1162109375
4869,4841.39501953125
4870,5844.375
4871,2725.9501953125
4872,6733.759765625
4873,7025.92236328125
4874,3310.959228515625
4875,10850.0380859375
4876,10815.42578125
4877,3465.807861328125
4878,5578.83935546875
4879,3830.62353515625
4880,3885.31884765625
4881,4259.1533203125
4882,8090.52783203125
4883,4346.01220703125
4884,4752.47314453125
4885,3380.395263671875
4886,5291.6513671875
4887,4153.06982421875
4888,6825.06103515625
4889,3444.484375
4890,8304.4814453125
4891,6529.615234375
4892,4787.8388671875
4893,4142.34228515625
4894,3794.0712890625
4895,4841.0517578125
4896,3800.939453125
4897,9172.39453125
4898,4165.79931640625
4899,3851.694091796875
4900,6058.1708984375
4901,4056.17578125
4902,5609.076171875
4903,4797.9609375
4904,5398.8095703125
4905,10007.17578125
4906,6766.2900390625
4907,6160.29833984375
4908,3808.5947265625
4909,4595.61083984375
4910,4885.35888671875
4911,3862.193115234375
4912,4802.39501953125
4913,4979.51123046875
4914,9317.8701171875
4915,6988.02099609375
4916,4399.03759765625
4917,5995.42626953125
4918,3653.374267578125
4919,6132.787109375
4920,5715.79638671875
4921,8962.6240234375
4922,6901.1259765625
4923,4766.4912109375
4924,4401.220703125
4925,1770.654541015625
4926,3781.69970703125
4927,21859.21875
4928,2012.9423828125
4929,5049.81884765625
4930,6312.060546875
4931,7023.2431640625
4932,6211.38232421875
4933,8618.1767578125
4934,5501.35546875
4935,7127.99072265625
4936,3048.371826171875
4937,8227.9931640625
4938,4147.85205078125
4939,6649.42333984375
4940,9186.654296875
4941,3364.028564453125
4942,8325.6240234375
4943,6842.09326171875
4944,3759.014892578125
4945,5558.73046875
4946,6530.8876953125
4947,2674.081787109375
4948,8632.630859375
4949,6430.3076171875
4950,4632.9033203125
4951,8325.5908203125
4952,8525.37890625
4953,5534.15771484375
4954,4468.3544921875
4955,5429.45556640625
4956,5250.38623046875
4957,0.0
4958,6141.14208984375
4959,2990.06201171875
4960,5820.0380859375
4961,3133.375732421875
4962,5587.67919921875
4963,5199.1611328125
4964,4457.16796875
4965,6374.3193359375
4966,8891.30078125
4967,5374.59521484375
4968,7714.92431640625
4969,5473.3837890625
4970,6157.03955078125
4971,9353.5029296875
4972,7465.16796875
4973,4001.414306640625
4974,4924.16015625
4975,5209.9599609375
4976,3813.49853515625
4977,12873.158203125
4978,5773.685546875
4979,6905.77734375
4980,6905.77734375
4981,6811.89697265625
4982,2456.72705078125
4983,12800.5029296875
4984,7958.93701171875
4985,6665.7802734375
4986,7580.33935546875
4987,6498.64111328125
4988,7494.9609375
4989,5074.27685546875
4990,4102.47705078125
4991,3197.554443359375
4992,3356.99755859375
4993,7796.75146484375
4994,2597.96826171875
4995,7315.7373046875
4996,6495.5849609375
4997,4525.69482421875
4998,6833.90869140625
4999,4603.5322265625
5000,6856.9404296875
5001,3110.2021484375
5002,4699.7568359375
5003,4493.40283203125
5004,3591.41552734375
5005,6073.6328125
5006,5674.0478515625
5007,8102.181640625
5008,5737.6484375
5009,4029.98583984375
5010,6113.74267578125
5011,6629.79443359375
5012,7146.16064453125
5013,2921.798828125
5014,4279.96044921875
5015,8620.037109375
5016,6369.2724609375
5017,3972.358642578125
5018,7484.33349609375
5019,6864.1962890625
5020,5173.4775390625
5021,4632.35595703125
5022,1911.99609375
5023,7671.7626953125
5024,6018.587890625
5025,5348.88818359375
5026,8764.091796875
5027,6682.30224609375
5028,3465.112060546875
5029,5563.15234375
5030,3160.548828125
5031,1128.770751953125
5032,5783.9560546875
5033,8446.9111328125
5034,5890.21875
5035,4398.28125
5036,2924.422607421875
5037,4853.35009765625
5038,6489.83740234375
5039,5733.392578125
5040,8777.11328125
5041,3241.1552734375
5042,4511.8115234375
5043,3303.48388671875
5044,6534.48486328125
5045,3285.064208984375
5046,2708.193603515625
5047,5128.1455078125
5048,3966.106689453125
5049,6318.88525390625
5050,4854.27099609375
5051,5265.7724609375
5052,5286.9658203125
5053,7961.0576171875
5054,5141.50146484375
5055,3854.476806640625
5056,9780.1455078125
5057,6016.751953125
5058,6253.77685546875
5059,1772.25146484375
5060,7294.1708984375
5061,5763.83154296875
5062,3964.310546875
5063,7130.28125
5064,9252.810546875
5065,6433.3671875
5066,6250.42626953125
5067,6128.232421875
5068,7160.0478515625
5069,10464.5126953125
5070,3680.869873046875
5071,3946.594970703125
5072,4743.53857421875
5073,5195.80810546875
5074,5851.873046875
5075,6833.81298828125
5076,5481.94970703125
5077,6304.09033203125
5078,2669.762451171875
5079,6662.77587890625
5080,6521.33642578125
5081,3549.408447265625
5082,6017.4990234375
5083,3677.6533203125
5084,7298.15673828125
5085,5313.18408203125
5086,5356.35498046875
5087,6028.3701171875
5088,3559.73583984375
5089,4680.904296875
5090,6910.48974609375
5091,4839.72412109375
5092,8349.578125
5093,4853.6162109375
5094,8831.8740234375
5095,4823.2822265625
5096,3810.122314453125
5097,8392.212890625
5098,2699.646728515625
5099,8822.119140625
5100,6184.8115234375
5101,5151.5966796875
5102,7386.97412109375
5103,4546.5087890625
5104,4984.9140625
5105,6265.9365234375
5106,2975.659912109375
5107,3346.411865234375
5108,6434.51025390625
5109,6760.33740234375
5110,7866.86279296875
5111,6144.8271484375
5112,6026.5400390625
5113,3706.38525390625
5114,6546.0146484375
5115,3021.8408203125
5116,10262.025390625
5117,7037.01513671875
5118,10747.7685546875
5119,5685.45556640625
5120,4392.63037109375
5121,8001.109375
5122,6759.59130859375
5123,2861.66015625
5124,8768.8857421875
5125,3546.33251953125
5126,6552.8837890625
5127,5962.2333984375
5128,4659.5908203125
5129,3273.954345703125
5130,5711.5419921875
5131,3895.493408203125
5132,2587.56494140625
5133,7064.583984375
5134,5488.59765625
5135,22578.388671875
5136,7448.14404296875
5137,3712.03662109375
5138,5569.32861328125
5139,8561.9716796875
5140,5362.3798828125
5141,6124.18798828125
5142,5571.33154296875
5143,6186.17236328125
5144,6034.572265625
5145,3853.518798828125
5146,4790.9375
5147,5911.33349609375
5148,6742.47265625
5149,6017.24755859375
5150,7087.87890625
5151,4483.3798828125
5152,3957.762939453125
5153,5004.68994140625
5154,8366.7841796875
5155,8979.232421875
5156,6871.51416015625
5157,6716.46142578125
5158,3719.606201171875
5159,5810.1904296875
5160,2794.186279296875
5161,6950.43115234375
5162,8156.31640625
5163,9121.337890625
5164,4869.66845703125
5165,3646.487060546875
5166,3879.228271484375
5167,5722.4853515625
5168,8028.146484375
5169,5116.23876953125
5170,4668.05078125
5171,4084.73876953125
5172,6273.70068359375
5173,3450.894775390625
5174,7085.53955078125
5175,3645.086669921875
5176,6115.31640625
5177,5322.77783203125
5178,4989.107421875
5179,7627.15625
5180,5401.07373046875
5181,4061.650634765625
5182,6021.13818359375
5183,6018.57763671875
5184,9758.3857421875
5185,5274.67626953125
5186,6379.0673828125
5187,7095.12451171875
5188,8552.3681640625
5189,6166.10302734375
5190,8174.521484375
5191,3027.56884765625
5192,4161.10107421875
5193,4838.2578125
5194,6120.16162109375
5195,9052.1298828125
5196,6858.29248046875
5197,4600.53564453125
5198,6647.47900390625
5199,5494.35791015625
5200,8697.0087890625
5201,3915.730224609375
5202,11677.8203125
5203,3698.025634765625
5204,4787.39697265625
5205,7092.0927734375
5206,3872.789794921875
5207,4671.83837890625
5208,5796.94482421875
5209,6449.5068359375
5210,5225.98046875
5211,4370.73583984375
5212,7248.55615234375
5213,6357.56005859375
5214,4889.34765625
5215,4719.4814453125
5216,7026.5947265625
5217,11298.408203125
5218,6767.7421875
5219,4209.41845703125
5220,6258.51220703125
5221,5925.8564453125
5222,6098.71484375
5223,7113.69775390625
5224,3610.954345703125
5225,7391.9775390625
5226,5614.3291015625
5227,6175.00732421875
5228,6964.27392578125
5229,5518.71630859375
5230,4882.8935546875
5231,4898.751953125
5232,6826.97900390625
5233,7125.42431640625
5234,4278.240234375
5235,4015.537841796875
5236,5961.662109375
5237,5473.38134765625
5238,4141.78369140625
5239,7068.44873046875
5240,6098.1357421875
5241,6137.99169921875
5242,4647.76025390625
5243,4130.32177734375
5244,5491.87255859375
5245,8340.53515625
5246,6329.6611328125
5247,7109.9228515625
5248,7552.6103515625
5249,4790.92431640625
5250,7920.77587890625
5251,4303.0146484375
5252,5048.70361328125
5253,8334.41015625
5254,5374.2177734375
5255,8982.7109375
5256,8157.04052734375
5257,6381.52587890625
5258,5538.64013671875
5259,6860.66162109375
5260,6141.56982421875
5261,5252.48779296875
5262,3127.75
5263,5105.07275390625
5264,6378.72900390625
5265,4223.1845703125
5266,3667.533203125
5267,6805.05859375
5268,5519.47265625
5269,4842.4716796875
5270,5237.41748046875
5271,4657.888671875
5272,5632.87060546875
5273,6112.81494140625
5274,4981.4892578125
5275,4946.48681640625
5276,4586.59716796875
5277,5890.43017578125
5278,2207.130126953125
5279,5996.58447265625
5280,4400.64697265625
5281,7763.18603515625
5282,6243.00048828125
5283,5493.853515625
5284,10318.9794921875
5285,3485.080810546875
5286,5664.1259765625
5287,8922.1396484375
5288,6155.1171875
5289,7163.27099609375
5290,6776.3037109375
5291,5102.71337890625
5292,6169.4453125
5293,4926.326171875
5294,6661.91943359375
5295,9455.912109375
5296,5736.22900390625
5297,2955.138671875
5298,4401.2822265625
5299,6989.5830078125
5300,7839.62353515625
5301,5665.32080078125
5302,5842.56591796875
5303,4709.37548828125
5304,3881.51318359375
5305,2985.23046875
5306,4274.9482421875
5307,6197.97607421875
5308,6507.72216796875
5309,5736.61083984375
5310,11526.916015625
5311,7366.216796875
5312,8077.4931640625
5313,7214.541015625
5314,3726.228759765625
5315,8503.787109375
5316,9144.7216796875
5317,4700.4677734375
5318,6011.587890625
5319,4841.1357421875
5320,6361.6220703125
5321,3505.571533203125
5322,5859.322265625
5323,4070.177001953125
5324,8411.34765625
5325,6541.49951171875
5326,7187.80517578125
5327,7130.48095703125
5328,5442.34912109375
5329,7121.986328125
5330,16259.732421875
5331,8308.552734375
5332,4815.47216796875
5333,2531.80322265625
5334,5578.47265625
5335,6476.35546875
5336,5687.697265625
5337,11976.52734375
5338,19544.21484375
5339,3390.455078125
5340,5083.10888671875
5341,7989.0859375
5342,4300.37646484375
5343,6501.845703125
5344,5014.240234375
5345,6435.763671875
5346,0.0
5347,6785.81689453125
5348,5702.85986328125
5349,6868.9208984375
5350,7888.07080078125
5351,6595.7197265625
5352,6136.91845703125
5353,5811.9296875
5354,3809.780029296875
5355,5558.68994140625
5356,6790.93505859375
5357,4961.826171875
5358,4963.44873046875
5359,5979.76416015625
5360,5210.00439453125
5361,4634.572265625
5362,5824.283203125
5363,5523.19921875
5364,8431.2001953125
5365,7126.791015625
5366,7039.220703125
5367,5880.98583984375
5368,3233.55078125
5369,5213.14501953125
5370,6007.904296875
5371,4566.2783203125
5372,4277.51318359375
5373,7039.4443359375
5374,5684.0068359375
5375,8022.05712890625
5376,5980.8681640625
5377,4667.45068359375
5378,4166.94482421875
5379,4359.91015625
5380,8434.841796875
5381,4793.83251953125
5382,7771.8857421875
5383,13198.509765625
5384,7260.3818359375
5385,5269.75732421875
5386,4972.875
5387,4204.76806640625
5388,6027.537109375
5389,3808.339599609375
5390,5313.642578125
5391,9076.2236328125
5392,4594.3837890625
5393,12873.8388671875
5394,10471.681640625
5395,4941.49755859375
5396,5791.00927734375
5397,5914.27099609375
5398,6293.08544921875
5399,4838.62890625
5400,9567.1533203125
5401,6712.2197265625
5402,7189.83251953125
5403,4513.6728515625
5404,6909.72802734375
5405,5778.82275390625
5406,6736.65966796875
5407,5968.17626953125
5408,5535.5810546875
5409,6483.21435546875
5410,6156.09716796875
5411,7728.2470703125
5412,8372.1923828125
5413,6554.6796875
5414,8675.1669921875
5415,6689.56005859375
5416,8064.0302734375
5417,4507.404296875
5418,4463.42529296875
5419,4789.57861328125
5420,8114.63427734375
5421,6276.37890625
5422,6771.62646484375
5423,5146.45654296875
5424,6741.6708984375
5425,5699.26416015625
5426,7848.107421875
5427,5960.5
5428,3397.754638671875
5429,9032.53515625
5430,15465.6435546875
5431,5708.06396484375
5432,5980.103515625
5433,7127.974609375
5434,8571.7275390625
5435,9888.2568359375
5436,4923.20947265625
5437,6033.84716796875
5438,5542.8369140625
5439,7900.7138671875
5440,4148.9892578125
5441,5490.89306640625
5442,4869.9208984375
5443,4954.4365234375
5444,7118.7900390625
5445,4539.3525390625
5446,3194.0693359375
5447,6943.23193359375
5448,3732.280029296875
5449,4194.6455078125
5450,5768.81689453125
5451,5379.87353515625
5452,8691.78515625
5453,8453.025390625
5454,5915.859375
5455,6442.55078125
5456,6425.4072265625
5457,9945.25
5458,5095.84912109375
5459,5072.03662109375
5460,5353.4658203125
5461,8867.7802734375
5462,4434.9560546875
5463,6648.833984375
5464,3247.6474609375
5465,4067.62841796875
5466,6070.8828125
5467,6202.1142578125
5468,5717.783203125
5469,8878.2783203125
5470,8947.98046875
5471,10398.1376953125
5472,5620.46630859375
5473,8418.1376953125
5474,2735.912109375
5475,4584.498046875
5476,6568.9931640625
5477,3635.635498046875
5478,7763.62939453125
5479,4183.5703125
5480,4866.17138671875
5481,8280.349609375
5482,9007.873046875
5483,6298.56103515625
5484,4737.54833984375
5485,4415.88525390625
5486,7964.63037109375
5487,7684.18310546875
5488,4668.3515625
5489,5588.3388671875
5490,6288.30224609375
5491,7462.4345703125
5492,4531.31201171875
5493,4971.4189453125
5494,7175.43505859375
5495,7351.26025390625
5496,10871.638671875
5497,5287.52783203125
5498,13375.166015625
5499,6280.3544921875
5500,4816.37890625
5501,2996.29150390625
5502,5407.58349609375
5503,5246.95654296875
5504,5393.10107421875
5505,7593.56298828125
5506,5120.23193359375
5507,3618.713623046875
5508,5841.46533203125
5509,3398.2626953125
5510,6314.6279296875
5511,6544.3115234375
5512,6951.73486328125
5513,7529.38525390625
5514,4818.7138671875
5515,8244.578125
5516,5028.1533203125
5517,5723.4990234375
5518,5866.494140625
5519,4493.04150390625
5520,8444.826171875
5521,6192.6513671875
5522,4298.2626953125
5523,6031.64990234375
5524,8170.79833984375
5525,6261.20947265625
5526,5434.40673828125
5527,7522.154296875
5528,5171.92431640625
5529,6313.2666015625
5530,5073.3310546875
5531,8440.4140625
5532,4796.15185546875
5533,5388.0986328125
5534,5036.3779296875
5535,4493.60205078125
5536,3963.558349609375
5537,4941.9755859375
5538,8217.09765625
5539,7769.150390625
5540,10303.1787109375
5541,9784.10546875
5542,7916.2998046875
5543,5914.43896484375
5544,5157.41650390625
5545,9445.7470703125
5546,9224.6015625
5547,7095.818359375
5548,7210.0029296875
5549,7812.39892578125
5550,4709.37451171875
5551,3227.716552734375
5552,7283.93310546875
5553,5414.58984375
5554,5555.591796875
5555,5603.26025390625
5556,1959.3380126953125
5557,8437.0771484375
5558,6509.23876953125
5559,6911.7236328125
5560,5128.64306640625
5561,4981.5869140625
5562,6317.19775390625
5563,5930.0673828125
5564,6522.40478515625
5565,5235.17529296875
5566,4569.11767578125
5567,2954.901123046875
5568,2802.0380859375
5569,6238.47314453125
5570,16775.46875
5571,3712.195068359375
5572,5784.0654296875
5573,5798.32373046875
5574,4418.06884765625
5575,4550.90283203125
5576,4953.29052734375
5577,3216.78173828125
5578,6782.8544921875
5579,6574.349609375
5580,3256.088134765625
5581,7824.61181640625
5582,3757.237548828125
5583,4612.54443359375
5584,8269.8427734375
5585,6190.49462890625
5586,8556.00390625
5587,4281.93310546875
5588,5145.79638671875
5589,4264.5888671875
5590,5039.544921875
5591,13172.603515625
5592,10077.41015625
5593,6843.2421875
5594,4341.58203125
5595,5335.35595703125
5596,6112.53955078125
5597,3739.039306640625
5598,7702.1484375
5599,4355.0087890625
5600,4285.11865234375
5601,6583.28173828125
5602,4225.08203125
5603,5467.05419921875
5604,6064.66162109375
5605,6488.9755859375
5606,7082.36865234375
5607,3571.99267578125
5608,5137.3369140625
5609,5958.15185546875
5610,7424.8974609375
5611,7750.83740234375
5612,6886.779296875
5613,3755.680908203125
5614,7563.1826171875
5615,5281.5185546875
5616,4636.8779296875
5617,6390.53076171875
5618,6760.06298828125
5619,5299.1220703125
5620,5640.7587890625
5621,5646.58251953125
5622,6157.43212890625
5623,5632.00048828125
5624,6359.67919921875
5625,7008.42626953125
5626,4744.57666015625
5627,9965.0625
5628,5807.7255859375
5629,4170.93701171875
5630,10323.0498046875
5631,4274.78564453125
5632,3661.6162109375
5633,6964.099609375
5634,12011.6455078125
5635,8417.0263671875
5636,4618.67236328125
5637,5629.150390625
5638,5272.75
5639,6375.1181640625
5640,5136.509765625
5641,6897.12744140625
5642,2863.87255859375
5643,4212.85205078125
5644,5252.65625
5645,4366.1259765625
5646,3908.8046875
5647,6654.423828125
5648,5921.2412109375
5649,5313.96630859375
5650,6857.95703125
5651,5945.87158203125
5652,7850.23388671875
5653,5154.5205078125
5654,5363.3955078125
5655,5571.5556640625
5656,7636.6875
5657,7428.6669921875
5658,3070.048828125
5659,8545.2021484375
5660,6011.02587890625
5661,7971.6650390625
5662,4254.75830078125
5663,3355.9462890625
5664,7096.57080078125
5665,4853.10546875
5666,8255.791015625
5667,5697.16845703125
5668,4732.54150390625
5669,7470.9150390625
5670,5006.56689453125
5671,4829.7265625
5672,6071.65234375
5673,4154.56884765625
5674,8073.365234375
5675,8979.9482421875
5676,6427.46044921875
5677,4211.2119140625
5678,4296.7109375
5679,3441.0244140625
5680,3034.349853515625
5681,6433.89111328125
5682,5041.2822265625
5683,8292.603515625
5684,3764.468994140625
5685,5550.75634765625
5686,5447.1748046875
5687,7238.4013671875
5688,5331.6064453125
5689,5088.1396484375
5690,4983.556640625
5691,6427.87646484375
5692,5054.98828125
5693,6279.572265625
5694,7278.30712890625
5695,7293.85009765625
5696,7012.876953125
5697,7022.43359375
5698,5955.93359375
5699,4124.66455078125
5700,5189.1259765625
5701,9615.3857421875
5702,6932.9208984375
5703,6744.2255859375
5704,15460.3037109375
5705,4713.23193359375
5706,4625.7783203125
5707,5722.18115234375
5708,8124.1923828125
5709,8788.326171875
5710,6499.50439453125
5711,7304.6396484375
5712,7648.26953125
5713,7622.8046875
5714,5924.7724609375
5715,4640.00390625
5716,4748.2841796875
5717,4189.884765625
5718,3200.8154296875
5719,3794.4609375
5720,7357.85009765625
5721,15475.3984375
5722,5624.8115234375
5723,4625.8115234375
5724,6639.384765625
5725,4550.62646484375
5726,6052.56396484375
5727,4066.4873046875
5728,8153.34130859375
5729,6109.009765625
5730,5855.0
5731,11308.1044921875
5732,12068.9033203125
5733,4613.4853515625
5734,6421.541015625
5735,3807.1279296875
5736,4989.40771484375
5737,5115.50048828125
5738,8048.29736328125
5739,4787.7578125
5740,4504.69091796875
5741,4014.828125
5742,4991.04931640625
5743,5626.1552734375
5744,5806.6484375
5745,3797.916748046875
5746,7014.31494140625
5747,7163.90234375
5748,6135.3623046875
5749,3740.45849609375
5750,3317.00732421875
5751,6799.31201171875
5752,3497.896484375
5753,9000.5390625
5754,3720.41162109375
5755,4604.791015625
5756,5805.025390625
5757,4256.19140625
5758,4242.28515625
5759,5620.25537109375
5760,5272.724609375
5761,8626.2275390625
5762,7602.8408203125
5763,5718.91748046875
5764,3931.70556640625
5765,4780.7236328125
5766,4967.35986328125
5767,4753.64306640625
5768,4912.98828125
5769,5468.93359375
5770,8770.873046875
5771,6184.6240234375
5772,5896.4140625
5773,6587.87109375
5774,3351.33447265625
5775,7964.41650390625
5776,4260.00390625
5777,10217.947265625
5778,5804.0419921875
5779,4808.2021484375
5780,4851.8076171875
5781,3982.596435546875
5782,5983.326171875
5783,19311.681640625
5784,3678.40234375
5785,4855.50341796875
5786,8558.568359375
5787,5920.8818359375
5788,6338.1240234375
5789,7597.2060546875
5790,5368.74462890625
5791,5408.78857421875
5792,3883.83154296875
5793,8729.5517578125
5794,5129.712890625
5795,6213.1826171875
5796,6909.62451171875
5797,4304.19384765625
5798,7214.232421875
5799,6158.38671875
5800,3903.488037109375
5801,7709.46728515625
5802,8987.3203125
5803,3420.071533203125
5804,7499.68603515625
5805,6569.37744140625
5806,4596.185546875
5807,7914.357421875
5808,6595.19580078125
5809,6398.140625
5810,4518.10302734375
5811,4421.85302734375
5812,5863.09716796875
5813,4558.00927734375
5814,6506.40283203125
5815,3953.854736328125
5816,5811.6064453125
5817,4449.87158203125
5818,5717.923828125
5819,5187.9130859375
5820,5972.6181640625
5821,6590.65283203125
5822,8048.19677734375
5823,5360.8046875
5824,6984.3486328125
5825,5401.8779296875
5826,7573.09521484375
5827,8356.1484375
5828,6904.572265625
5829,3135.049072265625
5830,5318.3876953125
5831,6309.1396484375
5832,4527.6220703125
5833,11041.103515625
5834,5081.0908203125
5835,7050.88134765625
5836,7050.88134765625
5837,6484.97509765625
5838,3483.5673828125
5839,13074.77734375
5840,8961.93359375
5841,5176.86279296875
5842,6397.76708984375
5843,8181.64990234375
5844,5640.71923828125
5845,4522.34716796875
5846,6127.7001953125
5847,4086.9326171875
5848,3944.021240234375
5849,6733.00537109375
5850,4136.27294921875
5851,6156.47607421875
5852,6128.77001953125
5853,5065.7265625
5854,6583.72802734375
5855,5499.00244140625
5856,5233.08349609375
5857,3681.904052734375
5858,7069.04248046875
5859,6263.1484375
5860,5642.919921875
5861,5705.81884765625
5862,5113.58837890625
5863,8433.34375
5864,5168.22216796875
5865,4114.275390625
5866,5557.44482421875
5867,6631.50830078125
5868,5593.3720703125
5869,4339.6474609375
5870,3731.87255859375
5871,5936.29541015625
5872,7462.2734375
5873,5015.4609375
5874,7044.9267578125
5875,6556.92626953125
5876,4533.3984375
5877,4704.1318359375
5878,2843.28369140625
5879,6631.93310546875
5880,6507.97216796875
5881,5620.86962890625
5882,7629.2431640625
5883,6435.34619140625
5884,4300.48876953125
5885,7066.23583984375
5886,3147.002197265625
5887,2309.43896484375
5888,6582.3466796875
5889,9917.6484375
5890,6704.04296875
5891,5990.69970703125
5892,3093.16650390625
5893,5650.62744140625
5894,6598.8125
5895,4975.49560546875
5896,7213.50244140625
5897,3822.05859375
5898,4393.73388671875
5899,4308.9189453125
5900,5202.62109375
5901,4879.880859375
5902,4239.34619140625
5903,4497.22216796875
5904,3849.26904296875
5905,5760.5830078125
5906,6588.3046875
5907,4590.05810546875
5908,5694.79638671875
5909,6839.4130859375
5910,5136.474609375
5911,4617.5263671875
5912,8749.8310546875
5913,5792.8212890625
5914,5635.23681640625
5915,2885.636474609375
5916,11189.2470703125
5917,6274.66015625
5918,4540.09716796875
5919,6953.9287109375
5920,6834.58154296875
5921,6142.6240234375
5922,5613.61181640625
5923,6552.57275390625
5924,8048.32861328125
5925,10165.224609375
5926,4724.74072265625
5927,3764.68212890625
5928,4717.51708984375
5929,5279.71240234375
5930,5607.1474609375
5931,6150.544921875
5932,7224.400390625
5933,5052.89013671875
5934,3882.34033203125
5935,5405.697265625
5936,7532.13623046875
5937,4727.5458984375
5938,5881.384765625
5939,3146.912353515625
5940,7096.42333984375
5941,5710.177734375
5942,6374.849609375
5943,6919.3251953125
5944,5156.13134765625
5945,4423.92041015625
5946,6212.72900390625
5947,6772.498046875
5948,7859.3759765625
5949,6027.15380859375
5950,7447.763671875
5951,5112.3837890625
5952,3986.78076171875
5953,8806.0693359375
5954,3860.71240234375
5955,8635.78515625
5956,6713.1826171875
5957,4818.8642578125
5958,6128.37841796875
5959,5362.31103515625
5960,6900.84033203125
5961,7762.916015625
5962,3925.727783203125
5963,4454.05908203125
5964,5907.18408203125
5965,7894.2705078125
5966,8411.8134765625
5967,5376.1552734375
5968,5108.78125
5969,4257.54345703125
5970,6500.6181640625
5971,4952.056640625
5972,9492.8359375
5973,7697.8544921875
5974,9106.615234375
5975,3400.2578125
5976,4858.43359375
5977,9458.2138671875
5978,7240.880859375
5979,3989.557861328125
5980,9295.0009765625
5981,4207.1435546875
5982,5635.55859375
5983,4355.54296875
5984,4451.62060546875
5985,4692.81689453125
5986,4929.43212890625
5987,4007.80810546875
5988,4289.677734375
5989,7089.23681640625
5990,6486.83447265625
5991,21334.564453125
5992,5938.5322265625
5993,3582.359619140625
5994,5628.79052734375
5995,8192.701171875
5996,5900.5166015625
5997,6070.205078125
5998,5365.13720703125
5999,6260.55517578125
6000,5994.255859375
6001,4216.05224609375
6002,4366.96435546875
6003,5444.8662109375
6004,6803.16064453125
6005,5726.09228515625
6006,8215.6669921875
6007,3917.833251953125
6008,3729.021728515625
6009,4575.94140625
6010,7791.060546875
6011,9265.974609375
6012,7271.71484375
6013,6593.6884765625
6014,4355.794921875
6015,5250.45654296875
6016,3121.1953125
6017,6748.23291015625
6018,7739.390625
6019,8878.6982421875
6020,4552.5947265625
6021,3695.848876953125
6022,4253.443359375
6023,5517.02099609375
6024,8109.32421875
6025,5000.69921875
6026,4400.29345703125
6027,4135.77734375
6028,6409.544921875
6029,3212.818603515625
6030,6319.8193359375
6031,3717.72900390625
6032,5877.75
6033,5862.1064453125
6034,4761.87890625
6035,7018.3515625
6036,5219.32177734375
6037,4431.72900390625
6038,5890.708984375
6039,5392.5458984375
6040,9783.224609375
6041,5303.78125
6042,6644.34814453125
6043,7204.18896484375
6044,8071.5830078125
6045,5959.13134765625
6046,7311.08154296875
6047,3461.406982421875
6048,4543.48681640625
6049,4999.7275390625
6050,5662.31591796875
6051,8468.6142578125
6052,6713.498046875
6053,4317.07861328125
6054,6413.6533203125
6055,5277.564453125
6056,8360.0224609375
6057,3579.90869140625
6058,10986.63671875
6059,3630.059814453125
6060,4753.91162109375
6061,6848.5068359375
6062,3831.761474609375
6063,4503.56591796875
6064,4843.6484375
6065,6404.59375
6066,5060.45849609375
6067,4428.3896484375
6068,7760.08642578125
6069,6128.37841796875
6070,4676.0732421875
6071,4652.72119140625
6072,6634.6826171875
6073,10574.7353515625
6074,6645.40625
6075,4576.28759765625
6076,5969.6357421875
6077,5798.0078125
6078,5600.08984375
6079,6584.2734375
6080,3410.68798828125
6081,7059.248046875
6082,5520.7978515625
6083,6205.74072265625
6084,7277.6201171875
6085,4722.5107421875
6086,4776.9189453125
6087,4081.895263671875
6088,6744.6484375
6089,6883.01904296875
6090,4158.439453125
6091,4149.4921875
6092,5849.2041015625
6093,5127.65478515625
6094,4398.99658203125
6095,6445.93505859375
6096,5511.4833984375
6097,6475.828125
6098,4592.45556640625
6099,3840.446533203125
6100,5025.65234375
6101,8666.55859375
6102,6679.65478515625
6103,6637.8955078125
6104,6951.8974609375
6105,4729.734375
6106,7501.34765625
6107,4131.41064453125
6108,4964.6962890625
6109,8544.1484375
6110,5004.5595703125
6111,8849.7294921875
6112,7525.443359375
6113,5939.50732421875
6114,5493.71435546875
6115,6560.22900390625
6116,5834.63671875
6117,5184.9130859375
6118,2857.85986328125
6119,5412.07275390625
6120,6025.15673828125
6121,3726.224365234375
6122,3366.339599609375
6123,6636.71875
6124,5134.4375
6125,4458.5546875
6126,5004.6875
6127,4447.7939453125
6128,5997.19287109375
6129,5938.6201171875
6130,4874.87353515625
6131,4851.45458984375
6132,4766.6650390625
6133,5757.7763671875
6134,1980.46240234375
6135,5342.65478515625
6136,4386.2392578125
6137,7069.423828125
6138,5797.03173828125
6139,5108.56640625
6140,9392.1025390625
6141,3490.6943359375
6142,5165.47802734375
6143,8977.89453125
6144,5342.4775390625
6145,6836.12451171875
6146,5979.44580078125
6147,4616.31396484375
6148,6119.17724609375
6149,4226.369140625
6150,7428.56591796875
6151,9120.3779296875
6152,6007.71435546875
6153,2697.369873046875
6154,4278.43994140625
6155,6492.0009765625
6156,6355.57666015625
6157,5259.38134765625
6158,5726.21484375
6159,4656.9658203125
6160,5098.35986328125
6161,2764.902587890625
6162,4267.28369140625
6163,5726.41455078125
6164,5985.77001953125
6165,6027.255859375
6166,5972.89501953125
6167,6963.86865234375
6168,7354.31689453125
6169,6906.2001953125
6170,3929.741943359375
6171,8195.7919921875
6172,8192.357421875
6173,4226.099609375
6174,6105.94677734375
6175,4798.5458984375
6176,5894.623046875
6177,3028.436767578125
6178,5936.37060546875
6179,3855.627685546875
6180,8428.91796875
6181,6235.7109375
6182,6919.8603515625
6183,7293.57861328125
6184,5327.15673828125
6185,6569.9345703125
6186,16929.76953125
6187,8693.34765625
6188,5182.82861328125
6189,2190.497802734375
6190,5118.791015625
6191,6739.623046875
6192,5172.9951171875
6193,11654.3955078125
6194,17577.751953125
6195,3461.531494140625
6196,4568.26953125
6197,8845.271484375
6198,3840.4951171875
6199,6280.30224609375
6200,4640.966796875
6201,6426.1083984375
6202,5460.4736328125
6203,6023.251953125
6204,5112.5908203125
6205,6585.26123046875
6206,7117.63916015625
6207,5682.68896484375
6208,5492.10009765625
6209,5912.80712890625
6210,3522.03955078125
6211,4741.06640625
6212,5949.79638671875
6213,4717.1484375
6214,4675.6904296875
6215,5488.515625
6216,5447.92041015625
6217,4804.41015625
6218,5775.37744140625
6219,5603.33349609375
6220,7873.38134765625
6221,6643.2275390625
6222,7155.8212890625
6223,5530.81591796875
6224,3394.2060546875
6225,5080.3046875
6226,5816.50634765625
6227,4690.18359375
6228,3920.74755859375
6229,6550.0087890625
6230,6005.61328125
6231,7565.46826171875
6232,6396.95556640625
6233,4424.44091796875
6234,4277.5087890625
6235,4281.4765625
6236,7726.04638671875
6237,4175.302734375
6238,6919.9873046875
6239,14095.1689453125
6240,6514.548828125
6241,7052.33447265625
6242,4428.67529296875
6243,4211.306640625
6244,5308.416015625
6245,4042.05712890625
6246,5380.44140625
6247,9533.7451171875
6248,4515.40625
6249,13537.7109375
6250,11404.3349609375
6251,4353.93505859375
6252,5812.04345703125
6253,6045.27099609375
6254,5882.8818359375
6255,4526.99609375
6256,8840.099609375
6257,6126.34326171875
6258,7572.43896484375
6259,4104.9140625
6260,6776.42822265625
6261,4809.39013671875
6262,6389.345703125
6263,5451.81005859375
6264,5143.37548828125
6265,5874.68701171875
6266,5854.17578125
6267,6820.2685546875
6268,8909.828125
6269,5471.46337890625
6270,8302.1298828125
6271,6099.318359375
6272,8485.24609375
6273,4328.35888671875
6274,4073.535888671875
6275,4609.89990234375
6276,7887.11767578125
6277,5836.962890625
6278,6899.9169921875
6279,4930.18896484375
6280,6197.900390625
6281,4524.171875
6282,7960.63720703125
6283,6250.67578125
6284,3281.857177734375
6285,8877.9990234375
6286,16078.4970703125
6287,5450.642578125
6288,5405.51416015625
6289,7606.8505859375
6290,8625.95703125
6291,10404.7060546875
6292,4732.37109375
6293,6059.91796875
6294,5353.5048828125
6295,6751.943359375
6296,3754.52734375
6297,5558.3388671875
6298,4268.3837890625
6299,4822.7265625
6300,6700.06689453125
6301,4756.7001953125
6302,3272.914306640625
6303,6279.1357421875
6304,3570.309814453125
6305,3903.337646484375
6306,5424.97216796875
6307,4958.49462890625
6308,8061.54638671875
6309,7909.18310546875
6310,6267.08935546875
6311,5929.9833984375
6312,6185.3427734375
6313,10420.2919921875
6314,5583.89404296875
6315,4100.1826171875
6316,5183.3984375
6317,7958.52587890625
6318,4401.7548828125
6319,6190.68115234375
6320,3260.390380859375
6321,4175.328125
6322,6602.87060546875
6323,6057.14990234375
6324,5188.453125
6325,8380.8017578125
6326,8843.7412109375
6327,10742.662109375
6328,5654.796875
6329,7762.8505859375
6330,2578.896484375
6331,4553.705078125
6332,5314.908203125
6333,3286.638427734375
6334,6832.4873046875
6335,4075.84130859375
6336,4664.65771484375
6337,7927.69384765625
6338,9802.4130859375
6339,7377.98291015625
6340,4340.89013671875
6341,4323.4482421875
6342,7958.0166015625
6343,6816.77490234375
6344,5105.845703125
6345,5167.58154296875
6346,5767.08056640625
6347,7957.77490234375
6348,4205.44873046875
6349,5235.60498046875
6350,6608.51806640625
6351,6904.9169921875
6352,11682.2978515625
6353,4985.9404296875
6354,13119.51171875
6355,6140.87841796875
6356,4824.572265625
6357,3188.172119140625
6358,4941.3994140625
6359,5295.1669921875
6360,4803.4345703125
6361,6444.91650390625
6362,5003.4287109375
6363,3698.38232421875
6364,5595.05859375
6365,3455.88330078125
6366,6290.16357421875
6367,6102.205078125
6368,6942.14453125
6369,7138.60205078125
6370,4790.974609375
6371,7718.06201171875
6372,4991.5341796875
6373,5572.19873046875
6374,5224.75146484375
6375,4113.94970703125
6376,8393.0224609375
6377,6164.5400390625
6378,4063.757568359375
6379,5866.6484375
6380,7861.55517578125
6381,5899.69873046875
6382,5222.61083984375
6383,7168.86865234375
6384,5017.76513671875
6385,5982.9189453125
6386,5107.7275390625
6387,7317.4951171875
6388,5215.4345703125
6389,5340.76318359375
6390,4601.626953125
6391,4020.1689453125
6392,3918.76953125
6393,4746.765625
6394,7490.9365234375
6395,7628.11181640625
6396,9281.1044921875
6397,8995.77734375
6398,7307.9814453125
6399,5997.2021484375
6400,5286.3203125
6401,9485.361328125
6402,8936.474609375
6403,6470.8037109375
6404,7336.0908203125
6405,6904.29052734375
6406,5067.578125
6407,3187.2373046875
6408,7169.701171875
6409,5502.28857421875
6410,5612.57666015625
6411,5171.37158203125
6412,2150.8779296875
6413,8721.62890625
6414,5805.93310546875
6415,7416.68212890625
6416,4586.17041015625
6417,4815.90869140625
6418,6121.751953125
6419,5825.1787109375
6420,5872.82080078125
6421,5250.12841796875
6422,4440.10986328125
6423,3075.7529296875
6424,2790.84130859375
6425,5872.607421875
6426,16424.390625
6427,3678.626953125
6428,5297.4873046875
6429,5812.4296875
6430,3935.127197265625
6431,4663.1943359375
6432,4519.09423828125
6433,3295.616455078125
6434,6066.521484375
6435,6484.52197265625
6436,3074.661376953125
6437,7053.64990234375
6438,3586.698974609375
6439,4544.6767578125
6440,7844.22900390625
6441,5945.47998046875
6442,8955.2626953125
6443,4130.04638671875
6444,5292.6572265625
6445,3907.737548828125
6446,4903.220703125
6447,13120.0126953125
6448,9893.4189453125
6449,6518.90673828125
6450,4208.73828125
6451,4453.3642578125
6452,5396.15185546875
6453,4510.2275390625
6454,9501.5556640625
6455,4306.4560546875
6456,4094.84033203125
6457,5796.34423828125
6458,3786.43896484375
6459,5535.2939453125
6460,6593.8916015625
6461,6174.87060546875
6462,6406.64892578125
6463,3277.88818359375
6464,4428.41162109375
6465,5837.47265625
6466,7337.966796875
6467,7293.384765625
6468,6276.79052734375
6469,3606.069091796875
6470,6947.87255859375
6471,4945.63330078125
6472,4242.9150390625
6473,5760.6806640625
6474,6711.884765625
6475,5268.00732421875
6476,5556.81982421875
6477,5583.025390625
6478,6227.77734375
6479,5598.2041015625
6480,6136.50244140625
6481,5847.1962890625
6482,4587.97900390625
6483,9329.1845703125
6484,5331.02978515625
6485,3648.4248046875
6486,9808.9423828125
6487,4904.68701171875
6488,3520.4599609375
6489,6693.306640625
6490,11129.685546875
6491,8267.12109375
6492,4478.36083984375
6493,5301.61328125
6494,4733.78076171875
6495,6098.69921875
6496,4843.03515625
6497,6345.814453125
6498,2899.007568359375
6499,4339.5078125
6500,5667.515625
6501,4512.06298828125
6502,3798.984619140625
6503,6542.66064453125
6504,5678.0380859375
6505,4935.9013671875
6506,6745.3916015625
6507,5459.2099609375
6508,7281.72509765625
6509,4678.2470703125
6510,5257.39404296875
6511,5853.22314453125
6512,7432.02978515625
6513,6473.8232421875
6514,4528.005859375
6515,8263.9951171875
6516,6340.525390625
6517,7821.63818359375
6518,3984.6142578125
6519,3541.476318359375
6520,6839.31884765625
6521,5289.1953125
6522,7728.7099609375
6523,5451.03369140625
6524,4868.23193359375
6525,7115.90283203125
6526,5094.40771484375
6527,4891.14501953125
6528,5993.228515625
6529,4428.64990234375
6530,8027.84619140625
6531,8122.7900390625
6532,6544.28076171875
6533,4152.33203125
6534,4192.6728515625
6535,3223.0341796875
6536,3265.119140625
6537,6150.951171875
6538,4202.10107421875
6539,7600.99609375
6540,3651.717041015625
6541,4853.96533203125
6542,5348.06591796875
6543,7230.3388671875
6544,4564.62939453125
6545,4701.3203125
6546,4600.380859375
6547,6259.8037109375
6548,4884.20068359375
6549,6091.87255859375
6550,6443.55712890625
6551,7261.44140625
6552,6490.455078125
6553,6647.60693359375
6554,5540.98779296875
6555,3915.77783203125
6556,4781.0908203125
6557,8617.6982421875
6558,6637.62353515625
6559,7092.8583984375
6560,14415.9619140625
6561,4693.64306640625
6562,4407.0927734375
6563,5672.02490234375
6564,7595.0556640625
6565,8390.376953125
6566,5935.30419921875
6567,7199.783203125
6568,7015.35009765625
6569,7758.27587890625
6570,5914.93798828125
6571,4613.005859375
6572,4386.6962890625
6573,4086.619384765625
6574,3206.146484375
6575,3697.7822265625
6576,7278.93896484375
6577,14358.9521484375
6578,5937.1796875
6579,4701.85595703125
6580,6058.6328125
6581,4157.1787109375
6582,5595.15966796875
6583,4145.37255859375
6584,8539.87890625
6585,5656.46435546875
6586,5299.7109375
6587,11085.0732421875
6588,10839.486328125
6589,4963.48583984375
6590,6129.30126953125
6591,3727.883544921875
6592,4972.12939453125
6593,5243.89404296875
6594,7362.0771484375
6595,4354.044921875
6596,3961.182861328125
6597,3865.365966796875
6598,4761.4677734375
6599,5122.59521484375
6600,5274.095703125
6601,3727.211181640625
6602,6321.13525390625
6603,6725.61328125
6604,5592.83642578125
6605,3611.740234375
6606,2868.919921875
6607,6966.71044921875
6608,3237.5546875
6609,8664.556640625
6610,3703.138427734375
6611,4509.0361328125
6612,5475.2333984375
6613,3859.806396484375
6614,4229.36279296875
6615,5254.607421875
6616,5260.78369140625
6617,7898.595703125
6618,7367.75830078125
6619,5364.22802734375
6620,3962.032958984375
6621,4772.8828125
6622,4949.65380859375
6623,4757.24072265625
6624,4852.8681640625
6625,5629.20166015625
6626,8846.2265625
6627,6033.93359375
6628,6002.43798828125
6629,6840.9658203125
6630,3330.0146484375
6631,7932.4736328125
6632,4910.744140625
6633,10598.3994140625
6634,5374.00244140625
6635,4588.2158203125
6636,3320.087158203125
6637,3683.048828125
6638,5791.2861328125
6639,18597.013671875
6640,3404.024169921875
6641,4112.95849609375
6642,8198.27734375
6643,5552.95556640625
6644,6873.853515625
6645,7063.8876953125
6646,5094.99462890625
6647,5069.29736328125
6648,3913.751708984375
6649,8442.830078125
6650,5060.5517578125
6651,6259.97900390625
6652,6543.27294921875
6653,3689.84033203125
6654,6768.46240234375
6655,5444.42529296875
6656,3824.80419921875
6657,7431.89892578125
6658,7705.76904296875
6659,3707.30908203125
6660,7211.65234375
6661,5952.21728515625
6662,4356.14697265625
6663,7038.65087890625
6664,5975.20361328125
6665,6389.81201171875
6666,4257.6298828125
6667,4269.64453125
6668,5941.626953125
6669,4089.794189453125
6670,6622.1787109375
6671,3862.15380859375
6672,5453.724609375
6673,4282.0498046875
6674,5232.8046875
6675,5561.81689453125
6676,5847.9130859375
6677,6212.65771484375
6678,7276.59765625
6679,4994.7509765625
6680,6867.80615234375
6681,5744.22607421875
6682,6429.8193359375
6683,8291.248046875
6684,7087.7021484375
6685,2653.303466796875
6686,4638.4033203125
6687,6401.7841796875
6688,4380.82177734375
6689,10862.63671875
6690,4722.5283203125
6691,8319.22265625
6692,8319.22265625
6693,6881.7724609375
6694,3540.099365234375
6695,12865.123046875
6696,8791.744140625
6697,5231.57861328125
6698,6477.97900390625
6699,8063.75146484375
6700,5243.55517578125
6701,4769.98779296875
6702,5318.7490234375
6703,4135.720703125
6704,3489.54150390625
6705,5915.32666015625
6706,3781.450927734375
6707,5815.5830078125
6708,5557.2744140625
6709,5389.41162109375
6710,5933.45068359375
6711,5547.3486328125
6712,5530.810546875
6713,3937.482666015625
6714,6415.9658203125
6715,5654.97607421875
6716,5469.28759765625
6717,5640.8642578125
6718,4447.59228515625
6719,8045.748046875
6720,4387.33642578125
6721,4337.2587890625
6722,5256.80078125
6723,6452.7314453125
6724,5729.279296875
6725,4271.4091796875
6726,3996.995849609375
6727,6372.412109375
6728,6790.2138671875
6729,4579.5146484375
6730,6411.8564453125
6731,5709.75634765625
6732,4765.53466796875
6733,4538.8798828125
6734,2972.95556640625
6735,6594.61181640625
6736,5837.712890625
6737,5326.77197265625
6738,7787.703125
6739,6718.64990234375
6740,4098.6611328125
6741,7851.35791015625
6742,3737.6171875
6743,2806.972900390625
6744,6249.20263671875
6745,10157.59375
6746,6478.75927734375
6747,5541.4169921875
6748,3270.528564453125
6749,5169.5009765625
6750,6356.60205078125
6751,4990.0439453125
6752,6945.8681640625
6753,3676.940673828125
6754,4368.2275390625
6755,4104.41357421875
6756,4585.58251953125
6757,4534.279296875
6758,3521.24560546875
6759,4576.419921875
6760,3473.760986328125
6761,5772.55615234375
6762,5794.7841796875
6763,4393.384765625
6764,5602.70849609375
6765,5966.97265625
6766,4694.64990234375
6767,4686.3876953125
6768,8098.72509765625
6769,5408.94140625
6770,4988.400390625
6771,2551.390869140625
6772,10562.134765625
6773,5828.88037109375
6774,3987.31201171875
6775,6744.34326171875
6776,6384.2578125
6777,5982.603515625
6778,5191.3662109375
6779,6417.55224609375
6780,6767.6376953125
6781,10149.2861328125
6782,4198.0947265625
6783,3552.040771484375
6784,4588.63427734375
6785,5989.09716796875
6786,5147.3623046875
6787,6292.658203125
6788,6759.30078125
6789,5297.5634765625
6790,3727.970458984375
6791,5600.166015625
6792,8250.7392578125
6793,4120.10693359375
6794,5712.93115234375
6795,3812.3544921875
6796,6632.759765625
6797,6172.37109375
6798,6306.40966796875
6799,6989.13232421875
6800,5158.98828125
6801,3637.678955078125
6802,5967.22998046875
6803,5799.46826171875
6804,7637.0439453125
6805,5947.92333984375
6806,6821.2265625
6807,5012.98388671875
6808,4028.6796875
6809,8314.998046875
6810,3748.944091796875
6811,8142.84375
6812,5897.7197265625
6813,3789.66943359375
6814,6222.8232421875
6815,5298.181640625
6816,6869.00390625
6817,7558.48828125
6818,4211.93115234375
6819,4048.292236328125
6820,5904.10986328125
6821,7385.8486328125
6822,7614.9482421875
6823,4657.4189453125
6824,5451.33447265625
6825,4587.60205078125
6826,5793.43603515625
6827,4870.017578125
6828,8302.2939453125
6829,7012.55859375
6830,8870.7685546875
6831,3600.131103515625
6832,4629.2001953125
6833,9454.642578125
6834,7799.48681640625
6835,3955.69775390625
6836,8995.7646484375
6837,4139.66015625
6838,5119.4365234375
6839,4068.528076171875
6840,4083.049072265625
6841,4508.34765625
6842,4350.59033203125
6843,3787.006591796875
6844,3849.91845703125
6845,6825.099609375
6846,6507.583984375
6847,20234.697265625
6848,5419.84375
6849,3589.91455078125
6850,5414.353515625
6851,7858.9873046875
6852,5185.71142578125
6853,5956.01171875
6854,5271.23779296875
6855,6436.74365234375
6856,5863.8125
6857,4138.95751953125
6858,4570.50830078125
6859,5050.70361328125
6860,6888.64697265625
6861,5791.767578125
6862,7426.52783203125
6863,4100.59912109375
6864,3472.380615234375
6865,4346.169921875
6866,7970.93701171875
6867,9173.3603515625
6868,7523.396484375
6869,6499.54150390625
6870,4424.55615234375
6871,4924.35302734375
6872,3659.9365234375
6873,6815.15478515625
6874,7761.7373046875
6875,9253.7177734375
6876,4743.8447265625
6877,3730.744140625
6878,4404.50146484375
6879,5098.15625
6880,8733.6171875
6881,5115.0283203125
6882,4089.755126953125
6883,3986.78076171875
6884,6398.8173828125
6885,3224.898681640625
6886,6155.275390625
6887,3514.447509765625
6888,5276.39990234375
6889,4595.36083984375
6890,4571.52978515625
6891,6746.9248046875
6892,5015.3544921875
6893,4726.93359375
6894,5805.236328125
6895,5081.73583984375
6896,8797.974609375
6897,5088.494140625
6898,6639.60302734375
6899,7591.04638671875
6900,7769.98193359375
6901,5578.12109375
6902,7765.09326171875
6903,3289.697021484375
6904,4173.84326171875
6905,5307.72265625
6906,5445.88330078125
6907,8026.498046875
6908,6193.0966796875
6909,4411.41162109375
6910,5728.36572265625
6911,5436.80859375
6912,8116.28076171875
6913,3814.16455078125
6914,11778.1962890625
6915,3736.0869140625
6916,4956.5390625
6917,7135.4580078125
6918,3923.799072265625
6919,4758.15478515625
6920,5882.72802734375
6921,6258.2734375
6922,4677.43994140625
6923,4259.8076171875
6924,6778.54296875
6925,6070.853515625
6926,5024.95947265625
6927,4669.724609375
6928,6476.9501953125
6929,10806.705078125
6930,6366.68017578125
6931,4364.03662109375
6932,5652.181640625
6933,5585.90673828125
6934,5672.2783203125
6935,6489.18115234375
6936,3314.792236328125
6937,7093.375
6938,5651.205078125
6939,6190.087890625
6940,6867.451171875
6941,4142.15869140625
6942,4863.32568359375
6943,4259.59423828125
6944,6693.34130859375
6945,6907.18505859375
6946,4284.12060546875
6947,4131.40087890625
6948,5539.32177734375
6949,4972.10107421875
6950,4217.86865234375
6951,5982.6357421875
6952,5478.701171875
6953,6602.72705078125
6954,4572.2685546875
6955,4041.115966796875
6956,5379.30810546875
6957,7816.2802734375
6958,6553.8603515625
6959,6401.6923828125
6960,6985.32861328125
6961,4732.568359375
6962,7256.5634765625
6963,4587.17724609375
6964,5045.58642578125
6965,7831.2958984375
6966,4581.40869140625
6967,8858.9169921875
6968,7754.07470703125
6969,5693.62451171875
6970,5159.28125
6971,6811.673828125
6972,5289.67529296875
6973,5049.27978515625
6974,2620.787841796875
6975,5278.759765625
6976,6425.64208984375
6977,3843.876220703125
6978,3351.382080078125
6979,6710.22509765625
6980,5159.6181640625
6981,4318.33935546875
6982,5104.6953125
6983,4491.36767578125
6984,5804.16259765625
6985,5942.00732421875
6986,4667.494140625
6987,4617.69140625
6988,5151.83203125
6989,5675.57763671875
6990,1763.279541015625
6991,4998.4736328125
6992,4366.1025390625
6993,7173.50732421875
6994,5955.9638671875
6995,5108.81884765625
6996,9257.357421875
6997,4224.52197265625
6998,4932.00048828125
6999,8939.662109375
7000,5826.78125
7001,6292.84423828125
7002,6236.30126953125
7003,4165.5859375
7004,5762.2529296875
7005,4119.119140625
7006,6339.03076171875
7007,9422.5537109375
7008,5437.634765625
7009,2764.27197265625
7010,4662.490234375
7011,6418.951171875
7012,6659.064453125
7013,5141.35009765625
7014,5965.5048828125
7015,4621.71435546875
7016,4569.7646484375
7017,2786.650146484375
7018,4348.2822265625
7019,5386.654296875
7020,5672.4384765625
7021,6123.20458984375
7022,8220.0361328125
7023,6720.04638671875
7024,7147.02978515625
7025,6730.88330078125
7026,3723.059814453125
7027,8226.298828125
7028,8403.953125
7029,4221.5498046875
7030,6351.599609375
7031,4528.31591796875
7032,5961.18310546875
7033,2854.2890625
7034,5648.8154296875
7035,3905.9453125
7036,8441.41015625
7037,6171.96533203125
7038,6703.8134765625
7039,7169.81787109375
7040,4825.0888671875
7041,6311.7705078125
7042,16674.78515625
7043,8046.7060546875
7044,5022.65673828125
7045,2453.428466796875
7046,5137.45361328125
7047,6584.96142578125
7048,5362.57666015625
7049,11327.583984375
7050,17512.91796875
7051,3484.494873046875
7052,4545.35498046875
7053,7186.68310546875
7054,4216.71435546875
7055,6580.27734375
7056,4628.52880859375
7057,6296.23583984375
7058,0.0
7059,6006.6748046875
7060,4696.84912109375
7061,6455.01611328125
7062,6779.41796875
7063,5162.3916015625
7064,5195.96484375
7065,5606.0908203125
7066,3571.5341796875
7067,4851.63427734375
7068,6235.6279296875
7069,4263.79541015625
7070,4522.34716796875
7071,6026.21044921875
7072,5321.3857421875
7073,4839.62646484375
7074,5626.13818359375
7075,5724.07568359375
7076,7071.7392578125
7077,6444.3466796875
7078,6677.18603515625
7079,5346.79833984375
7080,3351.13330078125
7081,5072.87255859375
7082,5883.1884765625
7083,4747.15966796875
7084,3772.49462890625
7085,6913.25537109375
7086,5633.53857421875
7087,7387.23779296875
7088,6327.98388671875
7089,4213.56396484375
7090,3772.830322265625
7091,3826.523681640625
7092,7512.46435546875
7093,4007.550048828125
7094,6500.22021484375
7095,13142.908203125
7096,6212.28271484375
7097,5154.50048828125
7098,4055.4404296875
7099,4366.2353515625
7100,5235.57421875
7101,3797.64794921875
7102,5663.86279296875
7103,9059.1630859375
7104,3964.070556640625
7105,12684.2529296875
7106,10941.0244140625
7107,4175.8125
7108,5980.43896484375
7109,6126.9189453125
7110,5713.2958984375
7111,4621.36767578125
7112,8508.0888671875
7113,5454.13525390625
7114,7219.92822265625
7115,3810.896240234375
7116,6867.75
7117,4298.1591796875
7118,6507.6376953125
7119,5137.94091796875
7120,4937.16845703125
7121,5450.78662109375
7122,5573.1259765625
7123,7002.65966796875
7124,8328.8095703125
7125,5362.98193359375
7126,8902.1611328125
7127,6030.0380859375
7128,8779.447265625
7129,4492.44091796875
7130,4609.3720703125
7131,4578.41064453125
7132,7762.4462890625
7133,5596.60205078125
7134,6053.78125
7135,4915.3095703125
7136,6021.19970703125
7137,4137.896484375
7138,7070.7763671875
7139,5770.44384765625
7140,3261.619873046875
7141,9440.7998046875
7142,15116.052734375
7143,5452.57958984375
7144,5621.546875
7145,7391.50927734375
7146,8561.82421875
7147,10212.830078125
7148,4638.888671875
7149,5967.3232421875
7150,4983.0703125
7151,6704.86767578125
7152,3727.98583984375
7153,5555.8369140625
7154,4500.9775390625
7155,4670.95361328125
7156,7000.99169921875
7157,5172.95703125
7158,3128.135986328125
7159,6073.38525390625
7160,3060.39599609375
7161,4403.00146484375
7162,5187.736328125
7163,5476.8984375
7164,7899.42333984375
7165,7281.80810546875
7166,5959.66259765625
7167,5571.09912109375
7168,5901.56982421875
7169,9746.341796875
7170,5411.169921875
7171,4252.83154296875
7172,4638.2451171875
7173,8060.5703125
7174,4210.1572265625
7175,6174.57470703125
7176,3066.566650390625
7177,4563.0078125
7178,6172.34765625
7179,5616.59619140625
7180,4797.79248046875
7181,8088.45654296875
7182,8320.8583984375
7183,10778.9853515625
7184,5350.98291015625
7185,7205.1591796875
7186,2827.760498046875
7187,4661.91796875
7188,5499.09228515625
7189,3603.008544921875
7190,6931.998046875
7191,3922.527099609375
7192,4885.34521484375
7193,7800.2451171875
7194,9982.9873046875
7195,6411.6640625
7196,4416.19287109375
7197,4010.97412109375
7198,9063.0556640625
7199,7464.38134765625
7200,5136.427734375
7201,4756.0595703125
7202,5972.3525390625
7203,7303.90771484375
7204,3925.421630859375
7205,5410.78076171875
7206,6702.93505859375
7207,7098.5947265625
7208,11159.6337890625
7209,4996.3828125
7210,13505.9697265625
7211,5645.41796875
7212,4709.47412109375
7213,3069.323974609375
7214,5336.64453125
7215,4410.44580078125
7216,4576.66650390625
7217,6206.10302734375
7218,4448.90380859375
7219,3362.106201171875
7220,5304.88671875
7221,3499.799072265625
7222,6003.73583984375
7223,5702.86279296875
7224,6616.71484375
7225,6660.392578125
7226,4141.279296875
7227,7729.53955078125
7228,4878.888671875
7229,5440.4052734375
7230,5002.54150390625
7231,4896.984375
7232,8567.203125
7233,6317.626953125
7234,3863.068603515625
7235,6179.146484375
7236,7571.88330078125
7237,5740.7431640625
7238,5192.19482421875
7239,7320.39306640625
7240,4965.267578125
7241,5556.41259765625
7242,5293.5458984375
7243,6928.63525390625
7244,4800.548828125
7245,4944.7958984375
7246,4239.93115234375
7247,4103.8896484375
7248,3828.794189453125
7249,4337.86328125
7250,6771.22314453125
7251,7073.572265625
7252,9339.3916015625
7253,8610.3994140625
7254,6907.98876953125
7255,5846.91650390625
7256,4937.05029296875
7257,9928.0927734375
7258,8656.4267578125
7259,5543.169921875
7260,7151.291015625
7261,6555.546875
7262,5074.97265625
7263,3325.83447265625
7264,6617.74462890625
7265,5328.6943359375
7266,5671.0244140625
7267,5025.12841796875
7268,2319.1787109375
7269,8561.0771484375
7270,5589.93505859375
7271,7375.23828125
7272,4636.57666015625
7273,4641.02783203125
7274,6114.08984375
7275,6073.92724609375
7276,5631.28271484375
7277,5455.0400390625
7278,4169.85546875
7279,3579.701416015625
7280,2869.44677734375
7281,5910.64013671875
7282,16135.2998046875
7283,3524.44482421875
7284,5123.43505859375
7285,6260.76708984375
7286,3680.77685546875
7287,4895.26171875
7288,4353.658203125
7289,3431.63623046875
7290,5759.59619140625
7291,6039.81982421875
7292,3074.984130859375
7293,6864.9482421875
7294,3408.414306640625
7295,4746.7900390625
7296,7943.63427734375
7297,6327.95068359375
7298,8725.341796875
7299,4178.876953125
7300,5141.25244140625
7301,3787.5087890625
7302,4571.36962890625
7303,14047.88671875
7304,9260.908203125
7305,5751.23828125
7306,4435.05908203125
7307,4060.98291015625
7308,5248.3291015625
7309,3961.9658203125
7310,7663.3974609375
7311,4600.29052734375
7312,4056.26318359375
7313,5422.091796875
7314,3863.320068359375
7315,5572.99853515625
7316,5887.19384765625
7317,5833.66552734375
7318,5994.20068359375
7319,3458.818603515625
7320,4447.6796875
7321,5128.634765625
7322,7343.95166015625
7323,7162.958984375
7324,6128.1181640625
7325,3521.76611328125
7326,6711.75537109375
7327,5441.48828125
7328,4062.76513671875
7329,5407.9541015625
7330,6281.224609375
7331,5117.3125
7332,5588.32958984375
7333,5665.3857421875
7334,5761.2587890625
7335,5850.10400390625
7336,6124.84716796875
7337,5413.36669921875
7338,4481.4814453125
7339,8899.9052734375
7340,5040.91845703125
7341,3894.899169921875
7342,9809.390625
7343,4529.58349609375
7344,3874.5283203125
7345,6417.37109375
7346,11224.3837890625
7347,8814.705078125
7348,4557.8193359375
7349,4990.31982421875
7350,4761.546875
7351,6404.130859375
7352,4515.68115234375
7353,6339.64013671875
7354,2406.21142578125
7355,4496.193359375
7356,5550.0439453125
7357,4778.32861328125
7358,3592.8828125
7359,6669.90234375
7360,6190.13134765625
7361,4975.62646484375
7362,6881.52392578125
7363,5462.88818359375
7364,7339.66064453125
7365,4383.89892578125
7366,5456.8642578125
7367,5900.25341796875
7368,6896.37451171875
7369,6572.05322265625
7370,2827.183349609375
7371,8508.0263671875
7372,5870.43408203125
7373,7707.2783203125
7374,4343.76953125
7375,3317.07958984375
7376,6280.08837890625
7377,5069.35595703125
7378,7978.26513671875
7379,5036.94384765625
7380,4949.59814453125
7381,6131.34130859375
7382,5036.4091796875
7383,4425.94921875
7384,5750.0556640625
7385,4042.0966796875
7386,8025.1416015625
7387,8136.2001953125
7388,6364.39697265625
7389,3918.951416015625
7390,3893.471923828125
7391,2758.584228515625
7392,3276.5751953125
7393,5833.8505859375
7394,3655.766845703125
7395,7588.638671875
7396,3263.650146484375
7397,4540.62060546875
7398,4470.181640625
7399,7706.638671875
7400,4347.96875
7401,4257.859375
7402,4785.669921875
7403,6318.63671875
7404,4299.32421875
7405,6139.38720703125
7406,6429.4384765625
7407,7599.4677734375
7408,6344.65283203125
7409,6523.3642578125
7410,5229.265625
7411,3892.364990234375
7412,4345.453125
7413,9051.48828125
7414,6742.783203125
7415,6862.40966796875
7416,14227.65234375
7417,4465.53466796875
7418,4394.849609375
7419,5521.2431640625
7420,7458.83935546875
7421,8114.4921875
7422,5894.11572265625
7423,6895.1162109375
7424,6956.57275390625
7425,7596.9658203125
7426,5536.4619140625
7427,4556.90087890625
7428,4294.7939453125
7429,3635.0595703125
7430,3404.43212890625
7431,3670.775146484375
7432,6868.4873046875
7433,14647.4091796875
7434,5844.71337890625
7435,4450.63525390625
7436,6291.87841796875
7437,3824.241943359375
7438,5488.11083984375
7439,3780.883544921875
7440,7919.74560546875
7441,5422.103515625
7442,4951.76171875
7443,11133.1669921875
7444,10646.197265625
7445,5082.7646484375
7446,6211.92138671875
7447,3694.603759765625
7448,5140.43896484375
7449,5293.21240234375
7450,6708.359375
7451,4453.2333984375
7452,3778.74560546875
7453,3774.68115234375
7454,4697.84521484375
7455,5059.716796875
7456,5308.84912109375
7457,3789.540771484375
7458,6372.11376953125
7459,6866.947265625
7460,5858.45849609375
7461,3828.5166015625
7462,3201.39501953125
7463,6701.666015625
7464,3117.893798828125
7465,8983.861328125
7466,3483.780517578125
7467,4212.7666015625
7468,5190.56884765625
7469,3840.731689453125
7470,3997.81591796875
7471,4812.00537109375
7472,5203.30126953125
7473,8149.50439453125
7474,7644.19091796875
7475,5218.76611328125
7476,3848.217041015625
7477,4751.0859375
7478,4627.271484375
7479,4711.900390625
7480,4580.52783203125
7481,5426.1357421875
7482,8649.1640625
7483,5599.00341796875
7484,5142.63134765625
7485,7061.98583984375
7486,3110.1318359375
7487,7684.4765625
7488,4333.1962890625
7489,10568.185546875
7490,4991.55078125
7491,4732.21875
7492,3355.1630859375
7493,3428.6494140625
7494,6165.79150390625
7495,18450.35546875
7496,3453.94970703125
7497,4070.620361328125
7498,7662.66552734375
7499,5899.962890625
7500,6504.14453125
7501,7120.60546875
7502,5088.861328125
7503,5099.27587890625
7504,3878.39111328125
7505,8617.6728515625
7506,4670.1767578125
7507,6341.88916015625
7508,6493.0244140625
7509,3370.23974609375
7510,7047.38330078125
7511,5500.59326171875
7512,4014.31103515625
7513,7354.1328125
7514,7175.3828125
7515,3636.66552734375
7516,6951.28857421875
7517,5450.087890625
7518,4067.048095703125
7519,6485.94287109375
7520,5780.60546875
7521,6120.29541015625
7522,4290.064453125
7523,4344.61083984375
7524,6516.60546875
7525,3558.056884765625
7526,6399.80419921875
7527,4090.314208984375
7528,5517.1162109375
7529,4339.69921875
7530,5017.8115234375
7531,5735.30859375
7532,5799.2236328125
7533,5926.798828125
7534,7282.546875
7535,4689.505859375
7536,7293.8818359375
7537,5369.287109375
7538,6900.58837890625
7539,7923.8271484375
7540,6513.3466796875
7541,2755.315673828125
7542,4291.2861328125
7543,6105.22998046875
7544,4179.1943359375
7545,9836.28515625
7546,4573.2392578125
7547,7524.03857421875
7548,7524.03857421875
7549,6132.62841796875
7550,3422.915771484375
7551,12628.16015625
7552,8467.17578125
7553,5408.5927734375
7554,6359.470703125
7555,8025.888671875
7556,4788.4228515625
7557,4824.01416015625
7558,5373.0615234375
7559,4176.2158203125
7560,3226.059814453125
7561,5973.47119140625
7562,3622.085205078125
7563,6630.0625
7564,5339.27783203125
7565,5213.23681640625
7566,6243.73828125
7567,5355.2763671875
7568,5514.8564453125
7569,3646.296630859375
7570,6226.1796875
7571,5778.55078125
7572,4892.40966796875
7573,5648.83056640625
7574,4596.09228515625
7575,7876.7666015625
7576,4497.83251953125
7577,4385.25146484375
7578,4707.54443359375
7579,6296.49365234375
7580,6084.4267578125
7581,4159.23095703125
7582,3853.501220703125
7583,6570.0068359375
7584,6907.4013671875
7585,4682.53955078125
7586,6525.39697265625
7587,5865.64599609375
7588,5242.95068359375
7589,4237.0439453125
7590,2752.716064453125
7591,6725.90234375
7592,5769.21826171875
7593,5088.31982421875
7594,7658.3916015625
7595,7328.79052734375
7596,4254.0712890625
7597,6532.63037109375
7598,3801.63037109375
7599,2729.3515625
7600,6253.6640625
7601,10921.916015625
7602,6150.30126953125
7603,5762.53271484375
7604,2924.7705078125
7605,5427.81689453125
7606,6255.89892578125
7607,5277.24658203125
7608,6717.9755859375
7609,3771.028076171875
7610,4336.01171875
7611,3999.14453125
7612,4518.62353515625
7613,4706.66845703125
7614,3590.744384765625
7615,4190.90234375
7616,3545.72314453125
7617,5742.3662109375
7618,5936.78369140625
7619,4060.14453125
7620,5347.01123046875
7621,6178.7958984375
7622,4855.7099609375
7623,4312.818359375
7624,7660.2529296875
7625,5792.2314453125
7626,4538.96630859375
7627,2730.98046875
7628,10554.0458984375
7629,5535.51904296875
7630,4153.6005859375
7631,6031.46337890625
7632,6991.17626953125
7633,5986.7490234375
7634,5153.93359375
7635,6477.68408203125
7636,7120.59765625
7637,10426.818359375
7638,4099.3525390625
7639,3749.00146484375
7640,4070.05810546875
7641,5449.47412109375
7642,4719.04052734375
7643,6755.4267578125
7644,6335.3623046875
7645,5129.34619140625
7646,3337.491943359375
7647,5096.65576171875
7648,7301.69580078125
7649,3945.796875
7650,5352.31201171875
7651,3433.191650390625
7652,6471.3134765625
7653,6292.77490234375
7654,5980.43359375
7655,7082.23876953125
7656,5131.43408203125
7657,3342.65283203125
7658,5651.6591796875
7659,5880.716796875
7660,7864.2060546875
7661,5678.80517578125
7662,6704.6533203125
7663,4664.09375
7664,3944.96533203125
7665,8349.10546875
7666,3481.09033203125
7667,8127.91259765625
7668,5491.564453125
7669,3882.73486328125
7670,6213.6640625
7671,4839.8974609375
7672,6726.3212890625
7673,7705.576171875
7674,4076.954833984375
7675,3649.293212890625
7676,5713.38623046875
7677,7425.7138671875
7678,7615.2255859375
7679,4989.39501953125
7680,5159.876953125
7681,4418.455078125
7682,5759.10595703125
7683,4927.7529296875
7684,8250.58984375
7685,6841.10693359375
7686,8455.490234375
7687,3493.544189453125
7688,4553.81396484375
7689,9254.291015625
7690,6954.63671875
7691,3863.69384765625
7692,8538.6669921875
7693,3915.07861328125
7694,5121.38232421875
7695,3881.116943359375
7696,4222.8935546875
7697,4281.3876953125
7698,4380.74951171875
7699,3933.482666015625
7700,3935.264404296875
7701,6916.44580078125
7702,5820.462890625
7703,20153.794921875
7704,5683.17578125
7705,3520.7802734375
7706,5631.45947265625
7707,8857.3662109375
7708,5231.36376953125
7709,6086.94970703125
7710,5506.92529296875
7711,5937.58154296875
7712,5944.8310546875
7713,3576.30419921875
7714,4750.22314453125
7715,5184.1904296875
7716,6827.9736328125
7717,5768.0947265625
7718,7124.583984375
7719,3419.2666015625
7720,3740.117431640625
7721,4069.9560546875
7722,7812.92919921875
7723,9543.4541015625
7724,7820.80078125
7725,6502.66845703125
7726,4326.79638671875
7727,4804.599609375
7728,3012.50634765625
7729,7004.08349609375
7730,7287.83056640625
7731,9051.5732421875
7732,4530.73681640625
7733,3758.14111328125
7734,3826.251953125
7735,4989.90234375
7736,7937.4326171875
7737,4905.94482421875
7738,3851.781982421875
7739,3417.87548828125
7740,6338.109375
7741,3358.503662109375
7742,6360.05322265625
7743,3332.5283203125
7744,4824.42041015625
7745,4080.437744140625
7746,4776.19189453125
7747,5974.96533203125
7748,5325.69921875
7749,4453.021484375
7750,6428.20458984375
7751,4728.6728515625
7752,8456.8017578125
7753,4870.3310546875
7754,6652.2548828125
7755,7603.52978515625
7756,7733.34912109375
7757,5827.1591796875
7758,8288.6689453125
7759,3164.044677734375
7760,4819.80419921875
7761,5165.294921875
7762,5273.037109375
7763,8481.16796875
7764,6041.3681640625
7765,4502.4638671875
7766,5888.01708984375
7767,5537.08544921875
7768,8036.89013671875
7769,3927.752685546875
7770,11365.7060546875
7771,3730.943603515625
7772,4954.15625
7773,7055.62109375
7774,3730.885009765625
7775,4262.630859375
7776,4702.34814453125
7777,6020.91259765625
7778,4319.603515625
7779,4013.034423828125
7780,6617.90283203125
7781,5999.49853515625
7782,5080.1201171875
7783,4801.67919921875
7784,6945.42529296875
7785,10443.4609375
7786,6756.18896484375
7787,4606.33642578125
7788,4951.11572265625
7789,5871.45166015625
7790,5336.9345703125
7791,6212.9736328125
7792,3665.966064453125
7793,6678.8212890625
7794,6009.9443359375
7795,5494.23388671875
7796,7256.8701171875
7797,4435.79052734375
7798,4231.54296875
7799,3550.148681640625
7800,6565.994140625
7801,7084.78515625
7802,4386.35009765625
7803,4148.42431640625
7804,5459.4384765625
7805,4812.04248046875
7806,4313.95263671875
7807,6242.86376953125
7808,5353.4736328125
7809,6873.55712890625
7810,4410.23388671875
7811,4033.92724609375
7812,5078.11962890625
7813,7848.3662109375
7814,7106.91064453125
7815,6149.80126953125
7816,6609.681640625
7817,4810.7734375
7818,7006.26513671875
7819,4527.90673828125
7820,5291.6591796875
7821,7632.27880859375
7822,4365.8623046875
7823,9218.498046875
7824,7209.68505859375
7825,6002.81689453125
7826,4616.29736328125
7827,6853.64208984375
7828,5262.50537109375
7829,5251.74365234375
7830,2893.369140625
7831,5399.2919921875
7832,6306.0126953125
7833,3492.6171875
7834,3395.88427734375
7835,6985.818359375
7836,5451.6298828125
7837,4563.4033203125
7838,5053.27197265625
7839,4662.3828125
7840,6116.6796875
7841,5717.94140625
7842,4722.060546875
7843,4631.04833984375
7844,5105.97509765625
7845,5494.046875
7846,1950.3848876953125
7847,5894.10546875
7848,4036.17919921875
7849,7077.39697265625
7850,6032.87841796875
7851,5022.181640625
7852,9173.8857421875
7853,3785.6943359375
7854,4651.99951171875
7855,8945.5810546875
7856,5341.48876953125
7857,6337.36083984375
7858,6487.35107421875
7859,3926.156982421875
7860,5711.14306640625
7861,4176.609375
7862,7034.70556640625
7863,9390.1982421875
7864,5901.70556640625
7865,2389.080810546875
7866,3786.6845703125
7867,6394.33544921875
7868,6538.92138671875
7869,4765.3671875
7870,5731.61376953125
7871,4660.1865234375
7872,4195.6044921875
7873,2989.644775390625
7874,4553.2265625
7875,5306.833984375
7876,5608.58544921875
7877,6379.93505859375
7878,8611.626953125
7879,6513.60986328125
7880,6833.7890625
7881,6602.001953125
7882,3161.67138671875
7883,8583.5537109375
7884,8268.0986328125
7885,4252.79345703125
7886,6422.07958984375
7887,4176.57666015625
7888,5635.626953125
7889,2774.31494140625
7890,6128.36474609375
7891,3527.2421875
7892,8540.4052734375
7893,6414.26953125
7894,6552.56201171875
7895,7337.55615234375
7896,4576.22314453125
7897,6452.25732421875
7898,16863.498046875
7899,7790.10546875
7900,5326.52001953125
7901,2112.10693359375
7902,4994.72607421875
7903,6857.24267578125
7904,5103.52880859375
7905,11520.28125
7906,18194.837890625
7907,3679.2197265625
7908,4683.87255859375
7909,7258.166015625
7910,4049.131591796875
7911,6628.7587890625
7912,5061.98486328125
7913,6408.27783203125
7914,0.0
7915,5930.60986328125
7916,4666.91064453125
7917,6571.6943359375
7918,7063.58544921875
7919,5118.43896484375
7920,4785.45654296875
7921,5729.13330078125
7922,3495.8701171875
7923,4805.626953125
7924,6199.42724609375
7925,3821.612548828125
7926,4409.15380859375
7927,6424.77783203125
7928,5798.9716796875
7929,4990.34765625
7930,5556.01904296875
7931,5859.59375
7932,7144.20703125
7933,6817.2529296875
7934,6999.68115234375
7935,5528.5224609375
7936,2983.1669921875
7937,5446.06005859375
7938,6072.404296875
7939,4631.9150390625
7940,3999.8818359375
7941,7186.29833984375
7942,5756.9921875
7943,7619.56494140625
7944,6655.96435546875
7945,4138.951171875
7946,4173.8037109375
7947,4090.134765625
7948,7955.11962890625
7949,3818.975830078125
7950,6452.84716796875
7951,13868.2998046875
7952,6271.58740234375
7953,5561.91259765625
7954,3926.037353515625
7955,4433.65966796875
7956,5421.486328125
7957,3814.246826171875
7958,5758.22509765625
7959,9302.1435546875
7960,4215.55810546875
7961,13287.1552734375
7962,11421.4765625
7963,4122.89892578125
7964,5812.10400390625
7965,6157.2119140625
7966,5877.453125
7967,4613.94970703125
7968,8681.4033203125
7969,5321.380859375
7970,7496.953125
7971,4099.3466796875
7972,6860.07177734375
7973,4683.890625
7974,6587.64697265625
7975,5198.1396484375
7976,5012.6630859375
7977,5527.1572265625
7978,5825.49365234375
7979,6642.732421875
7980,8444.6884765625
7981,5468.3193359375
7982,8560.482421875
7983,5600.36083984375
7984,8401.478515625
7985,4461.49072265625
7986,4485.21533203125
7987,4295.50732421875
7988,7419.53271484375
7989,5401.9814453125
7990,6065.75
7991,4737.21142578125
7992,5848.20068359375
7993,4221.21728515625
7994,7459.07177734375
7995,6259.79638671875
7996,3071.5673828125
7997,9043.6884765625
7998,14902.287109375
7999,5371.34228515625
8000,5401.7958984375
8001,8097.900390625
8002,8854.275390625
8003,10538.525390625
8004,4884.1748046875
8005,6146.6962890625
8006,4944.78564453125
8007,6636.6572265625
8008,3785.2509765625
8009,5836.37646484375
8010,4200.63037109375
8011,4774.974609375
8012,6945.3798828125
8013,4903.20751953125
8014,3267.494873046875
8015,6093.037109375
8016,3113.4833984375
8017,3956.1337890625
8018,5369.61328125
8019,5264.46630859375
8020,7413.03759765625
8021,7286.63427734375
8022,6184.39794921875
8023,5618.94189453125
8024,5511.408203125
8025,10256.3564453125
8026,5808.341796875
8027,4228.2109375
8028,5109.6806640625
8029,7474.61083984375
8030,4268.21533203125
8031,6010.509765625
8032,3013.84033203125
8033,4471.22021484375
8034,6352.0732421875
8035,5381.328125
8036,4639.44873046875
8037,7864.19189453125
8038,8245.66015625
8039,10582.8837890625
8040,5583.8759765625
8041,7035.048828125
8042,2890.662841796875
8043,4838.69189453125
8044,5344.10498046875
8045,3060.47021484375
8046,6726.5517578125
8047,4133.2763671875
8048,5216.23779296875
8049,7938.87744140625
8050,9143.7265625
8051,6384.70458984375
8052,4696.25830078125
8053,4108.39892578125
8054,8322.6298828125
8055,7405.396484375
8056,5333.83349609375
8057,5039.71337890625
8058,5861.46875
8059,7979.13525390625
8060,3705.262451171875
8061,5712.509765625
8062,6465.02587890625
8063,7116.87353515625
8064,11839.5205078125
8065,4582.14111328125
8066,13425.638671875
8067,5487.54443359375
8068,4561.1220703125
8069,3091.31494140625
8070,5080.9052734375
8071,4332.8583984375
8072,4489.55029296875
8073,5924.7529296875
8074,4468.75341796875
8075,3695.470458984375
8076,5002.666015625
8077,3547.159423828125
8078,6594.82421875
8079,6004.55859375
8080,6643.65283203125
8081,6984.11669921875
8082,4103.0234375
8083,8179.640625
8084,5136.02197265625
8085,5182.79541015625
8086,5189.59619140625
8087,4048.348876953125
8088,8131.48876953125
8089,6387.34423828125
8090,4271.517578125
8091,6056.8671875
8092,7198.98291015625
8093,5774.8203125
8094,5233.67724609375
8095,7266.8896484375
8096,5165.556640625
8097,6656.16845703125
8098,4839.17919921875
8099,6464.4775390625
8100,4803.34326171875
8101,5274.43408203125
8102,3746.81689453125
8103,3829.75927734375
8104,3777.907958984375
8105,3968.50146484375
8106,7003.310546875
8107,7279.8525390625
8108,9202.4677734375
8109,8615.22265625
8110,6769.7216796875
8111,5898.2783203125
8112,5318.10009765625
8113,10012.609375
8114,9078.04296875
8115,5676.2060546875
8116,7505.7392578125
8117,7365.62890625
8118,4441.85986328125
8119,3602.536865234375
8120,6747.359375
8121,4945.22119140625
8122,5785.77880859375
8123,5097.82470703125
8124,2179.54345703125
8125,8267.556640625
8126,5499.30810546875
8127,7719.29248046875
8128,4750.25634765625
8129,4280.73974609375
8130,6651.5380859375
8131,6193.1064453125
8132,5590.5888671875
8133,5631.82666015625
8134,4093.90966796875
8135,3372.062255859375
8136,3050.868408203125
8137,5804.82958984375
8138,16823.13671875
8139,3695.009033203125
8140,5045.49755859375
8141,6035.92041015625
8142,4120.53271484375
8143,4693.47802734375
8144,4177.0478515625
8145,3318.102783203125
8146,5851.0078125
8147,5738.591796875
8148,3161.06103515625
8149,6999.6552734375
8150,3676.714111328125
8151,4758.94970703125
8152,7921.0283203125
8153,6325.49072265625
8154,8564.908203125
8155,4285.71484375
8156,5309.33251953125
8157,3682.609130859375
8158,4504.14404296875
8159,12744.388671875
8160,9121.15625
8161,5677.10595703125
8162,4500.13818359375
8163,3860.2216796875
8164,5450.349609375
8165,4063.855224609375
8166,7885.23388671875
8167,4272.78955078125
8168,3801.443359375
8169,5181.7314453125
8170,3705.875
8171,5622.87744140625
8172,6615.14697265625
8173,5856.6806640625
8174,6243.15625
8175,3542.19384765625
8176,4413.630859375
8177,4600.83251953125
8178,7224.56005859375
8179,7077.34033203125
8180,5966.14697265625
8181,3367.790771484375
8182,6553.00390625
8183,5093.32666015625
8184,3843.951416015625
8185,6014.15087890625
8186,6284.99658203125
8187,5178.3486328125
8188,5305.3681640625
8189,5677.529296875
8190,5296.46533203125
8191,5493.3974609375
8192,6263.87890625
8193,5691.31640625
8194,4047.375244140625
8195,8481.2255859375
8196,5124.36376953125
8197,3626.235595703125
8198,9271.849609375
8199,4521.07080078125
8200,3281.29443359375
8201,6618.2724609375
8202,9547.70703125
8203,8334.7666015625
8204,4475.33984375
8205,5075.82763671875
8206,4814.06689453125
8207,6215.8876953125
8208,4514.244140625
8209,6006.32275390625
8210,2579.8232421875
8211,4527.81103515625
8212,4610.3955078125
8213,4784.59521484375
8214,3889.65771484375
8215,6505.28955078125
8216,5704.2099609375
8217,5359.05419921875
8218,7001.091796875
8219,5133.6083984375
8220,7127.94677734375
8221,4034.259765625
8222,5219.73828125
8223,5769.7109375
8224,7088.564453125
8225,6521.57861328125
8226,2874.929443359375
8227,8430.1875
8228,5425.43212890625
8229,7371.890625
8230,4344.38818359375
8231,3371.406982421875
8232,6001.21484375
8233,4367.06201171875
8234,7628.74365234375
8235,5156.75390625
8236,5042.6552734375
8237,5658.89306640625
8238,5242.28662109375
8239,4461.35986328125
8240,5674.10986328125
8241,3957.36669921875
8242,7797.5224609375
8243,7942.384765625
8244,6541.2958984375
8245,4060.455322265625
8246,3871.695068359375
8247,2924.791259765625
8248,3301.326904296875
8249,6074.33935546875
8250,3789.66748046875
8251,8169.93408203125
8252,3354.56787109375
8253,4628.3193359375
8254,5029.63818359375
8255,6757.451171875
8256,4310.58349609375
8257,4225.73876953125
8258,4289.93896484375
8259,6437.48095703125
8260,4293.37451171875
8261,5913.93408203125
8262,6387.01904296875
8263,7397.86279296875
8264,6426.1337890625
8265,6612.6962890625
8266,5186.1259765625
8267,4127.9404296875
8268,4452.6103515625
8269,9154.48828125
8270,6587.380859375
8271,7068.75341796875
8272,14544.7001953125
8273,4886.1845703125
8274,3970.703125
8275,5702.9111328125
8276,7466.6650390625
8277,8121.15673828125
8278,5805.244140625
8279,7131.76904296875
8280,6821.39453125
8281,7949.30908203125
8282,5324.6259765625
8283,4205.38916015625
8284,4619.62353515625
8285,3646.854736328125
8286,3315.52490234375
8287,3687.6953125
8288,6657.69189453125
8289,13832.48046875
8290,5804.5
8291,4216.2490234375
8292,6205.24755859375
8293,3801.299072265625
8294,5250.62841796875
8295,3801.23681640625
8296,7856.2373046875
8297,5596.22509765625
8298,5231.107421875
8299,11232.6826171875
8300,11042.541015625
8301,4767.203125
8302,5948.796875
8303,3456.576416015625
8304,4816.08935546875
8305,5432.76171875
8306,6963.951171875
8307,4090.49853515625
8308,3907.830810546875
8309,4017.244140625
8310,4356.08740234375
8311,5458.880859375
8312,5043.9501953125
8313,4115.22216796875
8314,6300.6826171875
8315,7279.9755859375
8316,5671.015625
8317,3747.798095703125
8318,2785.428466796875
8319,7017.0810546875
8320,3216.502685546875
8321,9071.65234375
8322,3340.15380859375
8323,4146.22998046875
8324,4952.26318359375
8325,3805.205810546875
8326,3951.38671875
8327,4494.935546875
8328,4939.76416015625
8329,8187.6708984375
8330,7519.873046875
8331,5236.70654296875
8332,3955.190185546875
8333,4804.826171875
8334,4971.49609375
8335,4937.0107421875
8336,4527.08203125
8337,5754.22900390625
8338,8807.068359375
8339,5659.04931640625
8340,5408.88671875
8341,6804.92529296875
8342,3273.91455078125
8343,7419.4853515625
8344,4653.328125
8345,10492.955078125
8346,4985.96435546875
8347,4027.837158203125
8348,3570.482177734375
8349,3420.507080078125
8350,6245.025390625
8351,18949.853515625
8352,3407.312255859375
8353,3822.98828125
8354,8509.5263671875
8355,6123.90087890625
8356,6729.724609375
8357,6980.44580078125
8358,4763.25830078125
8359,4896.20556640625
8360,3678.592041015625
8361,8561.6669921875
8362,4833.37451171875
8363,6347.2197265625
8364,6446.5107421875
8365,3927.27490234375
8366,6731.50927734375
8367,5780.8330078125
8368,3833.5546875
8369,7631.9501953125
8370,8245.4306640625
8371,3521.83056640625
8372,6881.88818359375
8373,5268.61962890625
8374,4163.15380859375
8375,6667.732421875
8376,5757.30419921875
8377,6276.796875
8378,4344.4130859375
8379,3919.764404296875
8380,6223.6552734375
8381,3845.1171875
8382,6830.26416015625
8383,3712.594482421875
8384,5538.8388671875
8385,4618.31005859375
8386,5226.73681640625
8387,5617.04052734375
8388,5978.36328125
8389,5596.13916015625
8390,7055.16845703125
8391,4761.9873046875
8392,7108.82470703125
8393,5440.86181640625
8394,6516.29931640625
8395,7967.73486328125
8396,6492.14794921875
8397,2517.71875
8398,4993.69580078125
8399,6644.92138671875
8400,4064.105224609375
8401,9992.166015625
8402,4222.974609375
8403,7550.21484375
8404,7550.21484375
8405,6621.7724609375
8406,3504.212646484375
8407,13689.892578125
8408,8653.60546875
8409,5187.5927734375
8410,6626.70458984375
8411,8555.4013671875
8412,4613.06201171875
8413,4897.12353515625
8414,5457.01123046875
8415,4335.65576171875
8416,3426.0009765625
8417,5847.71826171875
8418,3738.3623046875
8419,5780.29248046875
8420,5361.880859375
8421,5325.25830078125
8422,5875.3935546875
8423,5756.65087890625
8424,5609.0244140625
8425,3519.94580078125
8426,6546.6669921875
8427,5958.37158203125
8428,5244.802734375
8429,5846.67236328125
8430,4651.2158203125
8431,8428.900390625
8432,4302.0166015625
8433,4357.6953125
8434,5243.1630859375
8435,5916.42041015625
8436,6154.4853515625
8437,4192.27734375
8438,4032.934814453125
8439,5966.1640625
8440,6880.52294921875
8441,4893.17724609375
8442,6256.87646484375
8443,5706.5400390625
8444,4642.466796875
8445,4051.005126953125
8446,2952.49169921875
8447,6500.31591796875
8448,5844.9697265625
8449,5619.380859375
8450,7737.595703125
8451,6717.1103515625
8452,4327.68017578125
8453,7072.06689453125
8454,3455.740478515625
8455,2949.456298828125
8456,6250.50537109375
8457,9492.361328125
8458,6351.07861328125
8459,5910.498046875
8460,3233.53271484375
8461,5783.3134765625
8462,5582.75439453125
8463,5179.7763671875
8464,6332.56201171875
8465,3777.747802734375
8466,4121.3154296875
8467,4217.71875
8468,4426.3828125
8469,4735.53955078125
8470,3412.412353515625
8471,4012.3984375
8472,3441.36669921875
8473,5446.37255859375
8474,6123.0341796875
8475,3890.814208984375
8476,5681.0927734375
8477,5797.255859375
8478,4702.83349609375
8479,4035.704833984375
8480,7038.79638671875
8481,5287.9912109375
8482,4431.2626953125
8483,2797.561767578125
8484,11153.7177734375
8485,5786.1826171875
8486,4084.354248046875
8487,5481.2978515625
8488,6723.13916015625
8489,6163.24365234375
8490,4966.5166015625
8491,6783.6142578125
8492,7231.234375
8493,9725.8603515625
8494,4128.9697265625
8495,3802.64306640625
8496,4065.13427734375
8497,5293.27734375
8498,4485.0986328125
8499,6685.40966796875
8500,6842.0888671875
8501,4903.97119140625
8502,3888.461669921875
8503,5160.400390625
8504,7826.0107421875
8505,4434.689453125
8506,5314.93505859375
8507,3592.71923828125
8508,6671.35498046875
8509,5784.177734375
8510,6175.62255859375
8511,7294.8017578125
8512,5003.46923828125
8513,3235.926025390625
8514,5386.42724609375
8515,6005.52587890625
8516,7859.869140625
8517,5821.611328125
8518,6625.2275390625
8519,4293.3193359375
8520,3889.920166015625
8521,8396.482421875
8522,3517.423583984375
8523,8633.6962890625
8524,5567.2685546875
8525,3669.050537109375
8526,6280.0419921875
8527,5164.36865234375
8528,7035.3896484375
8529,7863.552734375
8530,3910.188232421875
8531,3847.68701171875
8532,5150.681640625
8533,7745.423828125
8534,7631.41357421875
8535,5128.82421875
8536,5450.87646484375
8537,4643.93212890625
8538,5747.009765625
8539,4883.69482421875
8540,8248.1689453125
8541,7022.794921875
8542,8951.5625
8543,3309.53515625
8544,4573.59619140625
8545,9408.1005859375
8546,6978.177734375
8547,4224.23486328125
8548,8747.373046875
8549,4289.58203125
8550,5270.50634765625
8551,4161.68603515625
8552,4189.0908203125
8553,4780.57470703125
8554,4927.89013671875
8555,3693.633056640625
8556,4208.52783203125
8557,6532.67431640625
8558,5595.01318359375
8559,19309.8515625
8560,6009.0927734375
8561,3907.998046875
8562,5812.302734375
8563,9311.4892578125
8564,6087.87451171875
8565,7508.88916015625
8566,5927.17822265625
8567,6615.359375
8568,5998.7080078125
8569,4329.00634765625
8570,5436.39453125
8571,5930.15771484375
8572,7607.82373046875
8573,6280.58349609375
8574,8750.4521484375
8575,4431.95556640625
8576,4705.1943359375
8577,4867.3330078125
8578,8589.4921875
8579,10998.880859375
8580,7848.494140625
8581,7892.2509765625
8582,3884.645263671875
8583,5756.55224609375
8584,3769.31884765625
8585,8353.3896484375
8586,8160.77685546875
8587,10487.1005859375
8588,5074.03662109375
8589,4005.56005859375
8590,3780.219970703125
8591,5376.07177734375
8592,9207.9052734375
8593,5744.185546875
8594,4932.1435546875
8595,5073.7392578125
8596,6905.14794921875
8597,3592.940185546875
8598,6805.92822265625
8599,4117.41064453125
8600,6355.48876953125
8601,5821.392578125
8602,5486.60546875
8603,6859.75439453125
8604,6377.66162109375
8605,5136.25048828125
8606,6816.02001953125
8607,5645.3544921875
8608,9256.57421875
8609,6169.58349609375
8610,7677.25634765625
8611,7749.17724609375
8612,8144.20703125
8613,6043.0283203125
8614,8078.0595703125
8615,4184.7861328125
8616,5270.55712890625
8617,5704.5380859375
8618,6044.47509765625
8619,9222.9375
8620,7139.8798828125
8621,5329.18408203125
8622,6925.73681640625
8623,6511.7529296875
8624,8432.1884765625
8625,4069.162841796875
8626,12493.1611328125
8627,3718.978759765625
8628,5782.12353515625
8629,7780.52978515625
8630,5189.5595703125
8631,5221.69775390625
8632,5497.1796875
8633,7010.1455078125
8634,5168.14892578125
8635,4757.478515625
8636,7450.091796875
8637,6732.2724609375
8638,5615.4970703125
8639,5570.29345703125
8640,7671.73193359375
8641,11897.8896484375
8642,7534.7431640625
8643,5530.70556640625
8644,5909.05908203125
8645,6825.02294921875
8646,6249.9033203125
8647,7429.537109375
8648,4529.796875
8649,8169.77587890625
8650,6223.13427734375
8651,6822.49462890625
8652,8535.396484375
8653,4945.4169921875
8654,5294.21484375
8655,4243.42626953125
8656,7721.25048828125
8657,8077.4580078125
8658,5066.2373046875
8659,4833.93505859375
8660,6430.7255859375
8661,5458.46728515625
8662,5171.07568359375
8663,7049.56298828125
8664,6527.20166015625
8665,7421.55908203125
8666,5428.75537109375
8667,4526.10107421875
8668,5881.0908203125
8669,8306.0712890625
8670,7278.85009765625
8671,7224.3857421875
8672,8016.06298828125
8673,5510.05908203125
8674,8348.0849609375
8675,5138.52685546875
8676,5724.494140625
8677,8864.859375
8678,5523.97607421875
8679,10023.5595703125
8680,7664.31298828125
8681,6636.5732421875
8682,5594.0185546875
8683,7454.00830078125
8684,5922.39599609375
8685,6090.14306640625
8686,3798.189208984375
8687,5972.0029296875
8688,7183.375
8689,3875.175048828125
8690,3482.71240234375
8691,8225.642578125
8692,5832.7919921875
8693,5526.7412109375
8694,5750.3125
8695,5396.96630859375
8696,7060.17236328125
8697,6647.3857421875
8698,5614.54833984375
8699,4898.04541015625
8700,6383.58642578125
8701,6695.47998046875
8702,2525.86376953125
8703,6516.71875
8704,4738.35546875
8705,7775.4599609375
8706,6993.37353515625
8707,5913.79443359375
8708,10930.134765625
8709,4565.369140625
8710,5711.14501953125
8711,10273.9892578125
8712,6143.3603515625
8713,6855.748046875
8714,7372.68701171875
8715,5138.5
8716,6265.384765625
8717,5144.8447265625
8718,7252.0947265625
8719,10224.033203125
8720,6558.87109375
8721,2769.773681640625
8722,4841.88818359375
8723,7138.9482421875
8724,7373.3818359375
8725,5815.85302734375
8726,6455.234375
8727,5106.92919921875
8728,4516.00146484375
8729,3520.05517578125
8730,4923.95556640625
8731,6201.1806640625
8732,7008.82666015625
8733,6834.14208984375
8734,9178.3720703125
8735,7558.91796875
8736,7546.2275390625
8737,8059.4453125
8738,4181.73095703125
8739,9453.673828125
8740,9115.0322265625
8741,4810.02490234375
8742,6976.724609375
8743,5083.44970703125
8744,6540.708984375
8745,3638.584716796875
8746,6799.767578125
8747,4465.478515625
8748,9869.00390625
8749,7297.7216796875
8750,7580.66259765625
8751,7943.3046875
8752,5669.0576171875
8753,7148.3681640625
8754,18055.974609375
8755,8765.82421875
8756,6171.77587890625
8757,2784.538818359375
8758,5925.20166015625
8759,7412.0771484375
8760,6322.35009765625
8761,11721.357421875
8762,18491.86328125
8763,4188.31201171875
8764,5404.96435546875
8765,7969.3544921875
8766,5019.53125
8767,7524.33544921875
8768,5454.39892578125
8769,7201.62548828125
8770,0.0
8771,6858.7666015625
8772,5655.71923828125
8773,7673.6083984375
8774,9018.43359375
8775,5825.28271484375
8776,5888.77392578125
8777,6895.5322265625
8778,4344.54638671875
8779,5172.0048828125
8780,7127.1494140625
8781,5210.26123046875
8782,5327.8984375
8783,6925.6591796875
8784,6207.06982421875
8785,5324.6796875
8786,6548.01806640625
8787,6784.21533203125
8788,8327.2451171875
8789,8984.3564453125
8790,7704.626953125
8791,6139.638671875
8792,2838.65087890625
8793,5401.66064453125
8794,7082.0751953125
8795,5489.9619140625
8796,4829.02880859375
8797,7429.50830078125
8798,5846.17138671875
8799,8262.6025390625
8800,7234.73681640625
8801,5143.86083984375
8802,4758.9013671875
8803,4931.03271484375
8804,8779.576171875
8805,4806.9404296875
8806,7304.40771484375
8807,15184.34765625
8808,7143.1376953125
8809,5962.34765625
8810,4813.17236328125
8811,4879.77392578125
8812,6145.244140625
8813,3992.7548828125
8814,6261.47900390625
8815,10058.3291015625
8816,4584.767578125
8817,13756.0107421875
8818,12350.5078125
8819,5115.03759765625
8820,6820.95654296875
8821,6594.357421875
8822,6672.826171875
8823,5109.36962890625
8824,9704.2646484375
8825,6437.57080078125
8826,8018.29345703125
8827,4963.70654296875
8828,7503.189453125
8829,5028.779296875
8830,7231.84033203125
8831,5907.29443359375
8832,5926.82177734375
8833,6358.6015625
8834,6233.75439453125
8835,7939.3427734375
8836,9619.3486328125
8837,6171.6142578125
8838,9962.9794921875
8839,7220.375
8840,9426.75390625
8841,4774.2880859375
8842,4873.978515625
8843,4775.2021484375
8844,7792.2529296875
8845,6433.4716796875
8846,6981.26611328125
8847,5765.44287109375
8848,6734.9462890625
8849,4952.27734375
8850,7195.92333984375
8851,6386.98779296875
8852,3787.765380859375
8853,10212.2900390625
8854,16742.212890625
8855,6506.3330078125
8856,6424.72412109375
8857,8464.9853515625
8858,9576.7412109375
8859,11407.6259765625
8860,5493.4853515625
8861,6708.4970703125
8862,5581.74169921875
8863,7338.330078125
8864,4393.5732421875
8865,6298.7978515625
8866,4739.98095703125
8867,5599.19921875
8868,7644.67578125
8869,5209.55419921875
8870,3578.53173828125
8871,6866.73876953125
8872,4323.60400390625
8873,4436.65771484375
8874,5777.41357421875
8875,5342.90966796875
8876,8786.9873046875
8877,9073.375
8878,7292.40234375
8879,6754.20263671875
8880,6641.9365234375
8881,11352.248046875
8882,6062.93408203125
8883,4615.96533203125
8884,5465.31396484375
8885,9302.3603515625
8886,4804.62841796875
8887,7016.68896484375
8888,4003.835693359375
8889,4877.95166015625
8890,6986.47998046875
8891,6662.8544921875
8892,5436.06494140625
8893,8781.1298828125
8894,9726.203125
8895,11349.7021484375
8896,6533.873046875
8897,8765.0380859375
8898,3373.691650390625
8899,5513.2001953125
8900,6199.66748046875
8901,3850.77294921875
8902,7721.109375
8903,4192.94140625
8904,5778.83935546875
8905,8928.2705078125
8906,10402.1279296875
8907,6963.70263671875
8908,4950.69384765625
8909,4267.1455078125
8910,10045.3544921875
8911,8043.40234375
8912,5820.71826171875
8913,6079.291015625
8914,6617.16259765625
8915,8918.265625
8916,5219.5341796875
8917,6457.419921875
8918,7652.5859375
8919,7956.9638671875
8920,11744.697265625
8921,5029.7939453125
8922,14206.552734375
8923,6757.83349609375
8924,5102.232421875
8925,3259.25244140625
8926,5458.67626953125
8927,5143.05029296875
8928,5278.0244140625
8929,6826.88330078125
8930,5145.576171875
8931,3923.4677734375
8932,5687.673828125
8933,3830.660888671875
8934,7098.35546875
8935,6771.69970703125
8936,7897.943359375
8937,7617.92333984375
8938,5089.44677734375
8939,8462.5263671875
8940,6026.86181640625
8941,6292.91064453125
8942,5992.74072265625
8943,5027.26220703125
8944,9357.0888671875
8945,7172.00439453125
8946,4761.017578125
8947,6751.63330078125
8948,8498.48046875
8949,6695.1875
8950,5924.8974609375
8951,7892.953125
8952,5278.57470703125
8953,6066.87353515625
8954,5799.41357421875
8955,7197.79638671875
8956,5202.06982421875
8957,5685.6826171875
8958,4843.388671875
8959,4611.50146484375
8960,4405.29833984375
8961,4759.61767578125
8962,7750.12060546875
8963,8307.185546875
8964,10190.0693359375
8965,9093.005859375
8966,7877.083984375
8967,6740.4296875
8968,6172.16552734375
8969,11246.5517578125
8970,10458.369140625
8971,6648.796875
8972,7911.36181640625
8973,7857.09423828125
8974,5640.8857421875
8975,4212.0078125
8976,8100.88232421875
8977,6458.3994140625
8978,6618.77978515625
8979,5983.771484375
8980,2706.705322265625
8981,8594.9560546875
8982,5950.72607421875
8983,8640.24609375
8984,4986.93505859375
8985,5037.9169921875
8986,7203.669921875
8987,6492.390625
8988,6444.7734375
8989,6136.74853515625
8990,4607.71435546875
8991,3895.29833984375
8992,3101.74755859375
8993,6524.208984375
8994,17453.109375
8995,4051.642333984375
8996,5596.1572265625
8997,6797.23828125
8998,4606.083984375
8999,4980.48779296875
9000,5159.94091796875
9001,3582.863037109375
9002,7021.861328125
9003,6698.55322265625
9004,3994.204833984375
9005,8248.4765625
9006,4037.054931640625
9007,4791.5283203125
9008,9551.5908203125
9009,6909.0615234375
9010,9831.708984375
9011,4864.33447265625
9012,5624.08544921875
9013,4055.71875
9014,5457.0361328125
9015,13963.8505859375
9016,10975.4326171875
9017,6822.66552734375
9018,5092.99755859375
9019,5058.5537109375
9020,5456.69580078125
9021,4354.6376953125
9022,9553.8291015625
9023,4770.7392578125
9024,4847.68310546875
9025,5904.58984375
9026,4430.78173828125
9027,5816.470703125
9028,6388.80126953125
9029,6834.1787109375
9030,7090.9951171875
9031,3867.359130859375
9032,5321.5859375
9033,5673.46923828125
9034,8223.7666015625
9035,7882.09765625
9036,7131.79638671875
9037,4204.658203125
9038,7724.220703125
9039,5444.2216796875
9040,5040.12451171875
9041,5989.78515625
9042,7189.337890625
9043,5623.93505859375
9044,6111.14208984375
9045,6396.15966796875
9046,6334.62451171875
9047,6283.98046875
9048,6956.2822265625
9049,6483.53515625
9050,5010.6953125
9051,9388.0537109375
9052,5510.76611328125
9053,4138.86376953125
9054,11013.5908203125
9055,4998.3408203125
9056,3530.052978515625
9057,7051.19580078125
9058,11950.4013671875
9059,8412.0263671875
9060,5157.228515625
9061,5895.93359375
9062,5847.939453125
9063,7179.140625
9064,5336.86083984375
9065,7247.6064453125
9066,2623.9072265625
9067,4835.677734375
9068,5710.5234375
9069,5246.5244140625
9070,4657.2646484375
9071,7737.00830078125
9072,6638.77587890625
9073,5806.734375
9074,6835.72705078125
9075,5742.7802734375
9076,8624.7890625
9077,4369.09375
9078,6318.17041015625
9079,6615.8271484375
9080,8035.6689453125
9081,7248.970703125
9082,1960.416259765625
9083,8396.27734375
9084,6530.04052734375
9085,8585.7392578125
9086,5277.357421875
9087,3608.440673828125
9088,7530.296875
9089,4524.1748046875
9090,8781.9951171875
9091,5946.21240234375
9092,5716.6015625
9093,6495.7119140625
9094,5828.1435546875
9095,4994.2421875
9096,6779.01318359375
9097,4553.2314453125
9098,8671.224609375
9099,8719.6865234375
9100,6739.255859375
9101,4703.0078125
9102,4114.732421875
9103,3446.566162109375
9104,3876.921875
9105,6459.87451171875
9106,4745.2490234375
9107,9070.8447265625
9108,3435.37744140625
9109,4991.38916015625
9110,5994.76611328125
9111,7582.2412109375
9112,4980.056640625
9113,5060.7119140625
9114,5030.52294921875
9115,7227.455078125
9116,5645.81787109375
9117,6569.06396484375
9118,7028.0556640625
9119,8077.89013671875
9120,7303.93603515625
9121,7605.158203125
9122,6134.5849609375
9123,4257.47998046875
9124,4749.6220703125
9125,10021.4326171875
9126,7042.80517578125
9127,8999.5322265625
9128,14985.705078125
9129,5289.80419921875
9130,5270.9404296875
9131,6518.8125
9132,8493.349609375
9133,9114.2265625
9134,6778.6376953125
9135,7976.66845703125
9136,8235.560546875
9137,8877.736328125
9138,6270.8046875
9139,4692.97119140625
9140,5193.22265625
9141,4677.056640625
9142,3845.60302734375
9143,4211.76904296875
9144,7648.7421875
9145,16119.8056640625
9146,6687.6044921875
9147,5352.35009765625
9148,6865.36279296875
9149,4172.36328125
9150,6380.037109375
9151,3950.66796875
9152,9771.419921875
9153,6088.34375
9154,5839.7197265625
9155,12643.2783203125
9156,11725.966796875
9157,5498.33935546875
9158,6926.91748046875
9159,3751.814697265625
9160,5621.6005859375
9161,6016.73681640625
9162,7903.99609375
9163,4419.611328125
9164,4537.94189453125
9165,4799.3642578125
9166,5239.1767578125
9167,5803.1943359375
9168,6094.091796875
9169,4613.54052734375
9170,7209.052734375
9171,8199.380859375
9172,5951.79443359375
9173,4549.33935546875
9174,3382.12841796875
9175,7792.39306640625
9176,3860.517578125
9177,10185.7041015625
9178,4071.372314453125
9179,4617.25
9180,5708.283203125
9181,4558.1376953125
9182,4384.19580078125
9183,5654.93310546875
9184,5843.85205078125
9185,9192.3271484375
9186,8428.8193359375
9187,6236.78564453125
9188,4400.033203125
9189,6761.9033203125
9190,5779.482421875
9191,5599.06689453125
9192,5529.4833984375
9193,6407.9404296875
9194,10705.39453125
9195,6613.53515625
9196,6071.67236328125
9197,7308.787109375
9198,4298.91845703125
9199,8996.4013671875
9200,5110.9404296875
9201,11343.009765625
9202,5773.23828125
9203,4664.17529296875
9204,4353.2744140625
9205,3974.203369140625
9206,6934.87451171875
9207,20218.474609375
9208,3780.696044921875
9209,4468.298828125
9210,8443.0458984375
9211,6773.36083984375
9212,7439.4482421875
9213,7628.873046875
9214,5381.32763671875
9215,5455.583984375
9216,3824.5947265625
9217,9230.05859375
9218,5124.8828125
9219,7179.09130859375
9220,6998.546875
9221,4437.662109375
9222,7489.19775390625
9223,6023.5625
9224,3611.69921875
9225,8525.6044921875
9226,8316.48828125
9227,4236.48974609375
9228,7939.0830078125
9229,6508.5693359375
9230,4800.775390625
9231,7763.0107421875
9232,6856.3564453125
9233,7188.63134765625
9234,4870.82421875
9235,4687.61767578125
9236,6482.0234375
9237,4157.49169921875
9238,7596.841796875
9239,4150.44384765625
9240,6123.376953125
9241,4957.81982421875
9242,5999.2802734375
9243,5848.35888671875
9244,6724.1328125
9245,6432.1640625
9246,8266.462890625
9247,6517.16162109375
9248,8135.73046875
9249,6397.94921875
9250,7074.5302734375
9251,9569.3037109375
9252,7492.8408203125
9253,2784.416015625
9254,5857.91650390625
9255,7305.96337890625
9256,5167.8740234375
9257,11760.5927734375
9258,5011.296875
9259,8835.8701171875
9260,8835.8701171875
9261,6760.90478515625
9262,4259.20166015625
9263,18310.841796875
9264,9563.1591796875
9265,5201.1357421875
9266,6923.01513671875
9267,9182.39453125
9268,5776.419921875
9269,5780.57373046875
9270,6097.00146484375
9271,5343.755859375
9272,4167.33935546875
9273,6285.54736328125
9274,4486.703125
9275,6642.4404296875
9276,5926.50732421875
9277,5981.802734375
9278,6975.42919921875
9279,6062.01171875
9280,6288.6162109375
9281,3639.375244140625
9282,6502.1845703125
9283,6559.3310546875
9284,5786.78125
9285,6347.1201171875
9286,5498.35107421875
9287,9087.56640625
9288,5055.8583984375
9289,5172.333984375
9290,5759.74658203125
9291,6628.75341796875
9292,6329.6796875
9293,4874.43505859375
9294,4003.80615234375
9295,6671.86083984375
9296,6427.787109375
9297,5593.0205078125
9298,7240.50341796875
9299,6137.91748046875
9300,5236.40576171875
9301,5205.541015625
9302,3177.065185546875
9303,6921.009765625
9304,6502.0029296875
9305,5924.8251953125
9306,9103.123046875
9307,7212.49365234375
9308,4955.8671875
9309,7785.7646484375
9310,3969.247802734375
9311,3335.360107421875
9312,7093.1845703125
9313,11261.3466796875
9314,6807.490234375
9315,6283.16552734375
9316,4052.894287109375
9317,5920.8564453125
9318,7303.1455078125
9319,5144.9833984375
9320,7217.33544921875
9321,4194.1103515625
9322,4944.015625
9323,5079.931640625
9324,5127.8349609375
9325,5614.5009765625
9326,3972.5146484375
9327,5142.5048828125
9328,4495.392578125
9329,6559.88427734375
9330,6459.93505859375
9331,4453.81494140625
9332,6126.17919921875
9333,6786.453125
9334,5194.56298828125
9335,5146.73486328125
9336,8215.0576171875
9337,6215.919921875
9338,5669.4609375
9339,3275.908447265625
9340,11153.4140625
9341,6025.78759765625
9342,4399.17333984375
9343,7520.1884765625
9344,7974.279296875
9345,6854.537109375
9346,5561.49462890625
9347,7421.056640625
9348,7471.20654296875
9349,10520.28515625
9350,4663.1455078125
9351,4379.05615234375
9352,4605.341796875
9353,6445.83642578125
9354,5502.09033203125
9355,6301.38623046875
9356,7045.9921875
9357,5234.92626953125
9358,4062.601318359375
9359,5852.162109375
9360,8756.740234375
9361,4658.630859375
9362,5961.22802734375
9363,4209.68505859375
9364,7171.56298828125
9365,6393.162109375
9366,6602.2890625
9367,8068.8447265625
9368,5940.25146484375
9369,4352.08349609375
9370,6298.32373046875
9371,6429.92236328125
9372,8405.591796875
9373,6748.9267578125
9374,7486.16357421875
9375,5142.23779296875
9376,5074.31689453125
9377,9498.1328125
9378,4382.54833984375
9379,9411.734375
9380,5916.56103515625
9381,4922.14111328125
9382,6630.54248046875
9383,5964.71142578125
9384,7278.83984375
9385,8652.1982421875
9386,4051.052490234375
9387,4490.17333984375
9388,6398.19384765625
9389,8316.828125
9390,9139.6669921875
9391,5794.3212890625
9392,5887.15673828125
9393,5322.7705078125
9394,6509.59765625
9395,4995.56884765625
9396,8878.333984375
9397,8366.998046875
9398,10127.646484375
9399,4020.150634765625
9400,5153.908203125
9401,9783.525390625
9402,8278.099609375
9403,4264.84814453125
9404,9917.2568359375
9405,4836.2890625
9406,5950.04736328125
9407,5396.48291015625
9408,4939.8974609375
9409,5196.54248046875
9410,5353.1982421875
9411,4609.98388671875
9412,4576.267578125
9413,7292.47314453125
9414,6791.806640625
9415,22216.193359375
9416,6817.99951171875
9417,0.0
9418,0.0
9419,0.0
9420,0.0
9421,0.0
9422,0.0
9423,0.0
9424,0.0
9425,0.0
9426,0.0
9427,0.0
9428,0.0
9429,0.0
9430,0.0
9431,0.0
9432,0.0
9433,0.0
9434,0.0
9435,0.0
9436,0.0
9437,0.0
9438,0.0
9439,0.0
9440,0.0
9441,0.0
9442,0.0
9443,0.0
9444,0.0
9445,0.0
9446,0.0
9447,0.0
9448,0.0
9449,0.0
9450,0.0
9451,0.0
9452,0.0
9453,0.0
9454,0.0
9455,0.0
9456,0.0
9457,0.0
9458,0.0
9459,0.0
9460,0.0
9461,0.0
9462,0.0
9463,0.0
9464,0.0
9465,0.0
9466,0.0
9467,0.0
9468,0.0
9469,0.0
9470,0.0
9471,0.0
9472,0.0
9473,0.0
9474,0.0
9475,0.0
9476,0.0
9477,0.0
9478,0.0
9479,0.0
9480,0.0
9481,0.0
9482,0.0
9483,0.0
9484,0.0
9485,0.0
9486,0.0
9487,0.0
9488,0.0
9489,0.0
9490,0.0
9491,0.0
9492,0.0
9493,0.0
9494,0.0
9495,0.0
9496,0.0
9497,0.0
9498,0.0
9499,0.0
9500,0.0
9501,0.0
9502,0.0
9503,0.0
9504,0.0
9505,0.0
9506,0.0
9507,0.0
9508,3934.70849609375
9509,0.0
9510,0.0
9511,0.0
9512,0.0
9513,0.0
9514,0.0
9515,0.0
9516,0.0
9517,0.0
9518,0.0
9519,0.0
9520,0.0
9521,0.0
9522,0.0
9523,0.0
9524,0.0
9525,0.0
9526,0.0
9527,0.0
9528,0.0
9529,0.0
9530,0.0
9531,0.0
9532,0.0
9533,0.0
9534,0.0
9535,0.0
9536,0.0
9537,0.0
9538,0.0
9539,0.0
9540,0.0
9541,0.0
9542,0.0
9543,0.0
9544,0.0
9545,0.0
9546,0.0
9547,0.0
9548,0.0
9549,0.0
9550,0.0
9551,0.0
9552,0.0
9553,0.0
9554,0.0
9555,0.0
9556,0.0
9557,0.0
9558,0.0
9559,0.0
9560,0.0
9561,0.0
9562,0.0
9563,0.0
9564,0.0
9565,0.0
9566,0.0
9567,0.0
9568,0.0
9569,0.0
9570,0.0
9571,0.0
9572,0.0
9573,0.0
9574,0.0
9575,0.0
9576,2508.082763671875
9577,0.0
9578,0.0
9579,0.0
9580,0.0
9581,0.0
9582,0.0
9583,0.0
9584,0.0
9585,0.0
9586,0.0
9587,0.0
9588,0.0
9589,0.0
9590,0.0
9591,0.0
9592,0.0
9593,0.0
9594,0.0
9595,0.0
9596,0.0
9597,0.0
9598,0.0
9599,0.0
9600,0.0
9601,0.0
9602,0.0
9603,0.0
9604,0.0
9605,0.0
9606,0.0
9607,0.0
9608,0.0
9609,0.0
9610,0.0
9611,0.0
9612,0.0
9613,0.0
9614,0.0
9615,0.0
9616,0.0
9617,16875.888671875
9618,31127.83203125
9619,0.0
9620,0.0
9621,0.0
9622,0.0
9623,0.0
9624,0.0
9625,0.0
9626,8017.18896484375
9627,0.0
9628,0.0
9629,0.0
9630,0.0
9631,0.0
9632,0.0
9633,0.0
9634,0.0
9635,0.0
9636,0.0
9637,0.0
9638,0.0
9639,0.0
9640,0.0
9641,0.0
9642,0.0
9643,0.0
9644,0.0
9645,4681.43798828125
9646,0.0
9647,0.0
9648,0.0
9649,0.0
9650,0.0
9651,0.0
9652,0.0
9653,0.0
9654,0.0
9655,2853.681884765625
9656,0.0
9657,0.0
9658,0.0
9659,0.0
9660,0.0
9661,0.0
9662,0.0
9663,0.0
9664,0.0
9665,0.0
9666,0.0
9667,0.0
9668,0.0
9669,0.0
9670,0.0
9671,0.0
9672,0.0
9673,8224.6044921875
9674,0.0
9675,0.0
9676,0.0
9677,0.0
9678,0.0
9679,0.0
9680,0.0
9681,0.0
9682,0.0
9683,0.0
9684,0.0
9685,0.0
9686,0.0
9687,0.0
9688,0.0
9689,0.0
9690,9916.515625
9691,0.0
9692,0.0
9693,0.0
9694,0.0
9695,0.0
9696,0.0
9697,0.0
9698,0.0
9699,0.0
9700,0.0
9701,0.0
9702,0.0
9703,0.0
9704,0.0
9705,0.0
9706,0.0
9707,0.0
9708,0.0
9709,0.0
9710,0.0
9711,0.0
9712,0.0
9713,0.0
9714,0.0
9715,0.0
9716,0.0
9717,0.0
9718,0.0
9719,0.0
9720,0.0
9721,0.0
9722,0.0
9723,0.0
9724,0.0
9725,0.0
9726,0.0
9727,0.0
9728,0.0
9729,0.0
9730,0.0
9731,0.0
9732,0.0
9733,0.0
9734,0.0
9735,0.0
9736,0.0
9737,0.0
9738,0.0
9739,0.0
9740,0.0
9741,0.0
9742,0.0
9743,0.0
9744,0.0
9745,0.0
9746,0.0
9747,0.0
9748,0.0
9749,0.0
9750,0.0
9751,0.0
9752,2281.99365234375
9753,0.0
9754,0.0
9755,0.0
9756,0.0
9757,0.0
9758,0.0
9759,0.0
9760,0.0
9761,0.0
9762,0.0
9763,0.0
9764,0.0
9765,0.0
9766,4781.5439453125
9767,0.0
9768,0.0
9769,0.0
9770,0.0
9771,0.0
9772,0.0
9773,0.0
9774,0.0
9775,0.0
9776,0.0
9777,0.0
9778,0.0
9779,0.0
9780,0.0
9781,0.0
9782,0.0
9783,0.0
9784,0.0
9785,0.0
9786,0.0
9787,0.0
9788,0.0
9789,0.0
9790,0.0
9791,0.0
9792,0.0
9793,0.0
9794,0.0
9795,0.0
9796,0.0
9797,0.0
9798,0.0
9799,0.0
9800,0.0
9801,0.0
9802,0.0
9803,0.0
9804,0.0
9805,0.0
9806,0.0
9807,0.0
9808,0.0
9809,8015.7255859375
9810,0.0
9811,0.0
9812,0.0
9813,0.0
9814,0.0
9815,0.0
9816,0.0
9817,0.0
9818,0.0
9819,3230.27783203125
9820,0.0
9821,0.0
9822,0.0
9823,5204.02783203125
9824,0.0
9825,0.0
9826,0.0
9827,0.0
9828,0.0
9829,0.0
9830,0.0
9831,0.0
9832,0.0
9833,0.0
9834,0.0
9835,0.0
9836,0.0
9837,0.0
9838,0.0
9839,0.0
9840,0.0
9841,0.0
9842,0.0
9843,0.0
9844,0.0
9845,0.0
9846,0.0
9847,0.0
9848,0.0
9849,0.0
9850,21147.7890625
9851,0.0
9852,0.0
9853,0.0
9854,0.0
9855,0.0
9856,0.0
9857,0.0
9858,0.0
9859,0.0
9860,0.0
9861,0.0
9862,0.0
9863,0.0
9864,6390.0556640625
9865,0.0
9866,0.0
9867,0.0
9868,0.0
9869,0.0
9870,0.0
9871,0.0
9872,0.0
9873,0.0
9874,0.0
9875,0.0
9876,0.0
9877,0.0
9878,0.0
9879,0.0
9880,0.0
9881,0.0
9882,0.0
9883,0.0
9884,0.0
9885,0.0
9886,0.0
9887,0.0
9888,0.0
9889,0.0
9890,0.0
9891,0.0
9892,0.0
9893,0.0
9894,0.0
9895,0.0
9896,0.0
9897,0.0
9898,0.0
9899,0.0
9900,0.0
9901,0.0
9902,0.0
9903,0.0
9904,0.0
9905,0.0
9906,0.0
9907,0.0
9908,0.0
9909,0.0
9910,0.0
9911,0.0
9912,0.0
9913,0.0
9914,0.0
9915,0.0
9916,0.0
9917,0.0
9918,0.0
9919,0.0
9920,0.0
9921,0.0
9922,0.0
9923,0.0
9924,0.0
9925,0.0
9926,0.0
9927,0.0
9928,0.0
9929,0.0
9930,0.0
9931,0.0
9932,0.0
9933,0.0
9934,0.0
9935,0.0
9936,0.0
9937,0.0
9938,0.0
9939,14024.025390625
9940,0.0
9941,0.0
9942,0.0
9943,0.0
9944,0.0
9945,0.0
9946,0.0
9947,0.0
9948,0.0
9949,0.0
9950,0.0
9951,0.0
9952,0.0
9953,0.0
9954,0.0
9955,0.0
9956,0.0
9957,0.0
9958,0.0
9959,0.0
9960,0.0
9961,0.0
9962,0.0
9963,0.0
9964,0.0
9965,0.0
9966,0.0
9967,0.0
9968,0.0
9969,0.0
9970,0.0
9971,0.0
9972,0.0
9973,0.0
9974,0.0
9975,0.0
9976,0.0
9977,0.0
9978,0.0
9979,0.0
9980,0.0
9981,0.0
9982,0.0
9983,3820.338623046875
9984,16656.52734375
9985,0.0
9986,0.0
9987,0.0
9988,0.0
9989,0.0
9990,0.0
9991,0.0
9992,0.0
9993,0.0
9994,0.0
9995,0.0
9996,0.0
9997,0.0
9998,0.0
9999,0.0
10000,0.0
10001,0.0
10002,0.0
10003,0.0
10004,0.0
10005,0.0
10006,0.0
10007,0.0
10008,0.0
10009,0.0
10010,0.0
10011,0.0
10012,11396.75390625
10013,0.0
10014,0.0
10015,0.0
10016,0.0
10017,0.0
10018,0.0
10019,0.0
10020,0.0
10021,0.0
10022,0.0
10023,0.0
10024,0.0
10025,0.0
10026,0.0
10027,0.0
10028,0.0
10029,0.0
10030,0.0
10031,0.0
10032,0.0
10033,0.0
10034,0.0
10035,0.0
10036,0.0
10037,0.0
10038,0.0
10039,0.0
10040,0.0
10041,0.0
10042,0.0
10043,0.0
10044,0.0
10045,0.0
10046,0.0
10047,0.0
10048,0.0
10049,0.0
10050,0.0
10051,0.0
10052,0.0
10053,0.0
10054,0.0
10055,0.0
10056,0.0
10057,0.0
10058,0.0
10059,0.0
10060,0.0
10061,0.0
10062,0.0
10063,0.0
10064,0.0
10065,0.0
10066,0.0
10067,0.0
10068,0.0
10069,0.0
10070,0.0
10071,0.0
10072,0.0
10073,0.0
10074,0.0
10075,0.0
10076,0.0
10077,0.0
10078,0.0
10079,0.0
10080,0.0
10081,0.0
10082,2704.904541015625
10083,0.0
10084,0.0
10085,0.0
10086,2262.90771484375
10087,0.0
10088,0.0
10089,0.0
10090,0.0
10091,0.0
10092,0.0
10093,0.0
10094,0.0
10095,0.0
10096,0.0
10097,0.0
10098,0.0
10099,0.0
10100,0.0
10101,0.0
10102,0.0
10103,0.0
10104,0.0
10105,0.0
10106,0.0
10107,0.0
10108,0.0
10109,0.0
10110,0.0
10111,0.0
10112,0.0
10113,0.0
10114,0.0
10115,0.0
10116,0.0
10117,0.0
10118,0.0
10119,0.0
10120,0.0
10121,0.0
10122,0.0
10123,0.0
10124,0.0
10125,0.0
10126,0.0
10127,0.0
10128,0.0
10129,0.0
10130,0.0
10131,0.0
10132,0.0
10133,0.0
10134,0.0
10135,0.0
10136,0.0
10137,2532.2255859375
10138,0.0
10139,0.0
10140,0.0
10141,0.0
10142,0.0
10143,0.0
10144,0.0
10145,0.0
10146,0.0
10147,0.0
10148,0.0
10149,0.0
10150,0.0
10151,0.0
10152,11205.7490234375
10153,0.0
10154,0.0
10155,0.0
10156,0.0
10157,0.0
10158,0.0
10159,0.0
10160,0.0
10161,0.0
10162,0.0
10163,0.0
10164,0.0
10165,0.0
10166,0.0
10167,0.0
10168,0.0
10169,0.0
10170,0.0
10171,0.0
10172,0.0
10173,0.0
10174,0.0
10175,0.0
10176,0.0
10177,0.0
10178,0.0
10179,0.0
10180,0.0
10181,0.0
10182,0.0
10183,0.0
10184,0.0
10185,0.0
10186,0.0
10187,0.0
10188,0.0
10189,0.0
10190,0.0
10191,0.0
10192,0.0
10193,0.0
10194,0.0
10195,0.0
10196,0.0
10197,0.0
10198,0.0
10199,0.0
10200,0.0
10201,0.0
10202,0.0
10203,0.0
10204,0.0
10205,0.0
10206,0.0
10207,0.0
10208,0.0
10209,0.0
10210,0.0
10211,0.0
10212,0.0
10213,0.0
10214,0.0
10215,0.0
10216,3649.8359375
10217,0.0
10218,0.0
10219,0.0
10220,0.0
10221,0.0
10222,0.0
10223,0.0
10224,0.0
10225,0.0
10226,0.0
10227,0.0
10228,0.0
10229,0.0
10230,0.0
10231,0.0
10232,0.0
10233,0.0
10234,0.0
10235,0.0
10236,0.0
10237,0.0
10238,0.0
10239,0.0
10240,0.0
10241,0.0
10242,0.0
10243,0.0
10244,0.0
10245,0.0
10246,0.0
10247,0.0
10248,0.0
10249,0.0
10250,0.0
10251,0.0
10252,0.0
10253,0.0
10254,0.0
10255,0.0
10256,0.0
10257,13909.8447265625
10258,4449.33349609375
10259,0.0
10260,0.0
10261,0.0
10262,0.0
10263,0.0
10264,0.0
10265,0.0
10266,0.0
10267,0.0
10268,0.0
10269,0.0
10270,0.0
10271,0.0
10272,0.0
10273,4300.44921875
10274,3870.7412109375
10275,7018.1845703125
10276,3358.33544921875
10277,6244.19970703125
10278,5006.51220703125
10279,5472.123046875
10280,5896.43701171875
10281,3559.39599609375
10282,3211.708740234375
10283,5753.59716796875
10284,5481.23681640625
10285,4458.7314453125
10286,6421.333984375
10287,5609.64501953125
10288,3140.672607421875
10289,4123.18115234375
10290,6999.5869140625
10291,8561.271484375
10292,5853.8125
10293,7239.1845703125
10294,4330.0400390625
10295,5600.13427734375
10296,2241.27880859375
10297,8242.677734375
10298,8187.5849609375
10299,9496.6611328125
10300,5827.8359375
10301,3545.68798828125
10302,4585.4345703125
10303,5993.607421875
10304,6502.51025390625
10305,4013.98583984375
10306,5601.53662109375
10307,4852.3447265625
10308,5724.76025390625
10309,2299.070556640625
10310,7880.78564453125
10311,4504.31689453125
10312,7242.8232421875
10313,5957.58203125
10314,4149.23779296875
10315,8482.2294921875
10316,5582.2255859375
10317,4425.95849609375
10318,3661.285888671875
10319,6970.85986328125
10320,10908.8046875
10321,6146.6494140625
10322,5475.24951171875
10323,8910.767578125
10324,7965.62158203125
10325,5839.658203125
10326,6757.42236328125
10327,2010.0377197265625
10328,2688.020263671875
10329,4402.70849609375
10330,6260.26953125
10331,8786.15234375
10332,7833.32861328125
10333,4332.607421875
10334,8161.36083984375
10335,7101.6826171875
10336,5373.12548828125
10337,3312.540283203125
10338,11362.001953125
10339,3888.5361328125
10340,3689.211181640625
10341,7087.22802734375
10342,3758.765625
10343,5428.6875
10344,2759.01123046875
10345,6178.26904296875
10346,5559.33837890625
10347,5802.22314453125
10348,8313.5
10349,7095.630859375
10350,5736.36328125
10351,3573.607421875
10352,7850.6728515625
10353,12978.025390625
10354,6111.48193359375
10355,3600.967529296875
10356,6611.59375
10357,5715.2490234375
10358,6523.96484375
10359,9613.1337890625
10360,2280.278564453125
10361,8018.32666015625
10362,5068.265625
10363,5745.04248046875
10364,8130.52880859375
10365,2334.010498046875
10366,4197.18896484375
10367,4738.642578125
10368,7961.43603515625
10369,6951.7119140625
10370,3990.495361328125
10371,4535.40087890625
10372,7451.876953125
10373,5978.43310546875
10374,4769.14404296875
10375,6275.5546875
10376,4409.77001953125
10377,6399.47802734375
10378,4921.7890625
10379,3053.046875
10380,5289.85205078125
10381,5990.279296875
10382,5851.00732421875
10383,7303.62109375
10384,8475.955078125
10385,4316.4580078125
10386,8205.4501953125
10387,3062.621337890625
10388,3715.599853515625
10389,8251.017578125
10390,6521.8046875
10391,7703.1826171875
10392,10787.5771484375
10393,6613.35107421875
10394,5404.04150390625
10395,7220.27880859375
10396,7116.32373046875
10397,4496.8662109375
10398,2378.494873046875
10399,5935.607421875
10400,4772.8291015625
10401,5000.4873046875
10402,3589.855712890625
10403,5475.01708984375
10404,6100.484375
10405,5096.75244140625
10406,5528.90673828125
10407,3123.53125
10408,6417.58837890625
10409,6807.64453125
10410,3240.46337890625
10411,5993.83642578125
10412,3622.311767578125
10413,5614.2685546875
10414,1419.9327392578125
10415,4391.17431640625
10416,5694.74365234375
10417,7239.9873046875
10418,6449.71875
10419,5907.74755859375
10420,12091.7353515625
10421,3648.8349609375
10422,5990.64013671875
10423,10340.025390625
10424,5276.7958984375
10425,7822.978515625
10426,6219.13427734375
10427,7007.138671875
10428,6777.8701171875
10429,4383.9501953125
10430,4686.2490234375
10431,8047.03955078125
10432,5165.27734375
10433,3143.451171875
10434,3460.265869140625
10435,7045.50537109375
10436,8611.947265625
10437,6479.1279296875
10438,5979.5234375
10439,4139.36572265625
10440,2015.0286865234375
10441,1806.125244140625
10442,3835.12353515625
10443,5849.10546875
10444,7181.39794921875
10445,5129.9638671875
10446,5269.029296875
10447,8347.3388671875
10448,8078.68115234375
10449,7449.38134765625
10450,5004.150390625
10451,7872.8271484375
10452,8845.69921875
10453,3385.566162109375
10454,5219.44677734375
10455,5265.1396484375
10456,6572.9658203125
10457,3482.882080078125
10458,5487.3271484375
10459,4642.5400390625
10460,8861.6650390625
10461,5661.5341796875
10462,6990.767578125
10463,7008.4052734375
10464,4926.59228515625
10465,7864.916015625
10466,16628.7109375
10467,8618.0888671875
10468,4442.94091796875
10469,3634.002685546875
10470,5898.7216796875
10471,7385.69677734375
10472,4178.33935546875
10473,9350.8046875
10474,17980.546875
10475,4337.92236328125
10476,3502.460693359375
10477,10386.4921875
10478,3159.255126953125
10479,5868.9921875
10480,3376.235595703125
10481,6607.79833984375
10482,5905.12255859375
10483,6882.2724609375
10484,5544.80908203125
10485,5257.0546875
10486,9161.0439453125
10487,5983.587890625
10488,6197.1591796875
10489,7619.087890625
10490,5893.6650390625
10491,6835.29345703125
10492,8401.9990234375
10493,5484.443359375
10494,5663.1044921875
10495,4293.212890625
10496,3777.810546875
10497,6182.05419921875
10498,5307.45654296875
10499,4776.98291015625
10500,7914.509765625
10501,8893.666015625
10502,7563.95703125
10503,4706.7734375
10504,4434.65380859375
10505,3845.44140625
10506,5017.8046875
10507,6282.7080078125
10508,4119.50244140625
10509,6637.55322265625
10510,5255.71728515625
10511,6864.70654296875
10512,5548.07373046875
10513,3986.17578125
10514,3023.70703125
10515,2709.111572265625
10516,8555.75390625
10517,6005.47216796875
10518,5603.68896484375
10519,12698.2509765625
10520,7747.17431640625
10521,4165.62353515625
10522,5459.037109375
10523,2698.624267578125
10524,3918.42138671875
10525,4143.21484375
10526,4206.369140625
10527,8696.765625
10528,4873.513671875
10529,8045.66845703125
10530,10231.4599609375
10531,5772.38525390625
10532,6014.90087890625
10533,5256.759765625
10534,5281.90869140625
10535,4769.82958984375
10536,8599.5009765625
10537,5718.76220703125
10538,6797.0
10539,3248.930908203125
10540,5984.6806640625
10541,6033.025390625
10542,6249.43798828125
10543,6997.41552734375
10544,5213.5849609375
10545,7336.45458984375
10546,5707.3505859375
10547,8745.55078125
10548,7447.93701171875
10549,6932.91259765625
10550,9376.119140625
10551,7177.9306640625
10552,7852.31982421875
10553,2787.2412109375
10554,5306.1591796875
10555,5150.8974609375
10556,8826.654296875
10557,7083.4296875
10558,7280.62841796875
10559,7344.853515625
10560,7664.7568359375
10561,6007.58642578125
10562,6723.97607421875
10563,6543.82080078125
10564,2700.6865234375
10565,9686.859375
10566,16859.0703125
10567,7106.12255859375
10568,6192.51611328125
10569,7056.2333984375
10570,8178.94140625
10571,8238.0810546875
10572,3269.91015625
10573,4586.0556640625
10574,5745.39697265625
10575,8428.275390625
10576,2846.111328125
10577,4446.482421875
10578,5214.32568359375
10579,4473.1748046875
10580,5040.5283203125
10581,3353.28369140625
10582,3101.4951171875
10583,7600.5390625
10584,4354.58447265625
10585,4840.8427734375
10586,5841.50439453125
10587,4992.3974609375
10588,9690.5888671875
10589,12148.5595703125
10590,4980.86572265625
10591,7895.54248046875
10592,6494.3046875
10593,10440.646484375
10594,3778.786865234375
10595,2689.843017578125
10596,5305.10791015625
10597,11944.4287109375
10598,4422.84619140625
10599,7636.123046875
10600,2148.315185546875
10601,4009.2412109375
10602,6914.37353515625
10603,7253.62841796875
10604,5219.9609375
10605,9219.115234375
10606,9348.93359375
10607,7797.53857421875
10608,4740.43603515625
10609,8604.9638671875
10610,1870.38916015625
10611,4042.80908203125
10612,6685.29248046875
10613,5071.46435546875
10614,10445.60546875
10615,2479.917236328125
10616,4829.33154296875
10617,6059.0830078125
10618,7834.5458984375
10619,8396.375
10620,5222.693359375
10621,3126.841552734375
10622,8913.5791015625
10623,11105.603515625
10624,4492.54541015625
10625,5960.990234375
10626,9222.9443359375
10627,6276.8515625
10628,5127.54296875
10629,3825.42041015625
10630,8046.25048828125
10631,4347.57421875
10632,12426.9833984375
10633,7521.52099609375
10634,16237.876953125
10635,7013.09375
10636,4312.77880859375
10637,2349.15869140625
10638,6240.01904296875
10639,5441.91455078125
10640,5285.5576171875
10641,9360.5
10642,5741.36279296875
10643,2261.964599609375
10644,6505.92919921875
10645,3510.673583984375
10646,7155.74462890625
10647,7201.25244140625
10648,6156.6484375
10649,8190.5673828125
10650,4852.189453125
10651,6888.26806640625
10652,5778.3017578125
10653,5871.85546875
10654,6947.7119140625
10655,3744.970458984375
10656,7954.24072265625
10657,5941.91748046875
10658,3312.268798828125
10659,5037.58056640625
10660,8274.7451171875
10661,5517.16357421875
10662,3772.363037109375
10663,4945.9189453125
10664,4791.60595703125
10665,5381.08056640625
10666,4810.35791015625
10667,9498.33984375
10668,4468.54736328125
10669,3752.578857421875
10670,5642.09130859375
10671,5160.90087890625
10672,3169.236572265625
10673,4627.876953125
10674,8015.81201171875
10675,7222.56640625
10676,10852.7421875
10677,8546.240234375
10678,7214.7890625
10679,6891.8046875
10680,4428.15185546875
10681,10196.1201171875
10682,8369.8955078125
10683,6295.595703125
10684,5103.57373046875
10685,5532.67431640625
10686,4343.15478515625
10687,2059.299560546875
10688,8800.857421875
10689,6477.689453125
10690,5729.13623046875
10691,4381.4130859375
10692,1003.8090209960938
10693,7049.29443359375
10694,6208.59033203125
10695,6338.49755859375
10696,4029.86328125
10697,5942.5859375
10698,5664.62109375
10699,4280.1552734375
10700,10105.9501953125
10701,4545.90234375
10702,5143.30859375
10703,3723.07861328125
10704,2616.5166015625
10705,4796.232421875
10706,12978.3984375
10707,3473.771240234375
10708,5999.498046875
10709,5516.30859375
10710,3366.55126953125
10711,3176.30859375
10712,5876.29638671875
10713,2491.402099609375
10714,9672.16796875
10715,6259.373046875
10716,2908.788818359375
10717,8254.0224609375
10718,2311.567138671875
10719,4174.98486328125
10720,9230.1923828125
10721,7025.63232421875
10722,8258.615234375
10723,2452.15380859375
10724,4454.14453125
10725,4508.94189453125
10726,3926.09619140625
10727,16072.576171875
10728,11604.5263671875
10729,5653.302734375
10730,3225.0546875
10731,5963.15380859375
10732,4422.1787109375
10733,2445.4873046875
10734,7616.06884765625
10735,4786.89599609375
10736,4756.728515625
10737,6487.6083984375
10738,4964.75244140625
10739,4994.501953125
10740,5586.509765625
10741,6473.09765625
10742,6982.57177734375
10743,2684.02490234375
10744,4872.18701171875
10745,6601.287109375
10746,7695.9140625
10747,5353.57861328125
10748,7485.47900390625
10749,2327.345947265625
10750,8987.3017578125
10751,5735.6875
10752,3094.50146484375
10753,4338.69384765625
10754,4368.03564453125
10755,4394.07958984375
10756,6604.91943359375
10757,4180.05810546875
10758,5897.93017578125
10759,5099.46630859375
10760,7769.29833984375
10761,7863.28759765625
10762,4588.3056640625
10763,8493.3701171875
10764,5830.2744140625
10765,2618.619873046875
10766,10923.056640625
10767,3451.38037109375
10768,3517.573486328125
10769,6094.587890625
10770,11239.86328125
10771,8289.7685546875
10772,3920.821533203125
10773,4618.34033203125
10774,5910.36669921875
10775,6988.4833984375
10776,4621.76123046875
10777,6901.73828125
10778,2576.66748046875
10779,3933.21240234375
10780,3886.46142578125
10781,3124.73876953125
10782,2963.039306640625
10783,8262.419921875
10784,6018.7041015625
10785,5944.51025390625
10786,5549.91796875
10787,7756.384765625
10788,7894.55224609375
10789,4392.6689453125
10790,5190.20947265625
10791,6362.5419921875
10792,7431.0029296875
10793,4837.58740234375
10794,2360.6298828125
10795,6761.67919921875
10796,6690.4658203125
10797,5874.84912109375
10798,5753.21728515625
10799,2626.81787109375
10800,9681.001953125
10801,2804.8974609375
10802,8983.986328125
10803,4782.208984375
10804,4852.6669921875
10805,7221.07763671875
10806,4230.9482421875
10807,4093.3115234375
10808,7914.8974609375
10809,2378.04443359375
10810,7167.919921875
10811,9224.484375
10812,6741.529296875
10813,2549.351806640625
10814,5463.91357421875
10815,3058.715576171875
10816,2802.097412109375
10817,4688.4267578125
10818,4954.64453125
10819,5599.5302734375
10820,4808.76416015625
10821,5136.80126953125
10822,4401.79248046875
10823,8258.4599609375
10824,5382.77197265625
10825,5880.14208984375
10826,4911.05029296875
10827,5207.42578125
10828,5681.70849609375
10829,6095.2470703125
10830,7603.142578125
10831,7423.8671875
10832,8206.3642578125
10833,5960.78857421875
10834,5448.1328125
10835,2626.92236328125
10836,5944.59814453125
10837,8651.162109375
10838,5506.96044921875
10839,7123.80419921875
10840,14533.9228515625
10841,4076.670166015625
10842,4386.29443359375
10843,4346.9794921875
10844,8444.0546875
10845,9640.5205078125
10846,7550.83642578125
10847,7697.6181640625
10848,7858.037109375
10849,7850.8212890625
10850,6964.76806640625
10851,5637.12109375
10852,2897.509765625
10853,5326.51171875
10854,3005.171630859375
10855,2779.28369140625
10856,7141.99951171875
10857,15959.349609375
10858,5369.24072265625
10859,3286.55419921875
10860,5044.68310546875
10861,4986.78759765625
10862,5976.75439453125
10863,2567.229248046875
10864,6127.3740234375
10865,7242.40576171875
10866,3461.68505859375
10867,11468.2177734375
10868,11116.1845703125
10869,3676.673828125
10870,5057.84033203125
10871,3819.770263671875
10872,3834.303955078125
10873,3930.368896484375
10874,8229.29296875
10875,4157.41748046875
10876,4962.32177734375
10877,3284.4228515625
10878,5456.70458984375
10879,3958.133056640625
10880,6880.30615234375
10881,3293.847412109375
10882,8340.89453125
10883,6702.015625
10884,4569.0361328125
10885,3902.007080078125
10886,3541.1357421875
10887,5029.85498046875
10888,3830.416748046875
10889,9838.751953125
10890,4251.81640625
10891,3693.836181640625
10892,5925.03173828125
10893,4633.68310546875
10894,5778.87255859375
10895,4690.416015625
10896,5383.888671875
10897,9615.8203125
10898,6646.431640625
10899,6189.912109375
10900,3444.36767578125
10901,4212.71484375
10902,5098.30810546875
10903,3575.201171875
10904,4565.939453125
10905,4936.56103515625
10906,9454.7431640625
10907,6662.64697265625
10908,4632.02294921875
10909,6149.42236328125
10910,3790.109130859375
10911,6491.36376953125
10912,5213.60888671875
10913,8754.515625
10914,6632.68701171875
10915,4850.7080078125
10916,3066.35009765625
10917,2187.1552734375
10918,3521.637939453125
10919,21472.953125
10920,1876.11767578125
10921,5249.2236328125
10922,5786.80810546875
10923,6776.42431640625
10924,6503.00830078125
10925,8284.998046875
10926,5746.6904296875
10927,6932.0556640625
10928,3595.754638671875
10929,8177.0546875
10930,3811.325927734375
10931,6486.0517578125
10932,8962.267578125
10933,3512.296630859375
10934,7335.89794921875
10935,6669.58935546875
10936,3637.125732421875
10937,5910.90380859375
10938,6549.35498046875
10939,2637.29052734375
10940,8999.3974609375
10941,6720.673828125
10942,4637.55322265625
10943,8455.49609375
10944,9186.091796875
10945,5697.3076171875
10946,4398.7666015625
10947,5244.25634765625
10948,5493.78955078125
10949,3254.244384765625
10950,6119.82666015625
10951,2878.273193359375
10952,6054.22021484375
10953,2912.838623046875
10954,5542.53271484375
10955,4847.19775390625
10956,4714.50390625
10957,4847.521484375
10958,9037.380859375
10959,5226.60205078125
10960,7851.486328125
10961,5893.98193359375
10962,6240.3857421875
10963,9104.6904296875
10964,7164.0703125
10965,3950.40234375
10966,5052.6787109375
10967,5233.453125
10968,3924.457763671875
10969,12874.7216796875
10970,6025.0361328125
10971,6446.7919921875
10972,6446.7919921875
10973,6404.853515625
10974,2562.988525390625
10975,13215.9521484375
10976,8240.365234375
10977,6166.84375
10978,7719.84130859375
10979,6638.26025390625
10980,7512.6962890625
10981,5042.201171875
10982,4062.979736328125
10983,3111.96484375
10984,3590.826904296875
10985,7558.33740234375
10986,2762.178955078125
10987,7878.78955078125
10988,7173.1220703125
10989,4340.1484375
10990,7275.8828125
10991,4651.33203125
10992,7350.57666015625
10993,3209.305908203125
10994,4644.59033203125
10995,4550.1337890625
10996,4028.50439453125
10997,5866.04638671875
10998,5746.5654296875
10999,8124.49560546875
11000,5394.2138671875
11001,4050.704833984375
11002,6205.60498046875
11003,7056.43701171875
11004,6691.1875
11005,3109.80322265625
11006,3999.183837890625
11007,8840.548828125
11008,6275.62451171875
11009,3728.461181640625
11010,7670.82763671875
11011,6915.990234375
11012,5303.76318359375
11013,4941.51513671875
11014,1628.218994140625
11015,7284.41015625
11016,6163.59814453125
11017,4960.0771484375
11018,8809.0078125
11019,6513.64892578125
11020,3154.6552734375
11021,5537.3876953125
11022,3133.196044921875
11023,1314.4052734375
11024,6198.2158203125
11025,8512.47265625
11026,5797.7939453125
11027,4383.859375
11028,2586.765380859375
11029,4708.86474609375
11030,6565.70751953125
11031,5806.96337890625
11032,7834.3203125
11033,3747.305419921875
11034,5400.62451171875
11035,2940.11865234375
11036,6397.66748046875
11037,3186.749267578125
11038,2582.351806640625
11039,4880.23388671875
11040,4074.4521484375
11041,6098.0205078125
11042,5282.0634765625
11043,5399.77294921875
11044,5281.7001953125
11045,7697.189453125
11046,5134.2001953125
11047,3496.39208984375
11048,9874.572265625
11049,6543.70849609375
11050,6555.6025390625
11051,1639.017822265625
11052,6997.98876953125
11053,5875.33349609375
11054,4175.3125
11055,7525.46435546875
11056,9078.0634765625
11057,6518.29296875
11058,6033.359375
11059,5924.07861328125
11060,7663.5400390625
11061,9694.75390625
11062,3971.77880859375
11063,3440.630615234375
11064,4810.5205078125
11065,5558.87158203125
11066,5644.33935546875
11067,7356.6396484375
11068,5468.1337890625
11069,6048.61669921875
11070,2361.594970703125
11071,6211.75048828125
11072,6990.88134765625
11073,3384.55615234375
11074,6153.5537109375
11075,3937.49072265625
11076,7361.5576171875
11077,5073.111328125
11078,5094.509765625
11079,5953.5029296875
11080,3549.00439453125
11081,4749.4326171875
11082,6856.87646484375
11083,4518.04541015625
11084,7913.25341796875
11085,4893.892578125
11086,8729.8994140625
11087,4899.0576171875
11088,3803.86865234375
11089,8097.60400390625
11090,2716.527099609375
11091,8840.5439453125
11092,5852.6484375
11093,5135.13916015625
11094,6537.72119140625
11095,4371.49169921875
11096,5065.54248046875
11097,5992.240234375
11098,2985.6923828125
11099,2949.62158203125
11100,6002.45947265625
11101,6366.90185546875
11102,7829.240234375
11103,5994.4482421875
11104,5953.50390625
11105,3873.01318359375
11106,6572.28466796875
11107,3186.521728515625
11108,10249.244140625
11109,7272.7041015625
11110,10804.1455078125
11111,5419.4599609375
11112,4330.71240234375
11113,8065.724609375
11114,6880.45361328125
11115,3225.30419921875
11116,8872.064453125
11117,3733.115966796875
11118,6642.14501953125
11119,6286.3388671875
11120,4625.3095703125
11121,3420.044921875
11122,5491.27783203125
11123,3710.517578125
11124,2482.241943359375
11125,6419.8916015625
11126,5337.23681640625
11127,21953.771484375
11128,7966.18359375
11129,4521.78271484375
11130,8282.044921875
11131,10690.8134765625
11132,6240.80615234375
11133,7526.80517578125
11134,5556.7138671875
11135,7500.908203125
11136,7841.52099609375
11137,6217.92919921875
11138,5717.029296875
11139,7477.13818359375
11140,7222.57177734375
11141,7270.29931640625
11142,7862.0478515625
11143,6980.14892578125
11144,5243.66796875
11145,5652.5693359375
11146,10558.4296875
11147,10498.4453125
11148,7431.587890625
11149,8368.0888671875
11150,4375.873046875
11151,6490.49267578125
11152,4030.5185546875
11153,8267.0712890625
11154,10899.943359375
11155,9264.568359375
11156,6595.56005859375
11157,5433.68115234375
11158,4304.65673828125
11159,6264.255859375
11160,10325.9462890625
11161,7262.11376953125
11162,5720.88818359375
11163,6765.2236328125
11164,7572.7548828125
11165,3615.669921875
11166,8161.87890625
11167,4610.13671875
11168,7314.58740234375
11169,6077.25830078125
11170,5771.3701171875
11171,7799.826171875
11172,7073.0078125
11173,4825.94580078125
11174,6447.55322265625
11175,7894.39501953125
11176,12480.4833984375
11177,6643.06494140625
11178,7205.4130859375
11179,7812.7470703125
11180,11292.576171875
11181,6529.33642578125
11182,11248.029296875
11183,5001.42041015625
11184,4118.61474609375
11185,6122.025390625
11186,6051.76708984375
11187,10087.1982421875
11188,7862.24072265625
11189,5352.427734375
11190,8162.44287109375
11191,6842.2158203125
11192,10568.6474609375
11193,4326.12744140625
11194,13930.1806640625
11195,5099.34423828125
11196,5851.1513671875
11197,8973.4208984375
11198,4846.37939453125
11199,6708.3896484375
11200,7636.22265625
11201,7574.61767578125
11202,7199.365234375
11203,5283.59375
11204,7813.14453125
11205,7995.09716796875
11206,7665.9716796875
11207,5163.03076171875
11208,7477.5029296875
11209,12178.1484375
11210,7559.515625
11211,4745.47509765625
11212,7753.740234375
11213,5925.37255859375
11214,6293.74072265625
11215,8261.7236328125
11216,3980.384033203125
11217,8840.9921875
11218,6111.80615234375
11219,7559.52880859375
11220,7606.01025390625
11221,4841.08740234375
11222,5861.5283203125
11223,5409.45751953125
11224,8467.77734375
11225,9638.3955078125
11226,4882.79345703125
11227,4751.9580078125
11228,7348.84765625
11229,6299.22998046875
11230,5263.79541015625
11231,7585.39697265625
11232,7153.0927734375
11233,7474.693359375
11234,5928.3681640625
11235,4441.93310546875
11236,6699.7841796875
11237,8466.0302734375
11238,8518.365234375
11239,8735.8505859375
11240,8620.611328125
11241,6699.283203125
11242,8793.330078125
11243,5707.5341796875
11244,7578.740234375
11245,9345.275390625
11246,6845.81005859375
11247,9849.1318359375
11248,9215.0078125
11249,7934.4599609375
11250,6121.71484375
11251,7377.45361328125
11252,8643.380859375
11253,7033.28955078125
11254,3534.19677734375
11255,5565.36669921875
11256,8184.13671875
11257,6312.3349609375
11258,5200.84228515625
11259,8912.4921875
11260,6051.34130859375
11261,6343.02685546875
11262,6020.24267578125
11263,5410.0498046875
11264,7362.55419921875
11265,7043.189453125
11266,6958.0771484375
11267,5647.70068359375
11268,5112.85693359375
11269,6653.45263671875
11270,3688.446533203125
11271,6804.60693359375
11272,6424.34228515625
11273,9023.599609375
11274,7466.607421875
11275,5854.61181640625
11276,12475.0791015625
11277,4554.80615234375
11278,5397.46337890625
11279,11304.5029296875
11280,7374.048828125
11281,8639.54296875
11282,7812.154296875
11283,6342.234375
11284,6081.6494140625
11285,5884.2314453125
11286,7858.77490234375
11287,11300.23828125
11288,6482.55810546875
11289,3598.9833984375
11290,4308.75244140625
11291,8432.068359375
11292,9767.2333984375
11293,7468.41015625
11294,7465.86083984375
11295,4466.94482421875
11296,4393.9833984375
11297,2650.986572265625
11298,5149.890625
11299,6438.38525390625
11300,7980.21484375
11301,6220.0029296875
11302,10272.55859375
11303,8444.796875
11304,10410.6025390625
11305,8268.9287109375
11306,4885.5537109375
11307,9528.125
11308,12215.6005859375
11309,6241.63330078125
11310,8080.755859375
11311,5288.11474609375
11312,6922.13671875
11313,4367.90234375
11314,7583.013671875
11315,5927.89892578125
11316,8967.796875
11317,7119.70361328125
11318,9803.5771484375
11319,8171.078125
11320,5551.640625
11321,9214.2734375
11322,18723.501953125
11323,10365.326171875
11324,6110.20703125
11325,2888.1826171875
11326,6132.35205078125
11327,8505.8427734375
11328,6331.34423828125
11329,11803.052734375
11330,22323.919921875
11331,3073.3779296875
11332,5618.87939453125
11333,8534.830078125
11334,5007.34423828125
11335,8293.4267578125
11336,7596.197265625
11337,8031.91845703125
11338,6929.6015625
11339,7147.75537109375
11340,6775.8232421875
11341,7341.40771484375
11342,9492.08203125
11343,6745.1806640625
11344,6395.4228515625
11345,6948.662109375
11346,5174.53173828125
11347,5007.51953125
11348,8176.54541015625
11349,6624.16064453125
11350,5890.78271484375
11351,7858.822265625
11352,5652.14453125
11353,6670.36767578125
11354,7741.109375
11355,6931.05908203125
11356,9351.9658203125
11357,7973.6943359375
11358,8369.453125
11359,6194.70947265625
11360,3421.779296875
11361,6595.30712890625
11362,7301.68505859375
11363,5149.2333984375
11364,4492.9208984375
11365,9749.3486328125
11366,7476.06884765625
11367,9816.2587890625
11368,6537.2958984375
11369,5975.3359375
11370,5364.2373046875
11371,4446.83203125
11372,10813.2724609375
11373,6157.046875
11374,8247.7724609375
11375,14572.1484375
11376,8678.13671875
11377,6313.01953125
11378,5975.87255859375
11379,4347.45947265625
11380,8250.9521484375
11381,4593.73681640625
11382,5123.88232421875
11383,10238.76953125
11384,5258.841796875
11385,16180.5390625
11386,13545.505859375
11387,6321.6142578125
11388,7505.298828125
11389,6470.46923828125
11390,7224.25537109375
11391,5617.12451171875
11392,11467.865234375
11393,8269.9404296875
11394,9428.064453125
11395,5019.0947265625
11396,8037.8720703125
11397,7898.7041015625
11398,9482.294921875
11399,8221.32421875
11400,7376.32275390625
11401,7407.85986328125
11402,6652.7724609375
11403,9746.0205078125
11404,9860.228515625
11405,7914.95703125
11406,11056.4921875
11407,6606.90966796875
11408,8927.330078125
11409,5209.55029296875
11410,5423.3232421875
11411,5684.67041015625
11412,11305.880859375
11413,6755.14990234375
11414,9233.74609375
11415,7971.13134765625
11416,9084.5888671875
11417,7604.38232421875
11418,9474.068359375
11419,6785.52099609375
11420,3958.044189453125
11421,12784.1640625
11422,17421.1328125
11423,8150.0283203125
11424,7651.4677734375
11425,9835.7080078125
11426,11049.10546875
11427,11299.984375
11428,6731.640625
11429,8073.83203125
11430,6301.9697265625
11431,9717.404296875
11432,4307.38916015625
11433,6150.62890625
11434,6055.07568359375
11435,5593.89794921875
11436,7944.15234375
11437,5681.3408203125
11438,5227.5634765625
11439,8103.0380859375
11440,4760.419921875
11441,5348.146484375
11442,6870.25390625
11443,7056.82080078125
11444,10403.5537109375
11445,9544.2080078125
11446,6703.7099609375
11447,7315.24169921875
11448,6110.86669921875
11449,11376.3173828125
11450,7032.62646484375
11451,6640.4462890625
11452,5112.56005859375
11453,9931.13671875
11454,5396.27490234375
11455,7622.91064453125
11456,3162.643310546875
11457,5149.62060546875
11458,7427.0517578125
11459,7300.1298828125
11460,6224.3466796875
11461,10166.6923828125
11462,10406.677734375
11463,11866.599609375
11464,6181.28466796875
11465,9897.6796875
11466,2804.077392578125
11467,5445.345703125
11468,7315.2373046875
11469,5465.80029296875
11470,9077.203125
11471,6220.30908203125
11472,4558.03173828125
11473,9464.7998046875
11474,11568.763671875
11475,7345.2802734375
11476,5915.43212890625
11477,5653.16943359375
11478,8892.3828125
11479,8493.0810546875
11480,5410.3095703125
11481,5746.80810546875
11482,7474.83544921875
11483,10012.18359375
11484,4602.67919921875
11485,5903.11328125
11486,8828.4208984375
11487,9179.591796875
11488,12567.1474609375
11489,5425.87158203125
11490,15200.53125
11491,7537.53857421875
11492,4995.23974609375
11493,3251.89453125
11494,5953.7255859375
11495,6676.4033203125
11496,5942.23291015625
11497,8549.3466796875
11498,5514.3251953125
11499,4616.34423828125
11500,7004.404296875
11501,4305.5390625
11502,7372.73681640625
11503,7353.6748046875
11504,7788.3857421875
11505,9501.775390625
11506,5745.6142578125
11507,9175.5927734375
11508,5800.95849609375
11509,6757.43603515625
11510,6083.64208984375
11511,5024.69287109375
11512,10910.619140625
11513,6309.2978515625
11514,5710.55419921875
11515,7794.47607421875
11516,9874.4423828125
11517,8023.60791015625
11518,6364.00390625
11519,8920.4560546875
11520,5278.83154296875
11521,8069.6904296875
11522,6713.7265625
11523,10211.7763671875
11524,6226.6787109375
11525,6027.255859375
11526,6011.4306640625
11527,5321.93017578125
11528,4502.2294921875
11529,5528.83203125
11530,8710.974609375
11531,8892.2978515625
11532,11569.2021484375
11533,12381.212890625
11534,9113.462890625
11535,6175.3740234375
11536,4750.62548828125
11537,10568.197265625
11538,10981.6767578125
11539,7822.49072265625
11540,8629.5263671875
11541,9648.2265625
11542,5767.8759765625
11543,3257.008544921875
11544,9170.8486328125
11545,6489.2041015625
11546,6434.060546875
11547,5874.5556640625
11548,2738.9326171875
11549,11915.7119140625
11550,6489.28173828125
11551,2736.529296875
11552,5353.9248046875
11553,4887.1826171875
11554,6764.57958984375
11555,7588.99072265625
11556,7081.6494140625
11557,4678.423828125
11558,5433.2080078125
11559,3738.861572265625
11560,3095.89794921875
11561,7537.02294921875
11562,17867.470703125
11563,5154.2685546875
11564,6373.46826171875
11565,6930.33447265625
11566,5174.74560546875
11567,5402.46533203125
11568,5446.69482421875
11569,3654.2509765625
11570,8041.65869140625
11571,7660.1748046875
11572,4148.84765625
11573,9069.541015625
11574,5335.6171875
11575,5537.5361328125
11576,10184.759765625
11577,7671.21484375
11578,9273.2744140625
11579,5305.8544921875
11580,6694.8935546875
11581,4972.38671875
11582,5123.6669921875
11583,15557.5849609375
11584,11462.0126953125
11585,7169.85693359375
11586,5148.26806640625
11587,5222.1044921875
11588,6719.76220703125
11589,4290.37939453125
11590,8678.8232421875
11591,5011.12646484375
11592,6564.05078125
11593,7498.171875
11594,5368.962890625
11595,6166.18408203125
11596,7783.81494140625
11597,8038.5517578125
11598,7538.822265625
11599,3997.99462890625
11600,5338.931640625
11601,6820.49658203125
11602,9310.2578125
11603,9241.35546875
11604,7627.40380859375
11605,4388.31396484375
11606,8224.4619140625
11607,6327.89111328125
11608,4935.5234375
11609,7806.68896484375
11610,7410.7216796875
11611,6658.9599609375
11612,6229.939453125
11613,6672.98291015625
11614,7258.0576171875
11615,6185.18017578125
11616,7022.18017578125
11617,7701.81298828125
11618,7113.64208984375
11619,10830.681640625
11620,6643.52001953125
11621,4796.03759765625
11622,13242.458984375
11623,6153.541015625
11624,3989.008056640625
11625,8479.697265625
11626,12313.0927734375
11627,11746.7109375
11628,4699.6630859375
11629,6482.66650390625
11630,6466.82373046875
11631,7421.42724609375
11632,6729.22607421875
11633,9214.5146484375
11634,3425.467041015625
11635,5407.3720703125
11636,6723.34228515625
11637,5076.2958984375
11638,6043.80419921875
11639,6377.66943359375
11640,8514.2626953125
11641,5494.3701171875
11642,8748.5498046875
11643,7279.39892578125
11644,9034.83984375
11645,5274.908203125
11646,6660.99072265625
11647,7084.92919921875
11648,8560.99609375
11649,9202.921875
11650,4634.5068359375
11651,8836.484375
11652,8284.6669921875
11653,9487.9501953125
11654,4895.62353515625
11655,4013.913330078125
11656,9363.96484375
11657,6962.15478515625
11658,9617.900390625
11659,6176.94140625
11660,5574.521484375
11661,8519.568359375
11662,5870.9404296875
11663,6746.66748046875
11664,6989.4521484375
11665,5984.80615234375
11666,9239.84765625
11667,11179.005859375
11668,8221.2373046875
11669,4782.69970703125
11670,6446.3935546875
11671,3824.91455078125
11672,3078.14306640625
11673,8594.37890625
11674,5696.64111328125
11675,9363.611328125
11676,5207.7099609375
11677,6275.41015625
11678,6178.50244140625
11679,9937.615234375
11680,6055.82080078125
11681,5854.5009765625
11682,6782.65087890625
11683,7626.9658203125
11684,5381.3740234375
11685,7909.76806640625
11686,8343.263671875
11687,7434.3330078125
11688,8765.0576171875
11689,7663.9306640625
11690,6258.94775390625
11691,4705.5810546875
11692,6092.775390625
11693,11403.189453125
11694,8427.6923828125
11695,7339.630859375
11696,16676.791015625
11697,6989.33544921875
11698,5228.572265625
11699,6297.591796875
11700,9458.7958984375
11701,10567.16796875
11702,7996.6875
11703,8119.4677734375
11704,8898.9267578125
11705,8138.44287109375
11706,7656.134765625
11707,7035.76953125
11708,5497.95263671875
11709,5825.056640625
11710,3476.631103515625
11711,5252.5009765625
11712,9184.5791015625
11713,18272.3046875
11714,6567.2783203125
11715,4437.462890625
11716,8218.630859375
11717,4757.96435546875
11718,6789.92236328125
11719,4032.0419921875
11720,9731.9423828125
11721,7196.10107421875
11722,6927.86181640625
11723,13816.671875
11724,13597.984375
11725,5940.62353515625
11726,6945.654296875
11727,3736.404296875
11728,4988.52880859375
11729,4942.490234375
11730,9055.330078125
11731,5902.7763671875
11732,5594.0859375
11733,5507.25537109375
11734,5853.56005859375
11735,7933.61083984375
11736,7469.78466796875
11737,2900.368408203125
11738,7923.89794921875
11739,8730.841796875
11740,8228.9560546875
11741,5233.07470703125
11742,4805.23193359375
11743,8213.78125
11744,4553.51953125
11745,10067.8115234375
11746,4415.86767578125
11747,5634.556640625
11748,7499.1328125
11749,6825.85302734375
11750,4374.6337890625
11751,5948.9296875
11752,7194.66650390625
11753,9674.869140625
11754,10275.091796875
11755,6198.1591796875
11756,3517.442626953125
11757,5202.4697265625
11758,6410.015625
11759,4234.29833984375
11760,6013.162109375
11761,5985.5732421875
11762,11036.2060546875
11763,8426.66796875
11764,6658.7734375
11765,7851.09130859375
11766,4652.02294921875
11767,9494.3515625
11768,5639.9697265625
11769,12624.056640625
11770,6498.93505859375
11771,5637.12158203125
11772,6258.3642578125
11773,3820.964599609375
11774,6596.443359375
11775,21307.509765625
11776,4752.01708984375
11777,5753.81689453125
11778,10717.5185546875
11779,6126.14453125
11780,6727.99169921875
11781,8147.80712890625
11782,6979.12109375
11783,6264.77197265625
11784,4922.1669921875
11785,9931.4619140625
11786,5402.17822265625
11787,7277.306640625
11788,8984.376953125
11789,4937.51953125
11790,7946.9638671875
11791,6619.4892578125
11792,3815.1796875
11793,9290.505859375
11794,10136.8955078125
11795,3794.11474609375
11796,8673.9287109375
11797,7726.21630859375
11798,4910.61279296875
11799,9246.73046875
11800,7635.34326171875
11801,8974.2822265625
11802,4867.330078125
11803,6099.34375
11804,6310.6865234375
11805,4073.23583984375
11806,7268.5107421875
11807,4206.529296875
11808,6369.7353515625
11809,4752.95751953125
11810,6068.60888671875
11811,5793.62939453125
11812,6788.408203125
11813,6514.197265625
11814,9529.501953125
11815,7012.85986328125
11816,7470.40576171875
11817,5835.916015625
11818,9357.8564453125
11819,9125.3701171875
11820,6986.62646484375
11821,3280.412353515625
11822,5762.16650390625
11823,7210.72314453125
11824,3879.637939453125
11825,12512.638671875
11826,6061.4677734375
11827,7959.5166015625
11828,9262.212890625
11829,6577.84423828125
11830,4770.82470703125
11831,10890.24609375
11832,10294.720703125
11833,4911.0166015625
11834,9161.3447265625
11835,9975.662109375
11836,6917.7236328125
11837,5259.8056640625
11838,7311.279296875
11839,4949.736328125
11840,5518.0439453125
11841,7606.62451171875
11842,4797.95849609375
11843,8423.3173828125
11844,8193.8828125
11845,6694.2001953125
11846,8813.486328125
11847,6049.68212890625
11848,5981.9873046875
11849,4075.0537109375
11850,7884.556640625
11851,7490.685546875
11852,6349.63134765625
11853,6409.4921875
11854,7836.55615234375
11855,9658.5791015625
11856,6366.2919921875
11857,5718.98486328125
11858,7077.0380859375
11859,7226.91552734375
11860,6653.78857421875
11861,4164.1484375
11862,4474.59912109375
11863,7658.2529296875
11864,7604.45751953125
11865,5957.27587890625
11866,9180.9892578125
11867,6388.068359375
11868,6709.57373046875
11869,5918.447265625
11870,3110.64697265625
11871,8005.0634765625
11872,7506.7841796875
11873,7453.3486328125
11874,10132.8076171875
11875,8429.171875
11876,4744.71435546875
11877,9087.1552734375
11878,3745.00439453125
11879,2648.406982421875
11880,8582.1123046875
11881,11047.3876953125
11882,8210.236328125
11883,7640.64990234375
11884,4663.103515625
11885,6914.00634765625
11886,8429.2353515625
11887,6939.67138671875
11888,8225.060546875
11889,5442.0556640625
11890,4788.9111328125
11891,5465.25732421875
11892,6038.26708984375
11893,5784.91064453125
11894,5484.13818359375
11895,5757.224609375
11896,4921.02978515625
11897,6448.17822265625
11898,8063.70361328125
11899,5835.18212890625
11900,6311.45458984375
11901,7626.4013671875
11902,5950.4755859375
11903,5414.70166015625
11904,9839.2158203125
11905,7398.56201171875
11906,6132.70947265625
11907,3573.553466796875
11908,13500.4814453125
11909,6927.603515625
11910,6296.57177734375
11911,8910.8740234375
11912,7977.92626953125
11913,7617.36669921875
11914,5716.890625
11915,7028.5458984375
11916,10833.556640625
11917,13366.3671875
11918,5487.1943359375
11919,4468.27880859375
11920,5706.52880859375
11921,6154.94189453125
11922,5760.33154296875
11923,7173.64599609375
11924,9405.5458984375
11925,6208.84130859375
11926,4444.4033203125
11927,6307.20556640625
11928,8477.48828125
11929,5168.47705078125
11930,7382.14990234375
11931,4100.1943359375
11932,7618.6845703125
11933,7572.12890625
11934,7827.73876953125
11935,8774.78515625
11936,6469.56640625
11937,4534.86279296875
11938,6826.59521484375
11939,8277.2685546875
11940,8727.392578125
11941,7529.7939453125
11942,8481.4736328125
11943,6121.734375
11944,4491.33935546875
11945,10325.0546875
11946,4464.3662109375
11947,10026.6650390625
11948,6483.50048828125
11949,5219.19384765625
11950,6762.49560546875
11951,6391.80126953125
11952,8069.09033203125
11953,8912.6494140625
11954,4196.72607421875
11955,4823.3955078125
11956,8024.775390625
11957,8997.8203125
11958,9024.865234375
11959,6271.595703125
11960,6580.29736328125
11961,6286.68017578125
11962,6935.8876953125
11963,6060.6484375
11964,10686.2119140625
11965,9510.6337890625
11966,10564.91015625
11967,4553.1826171875
11968,5930.91357421875
11969,10090.0595703125
11970,8196.724609375
11971,6266.7216796875
11972,11164.537109375
11973,6364.875
11974,6842.23095703125
11975,6198.5439453125
11976,5755.23291015625
11977,5392.376953125
11978,6708.10888671875
11979,4840.98291015625
11980,5198.89794921875
11981,8380.6435546875
11982,6740.63720703125
11983,23417.978515625
11984,8456.3037109375
11985,4944.97412109375
11986,9684.013671875
11987,10421.6044921875
11988,8172.12646484375
11989,7780.78564453125
11990,6387.68310546875
11991,8157.30029296875
11992,8579.9345703125
11993,6162.18310546875
11994,6108.88623046875
11995,7188.95703125
11996,7851.67431640625
11997,7727.87939453125
11998,8976.951171875
11999,6347.21484375
12000,5115.8271484375
12001,5474.88134765625
12002,10744.18359375
12003,11896.08203125
12004,8454.7138671875
12005,8153.0224609375
12006,5182.1884765625
12007,6327.4853515625
12008,4063.103759765625
12009,8345.3291015625
12010,11122.1875
12011,9496.751953125
12012,6427.9951171875
12013,5874.49169921875
12014,5186.7958984375
12015,6030.1064453125
12016,10886.828125
12017,6688.03125
12018,5500.18310546875
12019,5660.82958984375
12020,8430.064453125
12021,3731.5107421875
12022,7866.51416015625
12023,4344.71337890625
12024,7211.912109375
12025,6812.34423828125
12026,6030.40625
12027,7504.9580078125
12028,7158.4228515625
12029,4885.4130859375
12030,7147.01025390625
12031,7638.10107421875
12032,12825.955078125
12033,6590.43505859375
12034,8188.0830078125
12035,8415.1376953125
12036,10626.51171875
12037,6949.201171875
12038,10631.30078125
12039,4978.35009765625
12040,4970.41455078125
12041,6908.09765625
12042,6357.68408203125
12043,9863.0283203125
12044,8057.625
12045,5425.33349609375
12046,7795.0068359375
12047,6205.25146484375
12048,11483.6396484375
12049,4289.7998046875
12050,14318.1728515625
12051,5085.17138671875
12052,5593.595703125
12053,9513.259765625
12054,5118.3935546875
12055,7742.68408203125
12056,7893.1416015625
12057,8190.24072265625
12058,7071.07275390625
12059,5548.95947265625
12060,7302.08251953125
12061,7681.70458984375
12062,7976.568359375
12063,5340.56689453125
12064,7842.81298828125
12065,11881.302734375
12066,7852.9208984375
12067,6066.46240234375
12068,7444.26220703125
12069,6380.47607421875
12070,5732.3837890625
12071,8145.107421875
12072,4324.85693359375
12073,8848.15234375
12074,6549.84033203125
12075,7625.58154296875
12076,8579.9091796875
12077,4595.42138671875
12078,6299.7294921875
12079,5046.921875
12080,9078.7314453125
12081,9231.4931640625
12082,4813.13232421875
12083,5419.6376953125
12084,7694.5322265625
12085,6321.771484375
12086,5456.28955078125
12087,7575.08056640625
12088,7030.5048828125
12089,8406.1572265625
12090,6372.76806640625
12091,4726.63525390625
12092,6692.8466796875
12093,8964.9208984375
12094,8780.423828125
12095,8741.7109375
12096,8625.9150390625
12097,6408.6591796875
12098,9508.6904296875
12099,6297.37744140625
12100,8370.263671875
12101,10233.3125
12102,6779.048828125
12103,10532.9189453125
12104,9042.68359375
12105,7833.02880859375
12106,6205.05419921875
12107,7492.904296875
12108,8335.8740234375
12109,7401.48828125
12110,3575.5283203125
12111,6149.24072265625
12112,8055.64111328125
12113,6110.24755859375
12114,5142.0166015625
12115,9553.873046875
12116,6667.07275390625
12117,6249.77587890625
12118,6460.67529296875
12119,5980.130859375
12120,8384.25
12121,7914.384765625
12122,7471.2294921875
12123,6192.38623046875
12124,5907.71923828125
12125,6812.0029296875
12126,3604.125244140625
12127,6601.50927734375
12128,6440.18798828125
12129,9187.1318359375
12130,7430.21630859375
12131,5922.14990234375
12132,12306.85546875
12133,5477.0478515625
12134,5987.69287109375
12135,12066.8759765625
12136,7532.64111328125
12137,9335.5888671875
12138,8110.89453125
12139,6446.21923828125
12140,6556.5263671875
12141,5848.076171875
12142,8730.70703125
12143,12518.3896484375
12144,7312.30712890625
12145,3848.071533203125
12146,4935.86279296875
12147,8242.1884765625
12148,8823.044921875
12149,7351.53662109375
12150,8395.4423828125
12151,5744.837890625
12152,5827.14208984375
12153,3290.837158203125
12154,5729.201171875
12155,6481.8779296875
12156,8272.830078125
12157,6891.3037109375
12158,7774.54541015625
12159,8304.8330078125
12160,10716.2392578125
12161,8326.490234375
12162,5122.1318359375
12163,9759.833984375
12164,11680.5400390625
12165,6551.47314453125
12166,8269.6337890625
12167,5823.55859375
12168,6897.80810546875
12169,4596.57275390625
12170,8176.32666015625
12171,6018.89111328125
12172,9405.5302734375
12173,7977.9091796875
12174,9931.9404296875
12175,8682.908203125
12176,5957.9814453125
12177,9344.7314453125
12178,20454.240234375
12179,11227.365234375
12180,7032.5302734375
12181,2609.3759765625
12182,6657.6162109375
12183,9001.7001953125
12184,6779.6279296875
12185,12421.0576171875
12186,21301.90234375
12187,3715.644775390625
12188,5579.38671875
12189,10717.7724609375
12190,5365.375
12191,8936.6943359375
12192,8166.3046875
12193,8612.4267578125
12194,7037.5478515625
12195,6460.73095703125
12196,6481.12109375
12197,8179.712890625
12198,9710.90625
12199,6766.27099609375
12200,6212.85205078125
12201,7377.748046875
12202,5043.095703125
12203,4945.8642578125
12204,7888.65478515625
12205,6548.57470703125
12206,5860.48046875
12207,8583.18359375
12208,6412.078125
12209,6686.96044921875
12210,8089.6484375
12211,7563.28955078125
12212,8958.0703125
12213,7984.30322265625
12214,8562.1181640625
12215,6113.8466796875
12216,3865.712890625
12217,7287.98193359375
12218,8132.06201171875
12219,4918.72265625
12220,4451.591796875
12221,10136.3515625
12222,8308.0078125
12223,9886.294921875
12224,7099.5771484375
12225,5973.22998046875
12226,5739.896484375
12227,5123.0478515625
12228,11253.33984375
12229,5456.8330078125
12230,8280.9521484375
12231,16915.36328125
12232,8161.61962890625
12233,8599.306640625
12234,5548.314453125
12235,4858.4765625
12236,7897.42724609375
12237,4912.97705078125
12238,5690.02880859375
12239,11829.083984375
12240,5116.021484375
12241,17392.748046875
12242,14213.623046875
12243,5873.12548828125
12244,7269.9716796875
12245,6448.193359375
12246,7862.158203125
12247,6127.35546875
12248,11619.9951171875
12249,8141.9326171875
12250,10678.109375
12251,5611.19873046875
12252,8457.341796875
12253,7476.56103515625
12254,9639.5009765625
12255,7924.57958984375
12256,7210.93701171875
12257,7606.86474609375
12258,7070.56787109375
12259,9615.578125
12260,11466.7119140625
12261,7651.37939453125
12262,11132.0
12263,7095.8193359375
12264,10231.6103515625
12265,4710.9697265625
12266,5791.05126953125
12267,5834.69482421875
12268,10968.6845703125
12269,6785.9921875
12270,9607.619140625
12271,8039.5234375
12272,8481.38671875
12273,6833.580078125
12274,10084.0810546875
12275,7633.7314453125
12276,4071.8056640625
12277,12960.3466796875
12278,19046.705078125
12279,7617.796875
12280,7487.18408203125
12281,10471.095703125
12282,11870.7919921875
12283,11916.2763671875
12284,6736.90283203125
12285,8661.638671875
12286,6238.2177734375
12287,9330.5654296875
12288,4642.134765625
12289,6712.91455078125
12290,5908.62646484375
12291,5860.67138671875
12292,8243.5654296875
12293,6032.23583984375
12294,5571.1123046875
12295,8156.69873046875
12296,4481.49658203125
12297,5413.046875
12298,7506.9189453125
12299,7058.962890625
12300,10663.044921875
12301,9234.71484375
12302,7631.326171875
12303,7357.0478515625
12304,6677.44677734375
12305,12926.7294921875
12306,7793.0693359375
12307,5951.85546875
12308,5704.525390625
12309,9706.396484375
12310,5341.53173828125
12311,7731.6533203125
12312,3423.2001953125
12313,5746.28759765625
12314,8448.3076171875
12315,6395.13818359375
12316,6281.24560546875
12317,10159.8232421875
12318,10948.7080078125
12319,12796.1484375
12320,6874.3125
12321,9611.29296875
12322,3461.716796875
12323,5597.2763671875
12324,7030.32080078125
12325,5532.27490234375
12326,8750.2333984375
12327,6296.3212890625
12328,5232.26708984375
12329,9434.8154296875
12330,11965.2705078125
12331,8995.640625
12332,5728.5966796875
12333,6284.5654296875
12334,10251.775390625
12335,8217.3330078125
12336,6651.47216796875
12337,5900.51171875
12338,7189.3603515625
12339,10861.5986328125
12340,4740.3759765625
12341,6884.43994140625
12342,8389.36328125
12343,8916.388671875
12344,14532.4580078125
12345,5707.1240234375
12346,15638.5634765625
12347,7594.66162109375
12348,5516.1806640625
12349,4190.384765625
12350,6315.80859375
12351,6760.37060546875
12352,6388.6005859375
12353,8135.20947265625
12354,5801.375
12355,5342.9765625
12356,7387.58251953125
12357,3776.11669921875
12358,7735.734375
12359,7791.84521484375
12360,8483.7333984375
12361,9255.5966796875
12362,5998.2666015625
12363,9345.3125
12364,5967.2802734375
12365,6444.82421875
12366,5852.162109375
12367,5364.4990234375
12368,11051.4052734375
12369,7367.0419921875
12370,5894.3505859375
12371,8197.5888671875
12372,9475.2509765625
12373,8472.533203125
12374,5956.33056640625
12375,9058.546875
12376,5862.83349609375
12377,7469.0595703125
12378,6456.61865234375
12379,9291.896484375
12380,7195.60302734375
12381,6799.63330078125
12382,5362.42236328125
12383,5252.45068359375
12384,4514.0390625
12385,5638.162109375
12386,8710.28125
12387,10001.564453125
12388,11604.837890625
12389,12687.4609375
12390,9195.31640625
12391,6777.92431640625
12392,5405.27685546875
12393,10937.5732421875
12394,11507.908203125
12395,6994.05126953125
12396,9708.1650390625
12397,9396.5166015625
12398,6194.23583984375
12399,4381.34716796875
12400,9497.8759765625
12401,7415.57666015625
12402,7398.36669921875
12403,5797.93115234375
12404,3028.90185546875
12405,12565.7177734375
12406,6413.6279296875
12407,4472.13818359375
12408,5124.927734375
12409,5970.44091796875
12410,7544.26171875
12411,8056.658203125
12412,7036.91943359375
12413,5052.6669921875
12414,5272.6572265625
12415,4511.21630859375
12416,3608.23046875
12417,7537.14599609375
12418,18675.115234375
12419,5756.06494140625
12420,6389.70654296875
12421,7540.888671875
12422,5259.22119140625
12423,6509.46826171875
12424,5780.6923828125
12425,4309.00634765625
12426,7462.54443359375
12427,7719.5947265625
12428,4219.1474609375
12429,8905.5625
12430,5555.62060546875
12431,5682.35400390625
12432,10259.39453125
12433,8421.296875
12434,10138.7080078125
12435,5426.8115234375
12436,7535.60009765625
12437,5000.85693359375
12438,5756.00537109375
12439,16247.7490234375
12440,11187.44921875
12441,7320.80078125
12442,5970.515625
12443,5468.822265625
12444,6768.84521484375
12445,5857.5400390625
12446,12290.7705078125
12447,5085.291015625
12448,5953.09912109375
12449,7910.5400390625
12450,4972.02783203125
12451,6744.14990234375
12452,8506.8876953125
12453,8209.255859375
12454,7493.33154296875
12455,4707.03173828125
12456,4967.896484375
12457,6494.974609375
12458,9316.5126953125
12459,9213.453125
12460,7482.65576171875
12461,4456.29052734375
12462,8058.81005859375
12463,7030.03564453125
12464,5701.11572265625
12465,7232.13525390625
12466,7849.263671875
12467,6772.59814453125
12468,6312.33984375
12469,7251.89697265625
12470,6571.47998046875
12471,6443.3740234375
12472,7653.58349609375
12473,6972.4521484375
12474,6557.60693359375
12475,10626.3056640625
12476,6122.619140625
12477,5251.04296875
12478,13500.064453125
12479,6993.37060546875
12480,3925.7666015625
12481,8355.72265625
12482,11658.2744140625
12483,11907.177734375
12484,5346.64697265625
12485,6812.04736328125
12486,6147.7626953125
12487,7883.130859375
12488,6418.5947265625
12489,9066.443359375
12490,3786.759033203125
12491,6183.1484375
12492,6798.251953125
12493,5680.2578125
12494,5742.95654296875
12495,7251.57080078125
12496,9157.509765625
12497,5736.58349609375
12498,9285.41015625
12499,7674.9931640625
12500,9174.0302734375
12501,5660.19287109375
12502,6491.04248046875
12503,7328.45361328125
12504,9369.1162109375
12505,9104.62890625
12506,6661.89697265625
12507,9042.169921875
12508,8365.6376953125
12509,10108.2802734375
12510,5187.7763671875
12511,4552.21533203125
12512,9332.18359375
12513,7145.74072265625
12514,9635.5537109375
12515,6268.50634765625
12516,6290.41748046875
12517,8350.416015625
12518,6982.82470703125
12519,7065.4775390625
12520,7612.322265625
12521,6524.5869140625
12522,9851.1669921875
12523,10872.619140625
12524,8020.50927734375
12525,4856.271484375
12526,6132.068359375
12527,3809.8076171875
12528,3797.558349609375
12529,8936.74609375
12530,5208.828125
12531,9550.1728515625
12532,5059.6083984375
12533,6630.59423828125
12534,6155.185546875
12535,10010.998046875
12536,5916.35498046875
12537,5702.716796875
12538,7060.19384765625
12539,8176.14990234375
12540,5655.10009765625
12541,8219.1259765625
12542,7902.87255859375
12543,8140.6494140625
12544,8833.689453125
12545,7655.01708984375
12546,6394.73291015625
12547,4658.83642578125
12548,6337.3349609375
12549,11091.173828125
12550,8944.6416015625
12551,8761.81640625
12552,17003.009765625
12553,7050.13330078125
12554,5377.7763671875
12555,7831.931640625
12556,9373.0859375
12557,10879.5341796875
12558,7706.4677734375
12559,8824.4384765625
12560,9014.0224609375
12561,7717.52880859375
12562,7774.8193359375
12563,6930.08203125
12564,5250.775390625
12565,5873.701171875
12566,4467.986328125
12567,5730.14794921875
12568,9258.9306640625
12569,17212.482421875
12570,7093.619140625
12571,5265.73779296875
12572,8325.9150390625
12573,4973.21826171875
12574,6924.28662109375
12575,4363.80517578125
12576,10411.4677734375
12577,7180.5078125
12578,6602.30908203125
12579,15221.59765625
12580,12240.9619140625
12581,6818.62158203125
12582,7160.63330078125
12583,3918.7548828125
12584,4901.47509765625
12585,5745.4140625
12586,9142.890625
12587,6273.8232421875
12588,5433.38916015625
12589,5799.8603515625
12590,6021.15869140625
12591,7673.876953125
12592,7779.33935546875
12593,3294.010986328125
12594,7902.19091796875
12595,9510.9375
12596,9123.77734375
12597,5356.66015625
12598,4495.33740234375
12599,9226.443359375
12600,4531.7587890625
12601,10246.236328125
12602,4759.1591796875
12603,5939.20263671875
12604,7758.6943359375
12605,6815.544921875
12606,5181.83349609375
12607,6530.3564453125
12608,7570.66259765625
12609,9582.6494140625
12610,10764.099609375
12611,6028.02001953125
12612,4642.97314453125
12613,5505.38037109375
12614,6786.78564453125
12615,5327.99755859375
12616,6070.6982421875
12617,6805.2958984375
12618,11295.8388671875
12619,8727.40234375
12620,7043.66162109375
12621,8787.7392578125
12622,4993.2099609375
12623,10247.3095703125
12624,6120.33349609375
12625,13791.1328125
12626,6342.263671875
12627,5475.3857421875
12628,5713.16015625
12629,4251.74755859375
12630,7114.0205078125
12631,19938.2109375
12632,4941.85107421875
12633,5320.91748046875
12634,10377.41015625
12635,6328.0771484375
12636,6855.14794921875
12637,8424.2734375
12638,6772.47314453125
12639,5527.81005859375
12640,5203.2158203125
12641,10216.2509765625
12642,5580.83984375
12643,8131.31884765625
12644,8156.06396484375
12645,5171.90087890625
12646,7568.4736328125
12647,6620.01416015625
12648,3872.40234375
12649,10042.3427734375
12650,9414.8984375
12651,4098.337890625
12652,8724.7841796875
12653,7279.1796875
12654,4725.845703125
12655,9014.48828125
12656,7184.623046875
12657,8804.4130859375
12658,5420.6474609375
12659,5960.08349609375
12660,7089.46240234375
12661,4717.23095703125
12662,7822.904296875
12663,4787.9990234375
12664,6673.73193359375
12665,5264.5654296875
12666,6314.99658203125
12667,6582.734375
12668,7358.60595703125
12669,7567.900390625
12670,8802.466796875
12671,7137.70947265625
12672,7804.15478515625
12673,6420.99365234375
12674,8702.08984375
12675,9473.5576171875
12676,7566.89794921875
12677,3684.56787109375
12678,5556.33349609375
12679,7813.8603515625
12680,4475.4921875
12681,11672.3232421875
12682,6306.208984375
12683,8248.49609375
12684,10149.5244140625
12685,7597.244140625
12686,5030.48583984375
12687,9622.5078125
12688,10559.46484375
12689,5634.20751953125
12690,9399.13671875
12691,10567.1708984375
12692,6735.0126953125
12693,5443.0078125
12694,7509.12744140625
12695,5446.048828125
12696,5317.06103515625
12697,7657.2783203125
12698,5050.63623046875
12699,6550.36376953125
12700,7686.22412109375
12701,7330.458984375
12702,8702.5654296875
12703,6437.35498046875
12704,6943.908203125
12705,5048.2109375
12706,8191.25048828125
12707,7683.53076171875
12708,6709.52392578125
12709,6965.80859375
12710,7752.83203125
12711,10302.859375
12712,5923.9873046875
12713,5269.34228515625
12714,6959.61669921875
12715,7566.3076171875
12716,7190.37646484375
12717,4764.4619140625
12718,4631.84814453125
12719,7808.06396484375
12720,7558.5908203125
12721,5993.4609375
12722,9102.1689453125
12723,6296.16064453125
12724,7147.04931640625
12725,5768.20556640625
12726,4006.208984375
12727,8265.216796875
12728,7086.11669921875
12729,7394.578125
12730,9407.4453125
12731,8905.0009765625
12732,4825.62255859375
12733,9976.4228515625
12734,4209.828125
12735,3596.414306640625
12736,8916.4853515625
12737,11482.986328125
12738,8600.4169921875
12739,7962.79736328125
12740,4834.9697265625
12741,6910.83056640625
12742,9045.966796875
12743,7248.09033203125
12744,7867.28955078125
12745,5800.865234375
12746,5491.1015625
12747,5488.57568359375
12748,6119.73828125
12749,5989.80126953125
12750,5532.1845703125
12751,5722.65478515625
12752,4706.74951171875
12753,6845.70703125
12754,8085.4033203125
12755,5961.06787109375
12756,6770.1982421875
12757,7802.85009765625
12758,6480.703125
12759,5998.2919921875
12760,9479.287109375
12761,7287.271484375
12762,6033.45556640625
12763,4073.207275390625
12764,12584.89453125
12765,6831.36474609375
12766,5945.23876953125
12767,8933.5556640625
12768,7427.40087890625
12769,8406.2919921875
12770,6095.728515625
12771,7398.1435546875
12772,9537.9716796875
12773,13476.578125
12774,5827.111328125
12775,5244.390625
12776,5794.060546875
12777,7267.3935546875
12778,5855.8984375
12779,8015.2138671875
12780,9308.0791015625
12781,6603.63916015625
12782,4861.06103515625
12783,6849.80615234375
12784,9270.546875
12785,5209.25537109375
12786,7855.90087890625
12787,4030.434326171875
12788,7996.76220703125
12789,8287.7626953125
12790,8427.4345703125
12791,9937.24609375
12792,6842.27978515625
12793,4789.396484375
12794,7106.1015625
12795,7255.5458984375
12796,9492.328125
12797,7957.3837890625
12798,8497.7568359375
12799,6894.20751953125
12800,4716.92529296875
12801,10678.7314453125
12802,4336.9326171875
12803,10474.20703125
12804,6418.5859375
12805,5215.2333984375
12806,7892.095703125
12807,6873.93359375
12808,8078.697265625
12809,9180.880859375
12810,5576.65380859375
12811,4760.47265625
12812,8821.6435546875
12813,9801.255859375
12814,8907.6826171875
12815,6173.0595703125
12816,6984.7734375
12817,6592.4296875
12818,7331.52734375
12819,6615.291015625
12820,10726.58984375
12821,9531.548828125
12822,10655.4775390625
12823,4218.8642578125
12824,6015.20947265625
12825,10551.98046875
12826,9686.40625
12827,6233.5732421875
12828,11555.5126953125
12829,6433.314453125
12830,6965.20263671875
12831,6007.7744140625
12832,6075.4599609375
12833,5791.1220703125
12834,6439.662109375
12835,4859.32177734375
12836,5378.955078125
12837,8833.298828125
12838,7936.09130859375
12839,23759.841796875
12840,7962.12158203125
12841,4947.4716796875
12842,9928.8388671875
12843,10835.8544921875
12844,7723.806640625
12845,8360.330078125
12846,5159.64501953125
12847,9010.84375
12848,9228.86328125
12849,6960.1943359375
12850,6274.5859375
12851,8143.6298828125
12852,7614.97119140625
12853,7997.6005859375
12854,9412.9296875
12855,6105.8466796875
12856,4750.82421875
12857,5572.30908203125
12858,11396.6005859375
12859,12788.330078125
12860,9313.05859375
12861,9046.1357421875
12862,5335.05029296875
12863,6473.68896484375
12864,4270.0400390625
12865,8947.8876953125
12866,11338.7216796875
12867,9896.798828125
12868,7386.150390625
12869,6424.34423828125
12870,4944.4296875
12871,6593.55224609375
12872,11356.78515625
12873,7398.072265625
12874,5480.7041015625
12875,6260.25390625
12876,8844.6005859375
12877,3983.788330078125
12878,8799.7373046875
12879,4708.88818359375
12880,7277.255859375
12881,7283.6552734375
12882,6418.8447265625
12883,7776.32763671875
12884,7429.8046875
12885,6001.1044921875
12886,7673.72412109375
12887,8164.314453125
12888,12815.3759765625
12889,6676.765625
12890,8624.171875
12891,9030.365234375
12892,10702.041015625
12893,6884.44189453125
12894,10468.740234375
12895,5275.65087890625
12896,4898.44189453125
12897,7669.138671875
12898,7196.68115234375
12899,10618.9296875
12900,8490.296875
12901,5602.216796875
12902,8053.142578125
12903,7020.671875
12904,10935.048828125
12905,4797.8154296875
12906,16271.587890625
12907,5791.2177734375
12908,6198.70947265625
12909,10322.3046875
12910,5738.92431640625
12911,7311.59814453125
12912,8217.0087890625
12913,8844.1669921875
12914,7571.41455078125
12915,5909.78173828125
12916,7594.19873046875
12917,8429.271484375
12918,8233.4677734375
12919,6075.439453125
12920,7646.9931640625
12921,13122.099609375
12922,8302.736328125
12923,6236.625
12924,7569.55615234375
12925,5754.251953125
12926,6373.064453125
12927,8333.5673828125
12928,4624.5546875
12929,9742.857421875
12930,7648.53173828125
12931,8026.62744140625
12932,9421.1005859375
12933,5120.48486328125
12934,7008.39990234375
12935,5894.0107421875
12936,9422.0029296875
12937,9529.533203125
12938,5075.625
12939,5341.572265625
12940,7634.14892578125
12941,6770.65087890625
12942,5783.01611328125
12943,7534.61279296875
12944,7338.40966796875
12945,8789.798828125
12946,5982.3876953125
12947,4947.62841796875
12948,7314.9580078125
12949,8424.935546875
12950,8910.5927734375
12951,8965.544921875
12952,9715.248046875
12953,6984.82421875
12954,9906.478515625
12955,6918.10791015625
12956,8848.2607421875
12957,10485.8427734375
12958,6895.79638671875
12959,11493.505859375
12960,10628.185546875
12961,8123.70947265625
12962,6746.07080078125
12963,8312.548828125
12964,9148.1142578125
12965,7178.62255859375
12966,3805.653564453125
12967,6604.42333984375
12968,8614.4384765625
12969,6511.7119140625
12970,5501.66845703125
12971,9913.8173828125
12972,6851.29541015625
12973,6479.03125
12974,6838.54150390625
12975,6440.5068359375
12976,9203.736328125
12977,8300.048828125
12978,7426.74560546875
12979,6308.93896484375
12980,6642.31494140625
12981,7451.67578125
12982,4044.102294921875
12983,6830.736328125
12984,7045.49609375
12985,9655.6865234375
12986,7615.08154296875
12987,6068.61474609375
12988,12277.0556640625
12989,6489.74365234375
12990,6612.15966796875
12991,12772.837890625
12992,8368.09375
12993,8496.9970703125
12994,8653.72265625
12995,5737.626953125
12996,6537.0224609375
12997,5934.68115234375
12998,8518.8408203125
12999,13683.7197265625
13000,7247.18017578125
13001,3974.403564453125
13002,6163.00830078125
13003,8864.791015625
13004,9708.9521484375
13005,7453.4404296875
13006,8215.201171875
13007,5520.88427734375
13008,5937.146484375
13009,3304.205810546875
13010,5734.29296875
13011,6855.30126953125
13012,8669.7060546875
13013,6790.3916015625
13014,8228.552734375
13015,8934.4208984375
13016,11513.556640625
13017,9516.333984375
13018,5985.41259765625
13019,10402.2431640625
13020,13881.7568359375
13021,6501.25341796875
13022,8838.873046875
13023,6411.1318359375
13024,7894.7666015625
13025,5625.4833984375
13026,8603.318359375
13027,6596.5078125
13028,9735.2548828125
13029,8419.8232421875
13030,10350.2041015625
13031,9466.8681640625
13032,6137.9951171875
13033,10030.79296875
13034,21177.40625
13035,12229.7109375
13036,7484.8896484375
13037,3257.3359375
13038,7424.337890625
13039,9449.7509765625
13040,6358.0947265625
13041,12613.6962890625
13042,22627.6171875
13043,3566.584228515625
13044,5562.93505859375
13045,9299.982421875
13046,5704.2607421875
13047,10454.9951171875
13048,8431.4345703125
13049,9188.96484375
13050,7177.78515625
13051,6739.15185546875
13052,7404.94873046875
13053,8782.3232421875
13054,10038.1669921875
13055,6417.767578125
13056,6498.494140625
13057,7437.9091796875
13058,5441.8779296875
13059,5279.7080078125
13060,8029.98779296875
13061,6593.80712890625
13062,5902.59228515625
13063,9460.998046875
13064,6305.21728515625
13065,7335.90576171875
13066,8165.4453125
13067,7786.40869140625
13068,8644.1337890625
13069,8562.9609375
13070,8362.7490234375
13071,6513.5732421875
13072,4212.15380859375
13073,7828.607421875
13074,7885.10400390625
13075,5681.56298828125
13076,4831.46875
13077,10504.9052734375
13078,8504.3388671875
13079,10873.44140625
13080,7539.43505859375
13081,5840.4619140625
13082,5805.552734375
13083,5285.60546875
13084,11843.1220703125
13085,6189.5615234375
13086,8515.533203125
13087,17726.904296875
13088,9024.58203125
13089,6992.12060546875
13090,5387.3466796875
13091,5450.29150390625
13092,7605.6904296875
13093,4874.638671875
13094,6300.42724609375
13095,11952.8349609375
13096,5838.162109375
13097,19112.701171875
13098,15930.2021484375
13099,5559.1640625
13100,7941.46337890625
13101,7342.91943359375
13102,8242.6982421875
13103,6868.02685546875
13104,11482.4013671875
13105,8396.9287109375
13106,11125.52734375
13107,5597.5263671875
13108,9317.9208984375
13109,7003.22900390625
13110,10161.228515625
13111,8567.578125
13112,7814.4189453125
13113,7351.5693359375
13114,7170.306640625
13115,10371.505859375
13116,11781.09765625
13117,7579.45166015625
13118,12719.154296875
13119,7093.03955078125
13120,11262.9677734375
13121,4752.94775390625
13122,6342.79052734375
13123,6446.62060546875
13124,12346.607421875
13125,6927.494140625
13126,9318.49609375
13127,8801.1142578125
13128,9464.751953125
13129,6924.7490234375
13130,10435.353515625
13131,8106.935546875
13132,4067.735107421875
13133,14822.9267578125
13134,18588.341796875
13135,7922.2109375
13136,8087.86083984375
13137,10005.7021484375
13138,12769.583984375
13139,13107.3310546875
13140,7192.6630859375
13141,9599.9033203125
13142,6777.791015625
13143,9276.703125
13144,4668.67626953125
13145,6864.9794921875
13146,6474.57763671875
13147,6108.37841796875
13148,8828.5498046875
13149,6791.3251953125
13150,5986.134765625
13151,8278.7158203125
13152,4568.45703125
13153,5542.3115234375
13154,7423.86962890625
13155,7428.50244140625
13156,10940.42578125
13157,10344.9326171875
13158,7451.875
13159,7500.0380859375
13160,6916.93310546875
13161,13340.0673828125
13162,8143.1357421875
13163,6481.94580078125
13164,5910.39013671875
13165,9572.3037109375
13166,5261.76611328125
13167,8277.3505859375
13168,3570.637451171875
13169,6426.39208984375
13170,8858.6796875
13171,7203.7001953125
13172,6093.45654296875
13173,9865.162109375
13174,10936.423828125
13175,13057.111328125
13176,7092.80126953125
13177,9140.8974609375
13178,3714.571044921875
13179,5912.8486328125
13180,7467.7861328125
13181,5652.830078125
13182,9136.720703125
13183,6458.05908203125
13184,5580.130859375
13185,9932.8984375
13186,13020.99609375
13187,7727.85888671875
13188,5647.70654296875
13189,6084.07080078125
13190,11879.9931640625
13191,9263.271484375
13192,6952.55419921875
13193,6021.783203125
13194,7647.291015625
13195,11340.1962890625
13196,5351.494140625
13197,7315.37158203125
13198,9019.0927734375
13199,9848.0458984375
13200,15079.3583984375
13201,6522.2333984375
13202,17104.548828125
13203,7582.69189453125
13204,6376.9013671875
13205,4237.11279296875
13206,6930.17529296875
13207,6930.3349609375
13208,6800.04541015625
13209,8034.22412109375
13210,5772.19287109375
13211,5282.51953125
13212,7773.6435546875
13213,3996.562255859375
13214,7929.916015625
13215,7491.984375
13216,8771.5390625
13217,10356.265625
13218,5978.314453125
13219,9649.771484375
13220,6265.75439453125
13221,6813.345703125
13222,6653.21826171875
13223,5996.25244140625
13224,11318.505859375
13225,6920.3818359375
13226,5936.30908203125
13227,9162.0029296875
13228,9874.671875
13229,8626.361328125
13230,6254.70751953125
13231,10238.2509765625
13232,6086.15478515625
13233,8170.130859375
13234,6659.056640625
13235,9700.3173828125
13236,6349.55322265625
13237,6534.30029296875
13238,6484.64404296875
13239,5850.21435546875
13240,4795.40087890625
13241,5167.29541015625
13242,8485.416015625
13243,9657.2255859375
13244,12474.6728515625
13245,13254.7666015625
13246,9402.48046875
13247,7177.76904296875
13248,5479.9365234375
13249,11912.2890625
13250,11608.4228515625
13251,7384.3603515625
13252,9889.81640625
13253,9793.4638671875
13254,6507.8720703125
13255,4262.4794921875
13256,9590.3173828125
13257,7358.90771484375
13258,7959.71240234375
13259,6313.96337890625
13260,3227.994384765625
13261,13311.095703125
13262,6842.4609375
13263,4576.2099609375
13264,5470.16064453125
13265,5588.4169921875
13266,8190.1572265625
13267,9445.3583984375
13268,7253.5341796875
13269,5967.2578125
13270,5458.46875
13271,5630.1162109375
13272,3731.593505859375
13273,7977.56396484375
13274,18343.39453125
13275,5859.34326171875
13276,6786.68212890625
13277,8491.4658203125
13278,5319.41796875
13279,6965.1298828125
13280,6262.544921875
13281,5040.03076171875
13282,7824.41943359375
13283,8633.6474609375
13284,4156.6025390625
13285,9479.498046875
13286,5692.1181640625
13287,5613.3642578125
13288,10749.236328125
13289,9297.8359375
13290,10191.134765625
13291,5784.2451171875
13292,7283.96630859375
13293,4873.2666015625
13294,5968.9697265625
13295,19323.87890625
13296,11993.568359375
13297,7567.265625
13298,6540.31884765625
13299,5647.6484375
13300,6539.70654296875
13301,5231.40283203125
13302,10798.68359375
13303,5758.9228515625
13304,6027.99755859375
13305,8562.048828125
13306,5923.76025390625
13307,6955.37744140625
13308,8258.80078125
13309,7983.884765625
13310,8040.2001953125
13311,4977.5390625
13312,5599.29638671875
13313,6854.150390625
13314,9860.759765625
13315,9080.3232421875
13316,7785.82861328125
13317,5045.1259765625
13318,8287.1552734375
13319,7435.45068359375
13320,5793.7158203125
13321,7863.86181640625
13322,8182.97216796875
13323,7189.89306640625
13324,6704.205078125
13325,7521.0126953125
13326,7567.48046875
13327,6792.01513671875
13328,8088.5400390625
13329,7455.66796875
13330,7518.66162109375
13331,10936.82421875
13332,6306.2490234375
13333,5730.88134765625
13334,14407.806640625
13335,6673.234375
13336,4539.0908203125
13337,9267.7275390625
13338,12360.943359375
13339,12875.39453125
13340,5244.8486328125
13341,7190.2578125
13342,6473.15478515625
13343,8706.029296875
13344,7186.9619140625
13345,10160.87109375
13346,3833.166259765625
13347,7117.26953125
13348,7440.9677734375
13349,5851.728515625
13350,5518.44482421875
13351,7523.49755859375
13352,9512.392578125
13353,5692.04296875
13354,10160.6396484375
13355,7553.9462890625
13356,10113.1220703125
13357,5938.32177734375
13358,7356.38720703125
13359,8620.966796875
13360,9647.1875
13361,9231.8349609375
13362,4974.85205078125
13363,9237.3447265625
13364,8100.5947265625
13365,11151.7724609375
13366,5201.8984375
13367,5019.3876953125
13368,9918.0322265625
13369,7554.53662109375
13370,10532.44921875
13371,6293.17822265625
13372,6731.4462890625
13373,8012.96044921875
13374,7218.70361328125
13375,7697.62841796875
13376,7982.6669921875
13377,6983.85693359375
13378,10497.759765625
13379,12165.05078125
13380,8994.8505859375
13381,5456.876953125
13382,6926.0732421875
13383,3980.57958984375
13384,3656.7900390625
13385,9228.1943359375
13386,5224.55078125
13387,10486.3759765625
13388,5340.8935546875
13389,7040.29931640625
13390,5767.71826171875
13391,11483.0849609375
13392,6105.64990234375
13393,6295.47607421875
13394,8014.73095703125
13395,8035.98681640625
13396,5596.6181640625
13397,8993.78125
13398,8086.85546875
13399,9184.763671875
13400,9586.654296875
13401,7883.3076171875
13402,6459.06787109375
13403,5020.94580078125
13404,6733.9912109375
13405,12612.6611328125
13406,9571.3056640625
13407,8900.962890625
13408,17816.37109375
13409,6681.3369140625
13410,5384.0380859375
13411,8090.97900390625
13412,9739.8515625
13413,11603.849609375
13414,7825.37548828125
13415,8964.1640625
13416,9806.9609375
13417,8081.703125
13418,7433.59326171875
13419,7263.65625
13420,5228.47119140625
13421,6243.5986328125
13422,4513.55810546875
13423,6014.68310546875
13424,9478.4375
13425,18838.0390625
13426,7190.38916015625
13427,5360.1748046875
13428,9199.0791015625
13429,5225.158203125
13430,7341.06005859375
13431,4183.35400390625
13432,9762.8896484375
13433,7557.451171875
13434,7085.01953125
13435,16237.6904296875
13436,13028.7119140625
13437,7030.25048828125
13438,7046.28515625
13439,4421.40283203125
13440,5617.06298828125
13441,6182.95947265625
13442,9240.640625
13443,6448.58154296875
13444,5650.08837890625
13445,6025.27294921875
13446,6203.6064453125
13447,8468.640625
13448,8037.3974609375
13449,3132.542724609375
13450,8256.8974609375
13451,10141.3291015625
13452,9613.65625
13453,6316.89404296875
13454,5309.19091796875
13455,9334.23828125
13456,5121.25
13457,11251.1259765625
13458,4852.94580078125
13459,5967.28076171875
13460,8085.833984375
13461,7012.6376953125
13462,5223.7109375
13463,6120.0556640625
13464,8624.6005859375
13465,9791.291015625
13466,12021.2392578125
13467,6557.70263671875
13468,4860.0986328125
13469,5336.787109375
13470,6552.369140625
13471,5519.13232421875
13472,5876.5625
13473,6962.68212890625
13474,11623.4873046875
13475,8447.501953125
13476,6972.91259765625
13477,8933.0078125
13478,4903.18310546875
13479,10070.6357421875
13480,5574.30419921875
13481,12608.90234375
13482,6535.92041015625
13483,5699.48974609375
13484,5894.73876953125
13485,3875.295654296875
13486,7259.0830078125
13487,20475.1796875
13488,5716.41650390625
13489,5665.34765625
13490,10304.4501953125
13491,6929.76123046875
13492,7345.54443359375
13493,8815.7958984375
13494,7010.7421875
13495,5637.287109375
13496,5439.63916015625
13497,10462.615234375
13498,6217.2841796875
13499,8562.169921875
13500,8482.083984375
13501,5615.79736328125
13502,8005.501953125
13503,7256.859375
13504,4472.79345703125
13505,10179.5380859375
13506,9525.22265625
13507,4440.31640625
13508,9081.20703125
13509,7925.79736328125
13510,5155.27490234375
13511,9172.8017578125
13512,7501.07958984375
13513,9310.373046875
13514,4896.5205078125
13515,6282.60986328125
13516,8177.73388671875
13517,5221.8974609375
13518,7773.56005859375
13519,5138.830078125
13520,6588.44677734375
13521,5203.0654296875
13522,6549.71923828125
13523,7027.33056640625
13524,7734.8447265625
13525,7619.544921875
13526,8554.23828125
13527,7190.2822265625
13528,8705.0458984375
13529,7384.75244140625
13530,10844.2216796875
13531,9312.7265625
13532,7322.2607421875
13533,4623.314453125
13534,5898.224609375
13535,8115.28759765625
13536,5213.43115234375
13537,12013.8251953125
13538,6946.6494140625
13539,8892.966796875
13540,10263.4599609375
13541,7323.5390625
13542,4984.841796875
13543,10207.6171875
13544,11400.0927734375
13545,6110.89306640625
13546,10031.80078125
13547,10642.3642578125
13548,6408.0634765625
13549,6315.697265625
13550,7798.65966796875
13551,5678.046875
13552,5645.287109375
13553,7737.7080078125
13554,5472.0078125
13555,8013.89111328125
13556,8715.330078125
13557,7788.92919921875
13558,9700.3330078125
13559,6975.2685546875
13560,7424.255859375
13561,4686.423828125
13562,8157.55859375
13563,8014.5322265625
13564,6550.1142578125
13565,7671.59033203125
13566,8013.27490234375
13567,9658.9619140625
13568,6310.08642578125
13569,5064.74755859375
13570,7183.91064453125
13571,8035.7490234375
13572,7890.38525390625
13573,5231.59814453125
13574,4517.26708984375
13575,8871.888671875
13576,7773.40869140625
13577,6050.36083984375
13578,9239.7958984375
13579,6532.09912109375
13580,8620.486328125
13581,5862.06640625
13582,3989.44287109375
13583,8467.9716796875
13584,7900.9326171875
13585,8040.01953125
13586,10521.6826171875
13587,10513.720703125
13588,5447.86083984375
13589,9199.2373046875
13590,5518.2119140625
13591,3338.97705078125
13592,9459.9921875
13593,12906.56640625
13594,8725.9609375
13595,8523.5859375
13596,5204.20947265625
13597,7706.87353515625
13598,9670.3095703125
13599,7846.50634765625
13600,8272.45703125
13601,6497.19970703125
13602,5207.8515625
13603,5570.703125
13604,6192.8916015625
13605,6576.455078125
13606,6094.4765625
13607,5735.81201171875
13608,4865.7197265625
13609,7393.74462890625
13610,8171.5087890625
13611,5867.5263671875
13612,7054.4560546875
13613,8357.810546875
13614,6616.466796875
13615,5971.39697265625
13616,10436.3369140625
13617,8478.8505859375
13618,6727.0654296875
13619,4513.111328125
13620,13956.310546875
13621,6205.4189453125
13622,6925.39501953125
13623,9772.798828125
13624,8693.1533203125
13625,8866.3115234375
13626,6695.44189453125
13627,7546.86865234375
13628,9809.4453125
13629,15571.4482421875
13630,6277.80859375
13631,5662.8818359375
13632,6112.75830078125
13633,7291.3427734375
13634,5918.8505859375
13635,7525.61279296875
13636,9635.8505859375
13637,6492.64453125
13638,5004.0029296875
13639,6971.36572265625
13640,9031.603515625
13641,5603.025390625
13642,8078.7109375
13643,4574.5380859375
13644,7174.439453125
13645,8907.1298828125
13646,8473.5078125
13647,10093.8984375
13648,7355.02685546875
13649,5302.443359375
13650,7190.7919921875
13651,8301.97265625
13652,10304.69921875
13653,8254.671875
13654,8690.595703125
13655,7125.55029296875
13656,5015.13671875
13657,11351.80078125
13658,4142.580078125
13659,11221.7451171875
13660,6430.1474609375
13661,6269.939453125
13662,8113.27734375
13663,5659.45947265625
13664,8544.064453125
13665,9498.8115234375
13666,5583.4521484375
13667,4769.8251953125
13668,9050.6494140625
13669,10233.5830078125
13670,9217.9912109375
13671,6732.767578125
13672,6973.349609375
13673,7033.8291015625
13674,6950.5625
13675,6677.736328125
13676,10875.1025390625
13677,9996.6201171875
13678,11101.6572265625
13679,4688.54833984375
13680,6554.4599609375
13681,10535.396484375
13682,9319.9951171875
13683,6727.2861328125
13684,11442.0947265625
13685,6762.564453125
13686,6853.11572265625
13687,6561.78271484375
13688,6608.16943359375
13689,6142.5576171875
13690,7282.50341796875
13691,5360.83544921875
13692,5400.69775390625
13693,9240.869140625
13694,8107.10302734375
13695,25198.943359375
13696,7053.087890625
13697,4833.556640625
13698,10511.365234375
13699,13081.55078125
13700,8733.3154296875
13701,9064.2998046875
13702,5952.55908203125
13703,9078.8486328125
13704,9243.802734375
13705,5808.65380859375
13706,6852.869140625
13707,8317.6962890625
13708,8531.2451171875
13709,7690.44091796875
13710,9812.9912109375
13711,7261.771484375
13712,5574.5576171875
13713,6280.99365234375
13714,12382.1904296875
13715,14002.6337890625
13716,11273.3076171875
13717,9730.3740234375
13718,5912.1962890625
13719,6701.20654296875
13720,5045.65673828125
13721,9455.58984375
13722,12654.6416015625
13723,10910.5517578125
13724,7537.98486328125
13725,7114.17333984375
13726,5013.39794921875
13727,7147.580078125
13728,12169.298828125
13729,7624.7177734375
13730,5483.56201171875
13731,6704.02392578125
13732,8713.3466796875
13733,4233.02880859375
13734,8065.86962890625
13735,4923.6171875
13736,6143.5185546875
13737,6914.0283203125
13738,6832.36279296875
13739,7768.001953125
13740,7977.173828125
13741,6170.73681640625
13742,8830.169921875
13743,8088.08349609375
13744,13604.072265625
13745,6536.89404296875
13746,9197.6455078125
13747,7563.74072265625
13748,12002.2802734375
13749,8270.6845703125
13750,10260.833984375
13751,6156.6201171875
13752,6267.17578125
13753,8194.5390625
13754,7021.5986328125
13755,10171.537109375
13756,8949.4619140625
13757,6104.35009765625
13758,8330.310546875
13759,7542.3955078125
13760,12388.1328125
13761,5275.173828125
13762,17309.18359375
13763,6033.74169921875
13764,7002.126953125
13765,11096.923828125
13766,6207.0263671875
13767,7495.05322265625
13768,8970.4482421875
13769,9185.162109375
13770,7588.60595703125
13771,5220.82177734375
13772,7357.55810546875
13773,8323.2236328125
13774,8752.099609375
13775,5623.68212890625
13776,8423.3173828125
13777,13122.8681640625
13778,9456.34765625
13779,6997.82568359375
13780,7638.87158203125
13781,5893.947265625
13782,6549.16015625
13783,8845.1484375
13784,5332.67041015625
13785,10914.728515625
13786,8212.5166015625
13787,8562.013671875
13788,9760.0673828125
13789,6622.01611328125
13790,7331.72119140625
13791,6324.35400390625
13792,9722.0537109375
13793,12373.498046875
13794,5420.67431640625
13795,5710.525390625
13796,8015.83447265625
13797,6989.927734375
13798,5934.7646484375
13799,8694.17578125
13800,8862.462890625
13801,9246.3505859375
13802,5815.7001953125
13803,5816.5732421875
13804,8436.9267578125
13805,8525.3359375
13806,10414.4169921875
13807,9094.7763671875
13808,9947.44921875
13809,7854.01171875
13810,10732.236328125
13811,7977.13623046875
13812,9734.5205078125
13813,10612.3447265625
13814,7833.05029296875
13815,13234.6259765625
13816,9983.5703125
13817,9038.033203125
13818,7006.09423828125
13819,9192.7314453125
13820,9265.490234375
13821,8183.08203125
13822,4748.060546875
13823,7320.41943359375
13824,9084.287109375
13825,6675.42138671875
13826,5934.40869140625
13827,11494.4580078125
13828,7582.8671875
13829,7055.93115234375
13830,7878.1064453125
13831,7742.93115234375
13832,10831.7978515625
13833,8957.064453125
13834,9368.109375
13835,5313.00048828125
13836,8146.17724609375
13837,8547.705078125
13838,5201.6611328125
13839,9092.45703125
13840,7460.216796875
13841,10534.72265625
13842,8646.146484375
13843,7354.8291015625
13844,12694.9912109375
13845,6891.93603515625
13846,6315.2412109375
13847,13967.44140625
13848,8904.796875
13849,8255.92578125
13850,9736.47265625
13851,5811.49365234375
13852,7193.39599609375
13853,6988.85205078125
13854,10097.2900390625
13855,15316.4990234375
13856,8019.07177734375
13857,3986.452880859375
13858,6372.80615234375
13859,9953.3486328125
13860,9949.91796875
13861,7268.6337890625
13862,8289.3349609375
13863,6394.6875
13864,6032.06103515625
13865,4017.972900390625
13866,6747.58154296875
13867,7267.15966796875
13868,8350.80859375
13869,8383.671875
13870,9462.1884765625
13871,8626.15625
13872,11657.1806640625
13873,9805.7880859375
13874,5812.8798828125
13875,11561.43359375
13876,15341.6982421875
13877,7162.19140625
13878,9236.259765625
13879,6105.13720703125
13880,7942.89208984375
13881,6045.55908203125
13882,10143.298828125
13883,6814.36865234375
13884,10549.9072265625
13885,9628.1015625
13886,11573.376953125
13887,10805.2255859375
13888,6357.50390625
13889,10656.267578125
13890,23326.109375
13891,13558.4267578125
13892,9116.1572265625
13893,2836.3466796875
13894,7537.93408203125
13895,10050.8525390625
13896,7178.6630859375
13897,12164.3173828125
13898,21225.16015625
13899,4919.22705078125
13900,6521.49462890625
13901,10291.7451171875
13902,5694.68505859375
13903,12506.5537109375
13904,10523.8203125
13905,10156.6630859375
13906,6330.044921875
13907,7183.26708984375
13908,7680.30615234375
13909,9490.4384765625
13910,10446.9580078125
13911,5237.697265625
13912,6538.55810546875
13913,8293.6875
13914,5911.90087890625
13915,5748.34033203125
13916,8234.470703125
13917,5245.3232421875
13918,6474.15625
13919,11158.5263671875
13920,7691.77197265625
13921,6965.70751953125
13922,8903.0361328125
13923,8737.150390625
13924,8935.95703125
13925,8293.806640625
13926,9785.9775390625
13927,6949.865234375
13928,4245.69775390625
13929,8463.39453125
13930,8952.4501953125
13931,5387.23828125
13932,5678.5888671875
13933,11787.9951171875
13934,8985.6796875
13935,10353.8955078125
13936,8493.767578125
13937,6613.013671875
13938,6432.4267578125
13939,5775.62744140625
13940,12923.5693359375
13941,6513.365234375
13942,7916.716796875
13943,19903.228515625
13944,8558.765625
13945,8511.1328125
13946,5601.7294921875
13947,6085.4296875
13948,7979.53271484375
13949,4943.609375
13950,6830.0712890625
13951,13725.4091796875
13952,5711.75732421875
13953,18900.685546875
13954,17594.46875
13955,5763.4736328125
13956,8083.787109375
13957,6945.94189453125
13958,8790.9697265625
13959,7810.06201171875
13960,11753.2041015625
13961,8713.98046875
13962,13018.7490234375
13963,6551.99609375
13964,9059.8427734375
13965,6243.7451171875
13966,10352.705078125
13967,8395.392578125
13968,7564.68212890625
13969,6774.3623046875
13970,7076.98681640625
13971,10681.6328125
13972,13242.3349609375
13973,7977.80517578125
13974,13721.5625
13975,7150.67919921875
13976,12505.76953125
13977,5202.24169921875
13978,6368.1552734375
13979,6769.763671875
13980,12594.046875
13981,7368.75634765625
13982,9192.1484375
13983,9129.451171875
13984,9300.3125
13985,6837.1552734375
13986,11549.341796875
13987,9211.8544921875
13988,4892.95458984375
13989,15070.6884765625
13990,18382.435546875
13991,8564.328125
13992,8554.9453125
13993,11092.8828125
13994,14137.728515625
13995,14651.44140625
13996,8232.8876953125
13997,10781.49609375
13998,7449.1689453125
13999,9914.384765625
14000,5584.7900390625
14001,8240.5810546875
14002,6862.9931640625
14003,6567.80419921875
14004,9682.6748046875
14005,6445.2666015625
14006,6877.60107421875
14007,8194.3388671875
14008,5752.95654296875
14009,5768.03466796875
14010,7600.81103515625
14011,7621.0185546875
14012,11205.5
14013,10509.8349609375
14014,8221.9501953125
14015,7487.990234375
14016,7481.4326171875
14017,14185.646484375
14018,9286.4365234375
14019,6907.244140625
14020,6274.02001953125
14021,9875.8505859375
14022,5794.3154296875
14023,8982.337890625
14024,3846.1904296875
14025,7387.40185546875
14026,9839.3525390625
14027,6623.70947265625
14028,6225.39453125
14029,9968.9716796875
14030,11267.4501953125
14031,12785.9443359375
14032,8141.19091796875
14033,10001.88671875
14034,3967.043701171875
14035,6830.509765625
14036,8199.1904296875
14037,5695.517578125
14038,9724.029296875
14039,7244.4833984375
14040,6253.30224609375
14041,10753.4169921875
14042,14260.9267578125
14043,8133.38818359375
14044,6901.26025390625
14045,6887.75732421875
14046,11419.4150390625
14047,8461.7333984375
14048,7864.34326171875
14049,6534.8671875
14050,8595.12890625
14051,13101.6806640625
14052,5790.16748046875
14053,8001.3466796875
14054,9152.05078125
14055,10379.7626953125
14056,17161.1640625
14057,7008.3515625
14058,18329.572265625
14059,7659.63037109375
14060,7128.86474609375
14061,5413.17333984375
14062,8255.71875
14063,7626.755859375
14064,7102.3564453125
14065,7769.3291015625
14066,6388.2490234375
14067,5926.24951171875
14068,8213.4365234375
14069,4641.232421875
14070,8972.224609375
14071,7231.162109375
14072,10002.154296875
14073,11071.1083984375
14074,6190.94970703125
14075,10593.6923828125
14076,6928.849609375
14077,7266.767578125
14078,6315.08642578125
14079,5893.728515625
14080,11867.6005859375
14081,7161.58544921875
14082,7208.48828125
14083,9417.55078125
14084,9730.4658203125
14085,9232.279296875
14086,7304.74169921875
14087,10856.943359375
14088,6344.60986328125
14089,6937.630859375
14090,7753.7822265625
14091,9211.8349609375
14092,7064.5341796875
14093,7193.92724609375
14094,7139.39208984375
14095,6461.98046875
14096,4718.34375
14097,5732.1396484375
14098,8324.5107421875
14099,10433.3193359375
14100,12770.8671875
14101,13820.3662109375
14102,9715.4375
14103,7610.60888671875
14104,6010.51416015625
14105,12260.4306640625
14106,12247.34375
14107,7901.021484375
14108,11226.3134765625
14109,11438.533203125
14110,7035.6533203125
14111,4963.884765625
14112,10548.2041015625
14113,6790.19580078125
14114,9073.2646484375
14115,6941.8232421875
14116,3480.5361328125
14117,14251.4072265625
14118,6566.86669921875
14119,5364.8984375
14120,5827.9375
14121,5898.60693359375
14122,9911.3388671875
14123,10661.8740234375
14124,6871.6416015625
14125,6443.33447265625
14126,5120.24365234375
14127,5819.37841796875
14128,4284.3974609375
14129,8723.2861328125
14130,19069.837890625
14131,7062.7578125
14132,6881.82958984375
14133,9278.076171875
14134,6164.74609375
14135,7383.01123046875
14136,6153.66650390625
14137,5894.67724609375
14138,8205.4833984375
14139,8060.59619140625
14140,4857.8798828125
14141,10057.9140625
14142,7186.38134765625
14143,5319.81103515625
14144,11204.5263671875
14145,11178.380859375
14146,11360.5400390625
14147,6873.6142578125
14148,8426.6005859375
14149,5328.25830078125
14150,6921.2841796875
14151,18902.173828125
14152,12354.599609375
14153,7434.35009765625
14154,6672.6806640625
14155,5347.06103515625
14156,6311.40966796875
14157,5920.3994140625
14158,11342.640625
14159,5650.9677734375
14160,6192.82177734375
14161,8768.5068359375
14162,6113.041015625
14163,6426.87255859375
14164,10163.0888671875
14165,8745.6875
14166,8655.1796875
14167,5593.6708984375
14168,6218.8994140625
14169,7038.99462890625
14170,10867.86328125
14171,9308.2431640625
14172,8182.20166015625
14173,5668.767578125
14174,8654.3505859375
14175,8685.7958984375
14176,5783.6865234375
14177,8898.6435546875
14178,8671.53515625
14179,7647.02099609375
14180,7653.0029296875
14181,8689.8896484375
14182,6965.84814453125
14183,6598.392578125
14184,8648.2109375
14185,7794.99755859375
14186,8756.072265625
14187,11222.3408203125
14188,6608.75927734375
14189,6342.564453125
14190,14604.681640625
14191,7268.22998046875
14192,4138.44677734375
14193,10739.2646484375
14194,11644.984375
14195,14789.642578125
14196,5539.25634765625
14197,8002.64404296875
14198,7024.03955078125
14199,9138.4423828125
14200,7652.00341796875
14201,10532.701171875
14202,4325.087890625
14203,7588.72412109375
14204,7393.19970703125
14205,6576.6064453125
14206,6565.53369140625
14207,8063.0185546875
14208,10940.740234375
14209,6550.701171875
14210,12411.2373046875
14211,7663.29248046875
14212,10868.634765625
14213,5582.81689453125
14214,7965.53369140625
14215,9058.091796875
14216,9634.923828125
14217,9785.1494140625
14218,5524.2880859375
14219,8934.6875
14220,8453.93359375
14221,10956.8779296875
14222,5217.4482421875
14223,4735.17578125
14224,10592.3701171875
14225,8550.6259765625
14226,10603.4453125
14227,6802.4560546875
14228,7358.6630859375
14229,8174.12109375
14230,9488.640625
14231,9298.634765625
14232,8517.3291015625
14233,7537.54052734375
14234,11087.7236328125
14235,12287.7265625
14236,9725.7431640625
14237,5662.103515625
14238,7422.123046875
14239,4641.81298828125
14240,4571.1123046875
14241,9714.548828125
14242,4631.322265625
14243,11698.5810546875
14244,5813.92431640625
14245,6705.51611328125
14246,7144.79638671875
14247,11987.6904296875
14248,5860.30078125
14249,6456.451171875
14250,8546.33984375
14251,8999.9150390625
14252,6203.30322265625
14253,9130.6845703125
14254,7519.0234375
14255,9714.111328125
14256,9333.73046875
14257,8348.9365234375
14258,6621.7734375
14259,5775.50634765625
14260,7415.9677734375
14261,14555.1328125
14262,10307.18359375
14263,9335.24609375
14264,17280.453125
14265,7929.49609375
14266,6705.79833984375
14267,9533.4482421875
14268,10600.6494140625
14269,11708.9462890625
14270,8432.4111328125
14271,9888.0517578125
14272,10385.091796875
14273,8999.744140625
14274,6709.34521484375
14275,7563.8603515625
14276,6306.0166015625
14277,6756.7783203125
14278,5070.044921875
14279,6368.95654296875
14280,8985.2646484375
14281,19586.076171875
14282,7847.1630859375
14283,5597.30126953125
14284,10162.1904296875
14285,4036.3984375
14286,7126.09130859375
14287,3601.974365234375
14288,9996.6083984375
14289,7271.0419921875
14290,7733.56640625
14291,17500.560546875
14292,11898.4208984375
14293,7782.71826171875
14294,7676.95654296875
14295,4554.3876953125
14296,5741.21826171875
14297,6780.2275390625
14298,9164.1416015625
14299,6828.98974609375
14300,4769.41357421875
14301,7110.41552734375
14302,6618.14208984375
14303,9978.6552734375
14304,8387.978515625
14305,3514.1015625
14306,8269.3916015625
14307,11618.552734375
14308,9945.3232421875
14309,6859.80029296875
14310,4998.2216796875
14311,10403.7763671875
14312,6173.5126953125
14313,12181.076171875
14314,5124.859375
14315,6397.291015625
14316,8650.28515625
14317,7088.8466796875
14318,5276.55615234375
14319,5870.19677734375
14320,8655.6123046875
14321,10741.8486328125
14322,12932.62890625
14323,6268.5966796875
14324,5143.85205078125
14325,5866.873046875
14326,7204.28759765625
14327,6600.59033203125
14328,6348.27099609375
14329,7622.8486328125
14330,12588.0263671875
14331,8716.90234375
14332,7806.8837890625
14333,9546.396484375
14334,5896.27880859375
14335,10703.8203125
14336,6212.408203125
14337,12631.9052734375
14338,7366.4541015625
14339,5431.0400390625
14340,6026.7802734375
14341,4414.150390625
14342,7561.0888671875
14343,21190.982421875
14344,5497.93115234375
14345,5968.06298828125
14346,11816.1650390625
14347,7723.7470703125
14348,8990.4521484375
14349,10052.8271484375
14350,7904.79296875
14351,5183.55078125
14352,6226.78564453125
14353,11206.0498046875
14354,7117.87353515625
14355,9235.3212890625
14356,8333.12109375
14357,6218.68896484375
14358,8864.671875
14359,8411.763671875
14360,3398.584228515625
14361,11359.912109375
14362,11257.90234375
14363,5033.64111328125
14364,8959.83203125
14365,8038.22802734375
14366,5515.49169921875
14367,9364.875
14368,7387.35595703125
14369,8435.912109375
14370,5319.50830078125
14371,6668.4384765625
14372,8425.8916015625
14373,5302.10205078125
14374,7985.41650390625
14375,6265.494140625
14376,7698.91015625
14377,6009.68798828125
14378,6484.70361328125
14379,7266.390625
14380,8196.0791015625
14381,7738.25732421875
14382,8853.533203125
14383,8229.427734375
14384,9472.5859375
14385,7586.7431640625
14386,11323.111328125
14387,9723.880859375
14388,8021.0234375
14389,3546.83203125
14390,7250.720703125
14391,9522.7587890625
14392,5812.27978515625
14393,11513.8251953125
14394,7250.5869140625
14395,9170.9345703125
14396,10460.4072265625
14397,8821.05859375
14398,5565.158203125
14399,11338.4443359375
14400,11766.2314453125
14401,6960.80615234375
14402,11919.314453125
14403,11699.9638671875
14404,6374.068359375
14405,6471.7861328125
14406,8201.005859375
14407,6702.04638671875
14408,6202.23095703125
14409,7872.4453125
14410,5842.59619140625
14411,8595.9052734375
14412,9172.962890625
14413,8555.3603515625
14414,10823.671875
14415,7906.8837890625
14416,8528.7841796875
14417,5379.18505859375
14418,9138.9677734375
14419,8800.3134765625
14420,7514.5224609375
14421,8284.509765625
14422,8826.3447265625
14423,10886.0107421875
14424,6665.48583984375
14425,6086.53515625
14426,7599.7890625
14427,7879.48046875
14428,8922.9951171875
14429,5464.291015625
14430,5094.443359375
14431,8892.7666015625
14432,7192.1689453125
14433,6630.76611328125
14434,10232.337890625
14435,6540.6298828125
14436,9383.4326171875
14437,5910.56005859375
14438,4962.07080078125
14439,9393.1328125
14440,8397.9423828125
14441,10404.244140625
14442,11648.494140625
14443,11543.01171875
14444,5966.7744140625
14445,10388.279296875
14446,5267.79345703125
14447,4170.3017578125
14448,10383.2373046875
14449,13602.4150390625
14450,9266.4853515625
14451,9487.6162109375
14452,6751.01904296875
14453,8757.8876953125
14454,11054.587890625
14455,8085.17822265625
14456,9964.2890625
14457,7154.22314453125
14458,5982.521484375
14459,6634.71142578125
14460,6384.0595703125
14461,7096.5439453125
14462,6602.40673828125
14463,6424.10888671875
14464,5470.1318359375
14465,8249.9931640625
14466,9852.2783203125
14467,5445.64501953125
14468,8182.75390625
14469,9159.5029296875
14470,7565.71337890625
14471,6816.97705078125
14472,10315.4072265625
14473,9104.375
14474,6229.337890625
14475,4934.69970703125
14476,15964.9912109375
14477,5308.27880859375
14478,6369.4375
14479,9742.892578125
14480,9055.6142578125
14481,9863.1376953125
14482,7779.525390625
14483,8042.2978515625
14484,10917.3330078125
14485,15423.30078125
14486,7462.64697265625
14487,6418.40185546875
14488,6390.416015625
14489,7981.42041015625
14490,6189.3232421875
14491,7698.63720703125
14492,11027.4970703125
14493,6946.4169921875
14494,5317.2802734375
14495,8441.3603515625
14496,9505.6474609375
14497,5466.37646484375
14498,8987.7626953125
14499,6547.302734375
14500,7136.60498046875
14501,9424.423828125
14502,8918.1279296875
14503,11521.08203125
14504,7889.54736328125
14505,5288.02099609375
14506,7151.17138671875
14507,8458.3896484375
14508,11257.2177734375
14509,8644.966796875
14510,9120.6416015625
14511,8349.0234375
14512,5648.49169921875
14513,12446.458984375
14514,4284.2900390625
14515,12329.748046875
14516,7020.62255859375
14517,6181.57568359375
14518,9554.2392578125
14519,6459.90625
14520,8773.1162109375
14521,10264.2265625
14522,5840.5869140625
14523,4853.392578125
14524,10062.9375
14525,11351.0087890625
14526,9928.453125
14527,6539.2275390625
14528,8056.71728515625
14529,8275.97265625
14530,7641.19482421875
14531,7119.908203125
14532,11786.6904296875
14533,10584.447265625
14534,11598.19140625
14535,5514.5078125
14536,6808.3505859375
14537,9984.572265625
14538,10061.4404296875
14539,7842.369140625
14540,12777.791015625
14541,7351.62548828125
14542,7550.224609375
14543,7150.55712890625
14544,7044.28515625
14545,6446.837890625
14546,8263.900390625
14547,6097.01904296875
14548,6555.57763671875
14549,10884.7685546875
14550,8034.40478515625
14551,26056.26171875
14552,7276.638671875
14553,5756.1572265625
14554,11939.7890625
14555,14185.0712890625
14556,10142.0341796875
14557,11265.2275390625
14558,7431.75634765625
14559,12576.056640625
14560,13215.8125
14561,7000.7431640625
14562,9567.111328125
14563,10849.923828125
14564,10319.71484375
14565,12140.12109375
14566,9981.001953125
14567,10752.025390625
14568,7988.158203125
14569,8278.001953125
14570,17216.314453125
14571,16220.6005859375
14572,16778.75390625
14573,12961.673828125
14574,9072.1875
14575,8111.8486328125
14576,6381.8310546875
14577,12398.58984375
14578,17544.26953125
14579,13739.095703125
14580,10377.4384765625
14581,8479.88671875
14582,6327.09326171875
14583,8820.931640625
14584,15796.0244140625
14585,11030.1357421875
14586,7428.53173828125
14587,11309.5263671875
14588,12395.2744140625
14589,4879.23046875
14590,10481.8095703125
14591,6728.60595703125
14592,9893.416015625
14593,9291.8515625
14594,7334.02783203125
14595,11282.3466796875
14596,12377.1767578125
14597,8442.353515625
14598,9166.41015625
14599,9466.728515625
14600,17611.701171875
14601,8630.9814453125
14602,12978.19921875
14603,12443.0966796875
14604,13155.4833984375
14605,9742.9921875
14606,15723.0712890625
14607,10292.994140625
14608,6760.15673828125
14609,9812.7568359375
14610,8211.8876953125
14611,13050.38671875
14612,13194.8037109375
14613,8520.30859375
14614,10537.0302734375
14615,8136.75390625
14616,15309.3515625
14617,5854.31201171875
14618,17246.7578125
14619,6664.75
14620,7509.74365234375
14621,13208.208984375
14622,8918.455078125
14623,8922.810546875
14624,10311.541015625
14625,12302.2373046875
14626,9818.1357421875
14627,9554.775390625
14628,10437.775390625
14629,13250.9755859375
14630,12377.33984375
14631,9570.8623046875
14632,10333.173828125
14633,16244.533203125
14634,10407.9931640625
14635,7585.505859375
14636,10021.2451171875
14637,7874.40966796875
14638,8424.1171875
14639,10682.875
14640,5908.48095703125
14641,14864.421875
14642,9201.185546875
14643,13261.6103515625
14644,11464.8759765625
14645,6865.466796875
14646,8445.6337890625
14647,9557.88671875
14648,13981.5712890625
14649,12671.6015625
14650,6465.794921875
14651,6894.30029296875
14652,10722.32421875
14653,9926.4287109375
14654,8652.9658203125
14655,11068.0283203125
14656,11001.8134765625
14657,13112.189453125
14658,10711.734375
14659,6471.96630859375
14660,10968.2958984375
14661,10574.5576171875
14662,9664.056640625
14663,15318.6796875
14664,12998.5107421875
14665,9819.9521484375
14666,12729.6357421875
14667,9611.544921875
14668,10409.607421875
14669,13627.8427734375
14670,11260.361328125
14671,14317.8828125
14672,9155.650390625
14673,11440.8251953125
14674,8314.3154296875
14675,10052.072265625
14676,13464.3515625
14677,12506.29296875
14678,6591.63232421875
14679,7244.08740234375
14680,11746.427734375
14681,6938.595703125
14682,7368.38525390625
14683,13946.0849609375
14684,7202.591796875
14685,10278.37109375
14686,7322.32568359375
14687,8972.541015625
14688,12330.171875
14689,11016.90234375
14690,12324.658203125
14691,8952.55859375
14692,7832.10693359375
14693,10506.12890625
14694,5879.72021484375
14695,9461.0791015625
14696,9598.2509765625
14697,11272.892578125
14698,9734.2890625
14699,8902.4248046875
14700,16177.310546875
14701,9097.767578125
14702,6902.38037109375
14703,15838.587890625
14704,10114.2880859375
14705,13937.2685546875
14706,11676.58203125
14707,8559.2001953125
14708,8552.603515625
14709,6901.78515625
14710,13580.28125
14711,18054.080078125
14712,9814.45703125
14713,3398.07080078125
14714,6712.1953125
14715,13220.154296875
14716,14585.490234375
14717,8468.1171875
14718,9404.4521484375
14719,6856.05615234375
14720,8333.771484375
14721,4792.14697265625
14722,7633.29296875
14723,8592.2919921875
14724,13086.8115234375
14725,9664.052734375
14726,10666.2265625
14727,8977.841796875
14728,14564.4482421875
14729,12136.2080078125
14730,6260.30029296875
14731,12720.7646484375
14732,19852.4375
14733,10917.46484375
14734,10069.115234375
14735,8934.23828125
14736,10668.87109375
14737,7623.33935546875
14738,9620.1455078125
14739,11030.9033203125
14740,11994.62890625
14741,11100.998046875
14742,12489.359375
14743,13753.8779296875
14744,8200.369140625
14745,11487.69140625
14746,25353.419921875
14747,13357.5322265625
14748,8434.1865234375
14749,6121.33642578125
14750,7669.259765625
14751,13283.6943359375
14752,9518.3466796875
14753,13619.21484375
14754,23107.498046875
14755,6477.84375
14756,10359.095703125
14757,12455.681640625
14758,8337.5107421875
14759,15237.4189453125
14760,12435.296875
14761,12655.0546875
14762,9350.6171875
14763,9425.24609375
14764,6204.0751953125
14765,11094.642578125
14766,17866.78515625
14767,10914.013671875
14768,8367.509765625
14769,9280.2451171875
14770,8377.9970703125
14771,7505.2763671875
14772,9937.271484375
14773,10971.24609375
14774,8662.4990234375
14775,13927.556640625
14776,8706.8134765625
14777,10869.533203125
14778,8682.556640625
14779,11009.56640625
14780,11433.2978515625
14781,10246.0869140625
14782,11596.580078125
14783,7823.55615234375
14784,6996.4609375
14785,9665.025390625
14786,11063.7451171875
14787,7286.6142578125
14788,6119.072265625
14789,15229.806640625
14790,9768.7041015625
14791,15329.7841796875
14792,10398.84375
14793,8227.7666015625
14794,7011.36767578125
14795,6967.32763671875
14796,15716.6474609375
14797,8657.509765625
14798,11552.69921875
14799,22593.056640625
14800,9078.904296875
14801,8488.4599609375
14802,5883.873046875
14803,6569.78857421875
14804,12671.9091796875
14805,8923.2724609375
14806,10623.9443359375
14807,14779.1982421875
14808,10147.3984375
14809,25458.8828125
14810,19437.4921875
14811,5166.66845703125
14812,13106.25
14813,11054.876953125
14814,10040.634765625
14815,8607.140625
14816,15387.9970703125
14817,11423.3251953125
14818,16412.71484375
14819,10572.671875
14820,10250.203125
14821,12219.4287109375
14822,14177.482421875
14823,12618.95703125
14824,8643.802734375
14825,11576.98828125
14826,6423.845703125
14827,13054.6962890625
14828,13750.1357421875
14829,9906.7587890625
14830,17847.5
14831,9194.0068359375
14832,14168.9013671875
14833,7338.77490234375
14834,8663.1083984375
14835,9952.806640625
14836,16149.69140625
14837,9424.9541015625
14838,13751.7607421875
14839,9086.4892578125
14840,12381.96484375
14841,11151.0625
14842,11221.9599609375
14843,9908.1044921875
14844,6455.70458984375
14845,19575.326171875
14846,22835.47265625
14847,11356.73828125
14848,12161.94921875
14849,16336.21484375
14850,16284.8740234375
14851,15755.6826171875
14852,8973.9326171875
14853,12368.9560546875
14854,9380.5703125
14855,12111.7763671875
14856,6082.6220703125
14857,8012.68017578125
14858,9676.953125
14859,8859.2275390625
14860,11141.8984375
14861,10322.8779296875
14862,10023.4228515625
14863,9363.91015625
14864,4607.83349609375
14865,7084.03564453125
14866,10817.3740234375
14867,12557.6337890625
14868,14603.6103515625
14869,13312.1748046875
14870,11153.982421875
14871,11156.4150390625
14872,8653.9150390625
14873,16503.74609375
14874,12320.416015625
14875,8413.1376953125
14876,6663.478515625
14877,14778.892578125
14878,6563.75439453125
14879,13070.41796875
14880,5575.29052734375
14881,7586.41015625
14882,13485.763671875
14883,9801.8251953125
14884,8611.921875
14885,12162.9697265625
14886,13871.6376953125
14887,15748.3623046875
14888,9214.00390625
14889,12623.404296875
14890,4347.82568359375
14891,7596.203125
14892,9893.017578125
14893,7038.064453125
14894,10779.4140625
14895,6387.599609375
14896,6919.36865234375
14897,13003.3193359375
14898,17020.205078125
14899,12381.0869140625
14900,10209.1845703125
14901,7148.90625
14902,13069.6728515625
14903,10228.18359375
14904,9073.28515625
14905,7600.80322265625
14906,10461.5439453125
14907,13188.818359375
14908,6822.57861328125
14909,9351.3115234375
14910,12258.9736328125
14911,12479.6376953125
14912,18111.025390625
14913,8939.5634765625
14914,18872.720703125
14915,8707.052734375
14916,7364.2890625
14917,5516.158203125
14918,9090.583984375
14919,11129.9619140625
14920,7958.22802734375
14921,9913.0654296875
14922,9908.505859375
14923,7610.8720703125
14924,10699.9951171875
14925,6059.28662109375
14926,11481.6953125
14927,12593.0126953125
14928,12955.263671875
14929,16861.73828125
14930,10102.564453125
14931,12023.2978515625
14932,8488.4541015625
14933,8507.5966796875
14934,9564.2197265625
14935,6789.54638671875
14936,21399.822265625
14937,10301.70703125
14938,7690.0859375
14939,12141.529296875
14940,15231.6669921875
14941,13268.1982421875
14942,12689.646484375
14943,12267.091796875
14944,7809.52197265625
14945,11747.8154296875
14946,10654.3974609375
14947,10563.13671875
14948,10663.806640625
14949,9455.8486328125
14950,10987.4765625
14951,9551.990234375
14952,8116.783203125
14953,8087.3291015625
14954,12843.0576171875
14955,12394.7607421875
14956,15180.9189453125
14957,19576.845703125
14958,12101.65234375
14959,8787.4638671875
14960,7333.51416015625
14961,13965.2431640625
14962,17060.015625
14963,15811.87890625
14964,12759.4013671875
14965,12089.28515625
14966,10785.9423828125
14967,6261.22265625
14968,13928.490234375
14969,12006.638671875
14970,11919.900390625
14971,9521.607421875
14972,5965.2529296875
14973,16373.2529296875
14974,10450.7568359375
14975,8453.775390625
14976,6257.87109375
14977,7621.6318359375
14978,11490.8232421875
14979,17375.888671875
14980,10283.037109375
14981,6961.73828125
14982,9251.5361328125
14983,6928.5224609375
14984,4497.5966796875
14985,10085.59765625
14986,20471.431640625
14987,7342.23193359375
14988,10596.59375
14989,10315.1904296875
14990,7373.6767578125
14991,8554.6171875
14992,8642.0478515625
14993,6702.6572265625
14994,10506.451171875
14995,12220.822265625
14996,5363.08935546875
14997,13021.9609375
14998,13290.4599609375
14999,9797.3271484375
15000,13810.294921875
15001,12286.0751953125
15002,12367.6708984375
15003,8497.2890625
15004,9563.2255859375
15005,8863.2451171875
15006,8480.6396484375
15007,20593.724609375
15008,15782.3173828125
15009,8987.3408203125
15010,7695.9189453125
15011,6822.57177734375
15012,10460.0380859375
15013,6750.6943359375
15014,12064.7666015625
15015,8167.23193359375
15016,8211.0146484375
15017,9581.6796875
15018,8194.4814453125
15019,10087.728515625
15020,13436.4384765625
15021,10554.3662109375
15022,11803.771484375
15023,6859.34228515625
15024,6837.24365234375
15025,13120.88671875
15026,13922.0966796875
15027,14180.154296875
15028,9938.2109375
15029,7030.669921875
15030,10706.8544921875
15031,8143.0478515625
15032,6717.76220703125
15033,12080.046875
15034,10625.0693359375
15035,9884.966796875
15036,10097.49609375
15037,11304.2666015625
15038,11644.5478515625
15039,10656.068359375
15040,10181.23046875
15041,10044.0234375
15042,15174.4423828125
15043,10353.3642578125
15044,8039.92431640625
15045,7226.91162109375
15046,17931.8046875
15047,9518.115234375
15048,6178.171875
15049,9162.87890625
15050,14672.55859375
15051,16145.5341796875
15052,6874.8544921875
15053,10050.9453125
15054,9089.7626953125
15055,10238.076171875
15056,5691.94140625
15057,12673.4443359375
15058,4709.04638671875
15059,11083.63671875
15060,8909.669921875
15061,8162.7626953125
15062,9413.134765625
15063,9072.8974609375
15064,13833.23828125
15065,8202.73046875
15066,13500.1552734375
15067,12209.8251953125
15068,13733.6845703125
15069,7044.99853515625
15070,10286.294921875
15071,11035.9169921875
15072,10441.7724609375
15073,11574.6015625
15074,7710.07958984375
15075,9639.552734375
15076,10531.6640625
15077,14401.5849609375
15078,7259.42041015625
15079,6824.39990234375
15080,15720.3857421875
15081,11488.5556640625
15082,13197.8583984375
15083,9575.392578125
15084,8537.7802734375
15085,12812.5625
15086,10426.654296875
15087,12996.24609375
15088,11011.8798828125
15089,11563.8515625
15090,12852.1611328125
15091,17454.4296875
15092,13588.380859375
15093,8794.3701171875
15094,11839.81640625
15095,6017.34130859375
15096,4871.1943359375
15097,11782.3671875
15098,8975.240234375
15099,15145.71875
15100,8695.6728515625
15101,10985.8935546875
15102,11454.095703125
15103,14442.6435546875
15104,11081.0361328125
15105,8718.07421875
15106,9814.5458984375
15107,11103.869140625
15108,5864.9091796875
15109,10238.4130859375
15110,12597.84375
15111,12120.958984375
15112,9308.4892578125
15113,9346.1357421875
15114,7650.1748046875
15115,7644.341796875
15116,8366.8408203125
15117,17100.029296875
15118,12914.7724609375
15119,10855.767578125
15120,17545.216796875
15121,10834.5615234375
15122,7971.412109375
15123,11368.5078125
15124,12476.6103515625
15125,17329.619140625
15126,10345.2646484375
15127,12641.3779296875
15128,13971.9169921875
15129,11562.3046875
15130,11479.6328125
15131,11155.86328125
15132,9989.916015625
15133,8090.4521484375
15134,6288.87646484375
15135,7661.6875
15136,13278.94921875
15137,25908.564453125
15138,10397.54296875
15139,6896.080078125
15140,10008.5615234375
15141,9675.4404296875
15142,8848.55078125
15143,6137.845703125
15144,15053.603515625
15145,8726.6826171875
15146,9847.234375
15147,22324.46484375
15148,15335.8671875
15149,8497.7080078125
15150,10356.98828125
15151,5479.2685546875
15152,6557.28271484375
15153,8289.1435546875
15154,13248.765625
15155,9508.48046875
15156,9068.3173828125
15157,8920.2578125
15158,8078.66455078125
15159,11707.71484375
15160,10290.6259765625
15161,5145.0185546875
15162,10728.8671875
15163,14556.619140625
15164,11242.1201171875
15165,9307.1875
15166,8313.9384765625
15167,12067.1376953125
15168,7706.65087890625
15169,14855.4658203125
15170,7022.02880859375
15171,8526.3310546875
15172,8887.6904296875
15173,10720.7431640625
15174,8073.27392578125
15175,9684.8046875
15176,8585.0400390625
15177,14157.7060546875
15178,14781.8251953125
15179,8154.07421875
15180,5827.3193359375
15181,8498.8046875
15182,9456.1552734375
15183,7305.91259765625
15184,9579.72265625
15185,8887.337890625
15186,16531.755859375
15187,14760.0341796875
15188,8849.4052734375
15189,10630.740234375
15190,7473.06103515625
15191,13456.703125
15192,7553.02099609375
15193,18219.142578125
15194,8387.2197265625
15195,10114.115234375
15196,10007.3671875
15197,6640.80908203125
15198,10945.4560546875
15199,25578.755859375
15200,7199.52978515625
15201,7240.37744140625
15202,17079.431640625
15203,9409.8798828125
15204,11858.2783203125
15205,11586.818359375
15206,11745.9794921875
15207,11134.23828125
15208,7834.7333984375
15209,13995.39453125
15210,9598.4677734375
15211,10506.150390625
15212,10730.515625
15213,8254.2265625
15214,10261.9677734375
15215,8922.5751953125
15216,7323.26318359375
15217,12973.6494140625
15218,12126.330078125
15219,6860.4443359375
15220,11252.2099609375
15221,8587.34765625
15222,7186.27490234375
15223,13674.9541015625
15224,9139.447265625
15225,12773.9306640625
15226,6973.43701171875
15227,7935.3447265625
15228,9407.5419921875
15229,5522.0732421875
15230,11471.8466796875
15231,6685.7880859375
15232,8134.98876953125
15233,7171.0556640625
15234,8840.3125
15235,7614.70458984375
15236,9276.046875
15237,11308.630859375
15238,12759.9443359375
15239,12222.029296875
15240,10509.4716796875
15241,10266.912109375
15242,13036.2080078125
15243,13444.6240234375
15244,9244.90625
15245,4837.6962890625
15246,9599.8701171875
15247,11391.2568359375
15248,6938.9912109375
15249,15147.330078125
15250,8588.3388671875
15251,12639.6220703125
15252,12430.7666015625
15253,8320.4208984375
15254,10292.8935546875
15255,14677.4580078125
15256,14882.3310546875
15257,7337.77392578125
15258,12620.294921875
15259,15400.150390625
15260,9205.4775390625
15261,7300.71826171875
15262,10413.2265625
15263,9168.23828125
15264,8590.287109375
15265,10153.591796875
15266,8352.701171875
15267,9073.9150390625
15268,13589.8125
15269,10706.4306640625
15270,13274.6552734375
15271,8956.9912109375
15272,11002.4072265625
15273,7393.65771484375
15274,15064.3388671875
15275,11282.7041015625
15276,8765.04296875
15277,9274.8125
15278,11898.0673828125
15279,14614.8486328125
15280,9460.1708984375
15281,7990.27294921875
15282,10817.208984375
15283,9402.6015625
15284,10930.392578125
15285,6483.041015625
15286,9624.52734375
15287,11336.5546875
15288,8801.048828125
15289,9692.8896484375
15290,12883.2958984375
15291,7664.81298828125
15292,12913.9609375
15293,10087.966796875
15294,6043.76513671875
15295,9184.0791015625
15296,10252.5283203125
15297,11840.2001953125
15298,13931.5703125
15299,12959.765625
15300,7493.35302734375
15301,13266.86328125
15302,8442.2314453125
15303,6401.84033203125
15304,15569.2890625
15305,16146.224609375
15306,11886.8017578125
15307,11989.537109375
15308,10420.0126953125
15309,11216.2578125
15310,15992.7236328125
15311,11290.0556640625
15312,11811.9599609375
15313,6647.33154296875
15314,6409.0107421875
15315,8266.208984375
15316,8015.93505859375
15317,8606.91015625
15318,9791.0537109375
15319,9073.9736328125
15320,7181.50244140625
15321,10746.603515625
15322,13628.693359375
15323,9381.966796875
15324,9002.12109375
15325,11705.2451171875
15326,8238.6328125
15327,8442.8447265625
15328,12649.4619140625
15329,10441.22265625
15330,8781.0146484375
15331,6630.77294921875
15332,21981.3828125
15333,8804.6748046875
15334,10916.4208984375
15335,16691.751953125
15336,10944.2236328125
15337,13083.6142578125
15338,8891.9033203125
15339,10171.57421875
15340,14145.5576171875
15341,23035.34765625
15342,9963.279296875
15343,8392.8623046875
15344,8859.904296875
15345,9657.1162109375
15346,7600.564453125
15347,12681.4521484375
15348,14787.9833984375
15349,8643.1708984375
15350,7429.0322265625
15351,10449.7548828125
15352,12534.107421875
15353,7583.599609375
15354,12003.0595703125
15355,6389.65087890625
15356,10456.708984375
15357,11349.2392578125
15358,10730.9833984375
15359,14121.826171875
15360,9629.544921875
15361,8793.5849609375
15362,8574.130859375
15363,12158.107421875
15364,12492.8857421875
15365,10233.08203125
15366,11178.5634765625
15367,8178.8994140625
15368,6018.05517578125
15369,14123.6455078125
15370,8165.40673828125
15371,13810.4951171875
15372,7807.92822265625
15373,8524.712890625
15374,11610.791015625
15375,9859.4365234375
15376,8752.50390625
15377,12808.6630859375
15378,7085.74658203125
15379,9218.1865234375
15380,11457.080078125
15381,15883.220703125
15382,13443.7353515625
15383,6538.61767578125
15384,10646.6796875
15385,10368.466796875
15386,10083.3681640625
15387,8794.50390625
15388,15086.2099609375
15389,13790.0546875
15390,13778.4365234375
15391,6701.15966796875
15392,9958.712890625
15393,11269.7373046875
15394,14237.38671875
15395,9842.47265625
15396,16521.3359375
15397,9937.6455078125
15398,7575.599609375
15399,9263.17578125
15400,7291.861328125
15401,7124.34375
15402,13396.0947265625
15403,8917.9375
15404,8387.412109375
15405,15564.751953125
15406,8504.3916015625
15407,28103.755859375
15408,11482.9130859375
15409,0.0
15410,0.0
15411,0.0
15412,0.0
15413,0.0
15414,0.0
15415,0.0
15416,0.0
15417,0.0
15418,0.0
15419,0.0
15420,0.0
15421,0.0
15422,0.0
15423,0.0
15424,0.0
15425,0.0
15426,0.0
15427,0.0
15428,0.0
15429,0.0
15430,0.0
15431,0.0
15432,0.0
15433,0.0
15434,0.0
15435,0.0
15436,0.0
15437,0.0
15438,0.0
15439,0.0
15440,0.0
15441,0.0
15442,0.0
15443,0.0
15444,0.0
15445,0.0
15446,0.0
15447,0.0
15448,0.0
15449,0.0
15450,0.0
15451,0.0
15452,0.0
15453,0.0
15454,0.0
15455,0.0
15456,0.0
15457,0.0
15458,0.0
15459,0.0
15460,0.0
15461,0.0
15462,0.0
15463,0.0
15464,0.0
15465,0.0
15466,0.0
15467,0.0
15468,0.0
15469,0.0
15470,0.0
15471,0.0
15472,0.0
15473,0.0
15474,0.0
15475,0.0
15476,0.0
15477,0.0
15478,0.0
15479,0.0
15480,0.0
15481,0.0
15482,0.0
15483,0.0
15484,0.0
15485,0.0
15486,0.0
15487,0.0
15488,0.0
15489,0.0
15490,0.0
15491,0.0
15492,0.0
15493,0.0
15494,0.0
15495,0.0
15496,0.0
15497,0.0
15498,0.0
15499,0.0
15500,4558.7783203125
15501,0.0
15502,0.0
15503,0.0
15504,0.0
15505,0.0
15506,0.0
15507,0.0
15508,0.0
15509,0.0
15510,0.0
15511,0.0
15512,0.0
15513,0.0
15514,0.0
15515,0.0
15516,0.0
15517,0.0
15518,0.0
15519,0.0
15520,0.0
15521,0.0
15522,0.0
15523,0.0
15524,0.0
15525,0.0
15526,0.0
15527,0.0
15528,0.0
15529,0.0
15530,0.0
15531,0.0
15532,0.0
15533,0.0
15534,0.0
15535,0.0
15536,0.0
15537,0.0
15538,0.0
15539,0.0
15540,0.0
15541,0.0
15542,0.0
15543,0.0
15544,0.0
15545,0.0
15546,0.0
15547,0.0
15548,0.0
15549,0.0
15550,0.0
15551,0.0
15552,0.0
15553,0.0
15554,0.0
15555,0.0
15556,0.0
15557,0.0
15558,0.0
15559,0.0
15560,0.0
15561,0.0
15562,0.0
15563,0.0
15564,0.0
15565,0.0
15566,0.0
15567,0.0
15568,3048.2353515625
15569,0.0
15570,0.0
15571,0.0
15572,0.0
15573,0.0
15574,0.0
15575,0.0
15576,0.0
15577,0.0
15578,0.0
15579,0.0
15580,0.0
15581,0.0
15582,0.0
15583,0.0
15584,0.0
15585,0.0
15586,0.0
15587,0.0
15588,0.0
15589,0.0
15590,0.0
15591,0.0
15592,0.0
15593,0.0
15594,0.0
15595,0.0
15596,0.0
15597,0.0
15598,0.0
15599,0.0
15600,0.0
15601,0.0
15602,0.0
15603,0.0
15604,0.0
15605,0.0
15606,0.0
15607,0.0
15608,0.0
15609,16241.0224609375
15610,33140.88671875
15611,0.0
15612,0.0
15613,0.0
15614,0.0
15615,0.0
15616,0.0
15617,0.0
15618,8268.4609375
15619,0.0
15620,0.0
15621,0.0
15622,0.0
15623,0.0
15624,0.0
15625,0.0
15626,0.0
15627,0.0
15628,0.0
15629,0.0
15630,0.0
15631,0.0
15632,0.0
15633,0.0
15634,0.0
15635,0.0
15636,0.0
15637,5103.9296875
15638,0.0
15639,0.0
15640,0.0
15641,0.0
15642,0.0
15643,0.0
15644,0.0
15645,0.0
15646,0.0
15647,4740.70703125
15648,0.0
15649,0.0
15650,0.0
15651,0.0
15652,0.0
15653,0.0
15654,0.0
15655,0.0
15656,0.0
15657,0.0
15658,0.0
15659,0.0
15660,0.0
15661,0.0
15662,0.0
15663,0.0
15664,0.0
15665,9877.5068359375
15666,0.0
15667,0.0
15668,0.0
15669,0.0
15670,0.0
15671,0.0
15672,0.0
15673,0.0
15674,0.0
15675,0.0
15676,0.0
15677,0.0
15678,0.0
15679,0.0
15680,0.0
15681,0.0
15682,10315.046875
15683,0.0
15684,0.0
15685,0.0
15686,0.0
15687,0.0
15688,0.0
15689,0.0
15690,0.0
15691,0.0
15692,0.0
15693,0.0
15694,0.0
15695,0.0
15696,0.0
15697,0.0
15698,0.0
15699,0.0
15700,0.0
15701,0.0
15702,0.0
15703,0.0
15704,0.0
15705,0.0
15706,0.0
15707,0.0
15708,0.0
15709,0.0
15710,0.0
15711,0.0
15712,0.0
15713,0.0
15714,0.0
15715,0.0
15716,0.0
15717,0.0
15718,0.0
15719,0.0
15720,0.0
15721,0.0
15722,0.0
15723,0.0
15724,0.0
15725,0.0
15726,0.0
15727,0.0
15728,0.0
15729,0.0
15730,0.0
15731,0.0
15732,0.0
15733,0.0
15734,0.0
15735,0.0
15736,0.0
15737,0.0
15738,0.0
15739,0.0
15740,0.0
15741,0.0
15742,0.0
15743,0.0
15744,1936.23046875
15745,0.0
15746,0.0
15747,0.0
15748,0.0
15749,0.0
15750,0.0
15751,0.0
15752,0.0
15753,0.0
15754,0.0
15755,0.0
15756,0.0
15757,0.0
15758,5812.673828125
15759,0.0
15760,0.0
15761,0.0
15762,0.0
15763,0.0
15764,0.0
15765,0.0
15766,0.0
15767,0.0
15768,0.0
15769,0.0
15770,0.0
15771,0.0
15772,0.0
15773,0.0
15774,0.0
15775,0.0
15776,0.0
15777,0.0
15778,0.0
15779,0.0
15780,0.0
15781,0.0
15782,0.0
15783,0.0
15784,0.0
15785,0.0
15786,0.0
15787,0.0
15788,0.0
15789,0.0
15790,0.0
15791,0.0
15792,0.0
15793,0.0
15794,0.0
15795,0.0
15796,0.0
15797,0.0
15798,0.0
15799,0.0
15800,0.0
15801,8153.015625
15802,0.0
15803,0.0
15804,0.0
15805,0.0
15806,0.0
15807,0.0
15808,0.0
15809,0.0
15810,0.0
15811,3147.79638671875
15812,0.0
15813,0.0
15814,0.0
15815,5301.41064453125
15816,0.0
15817,0.0
15818,0.0
15819,0.0
15820,0.0
15821,0.0
15822,0.0
15823,0.0
15824,0.0
15825,0.0
15826,0.0
15827,0.0
15828,0.0
15829,0.0
15830,0.0
15831,0.0
15832,0.0
15833,0.0
15834,0.0
15835,0.0
15836,0.0
15837,0.0
15838,0.0
15839,0.0
15840,0.0
15841,0.0
15842,20955.626953125
15843,0.0
15844,0.0
15845,0.0
15846,0.0
15847,0.0
15848,0.0
15849,0.0
15850,0.0
15851,0.0
15852,0.0
15853,0.0
15854,0.0
15855,0.0
15856,7051.1484375
15857,0.0
15858,0.0
15859,0.0
15860,0.0
15861,0.0
15862,0.0
15863,0.0
15864,0.0
15865,0.0
15866,0.0
15867,0.0
15868,0.0
15869,0.0
15870,0.0
15871,0.0
15872,0.0
15873,0.0
15874,0.0
15875,0.0
15876,0.0
15877,0.0
15878,0.0
15879,0.0
15880,0.0
15881,0.0
15882,0.0
15883,0.0
15884,0.0
15885,0.0
15886,0.0
15887,0.0
15888,0.0
15889,0.0
15890,0.0
15891,0.0
15892,0.0
15893,0.0
15894,0.0
15895,0.0
15896,0.0
15897,0.0
15898,0.0
15899,0.0
15900,0.0
15901,0.0
15902,0.0
15903,0.0
15904,0.0
15905,0.0
15906,0.0
15907,0.0
15908,0.0
15909,0.0
15910,0.0
15911,0.0
15912,0.0
15913,0.0
15914,0.0
15915,0.0
15916,0.0
15917,0.0
15918,0.0
15919,0.0
15920,0.0
15921,0.0
15922,0.0
15923,0.0
15924,0.0
15925,0.0
15926,0.0
15927,0.0
15928,0.0
15929,0.0
15930,0.0
15931,13076.0791015625
15932,0.0
15933,0.0
15934,0.0
15935,0.0
15936,0.0
15937,0.0
15938,0.0
15939,0.0
15940,0.0
15941,0.0
15942,0.0
15943,0.0
15944,0.0
15945,0.0
15946,0.0
15947,0.0
15948,0.0
15949,0.0
15950,0.0
15951,0.0
15952,0.0
15953,0.0
15954,0.0
15955,0.0
15956,0.0
15957,0.0
15958,0.0
15959,0.0
15960,0.0
15961,0.0
15962,0.0
15963,0.0
15964,0.0
15965,0.0
15966,0.0
15967,0.0
15968,0.0
15969,0.0
15970,0.0
15971,0.0
15972,0.0
15973,0.0
15974,0.0
15975,4465.67431640625
15976,16623.58984375
15977,0.0
15978,0.0
15979,0.0
15980,0.0
15981,0.0
15982,0.0
15983,0.0
15984,0.0
15985,0.0
15986,0.0
15987,0.0
15988,0.0
15989,0.0
15990,0.0
15991,0.0
15992,0.0
15993,0.0
15994,0.0
15995,0.0
15996,0.0
15997,0.0
15998,0.0
15999,0.0
16000,0.0
16001,0.0
16002,0.0
16003,0.0
16004,13054.166015625
16005,0.0
16006,0.0
16007,0.0
16008,0.0
16009,0.0
16010,0.0
16011,0.0
16012,0.0
16013,0.0
16014,0.0
16015,0.0
16016,0.0
16017,0.0
16018,0.0
16019,0.0
16020,0.0
16021,0.0
16022,0.0
16023,0.0
16024,0.0
16025,0.0
16026,0.0
16027,0.0
16028,0.0
16029,0.0
16030,0.0
16031,0.0
16032,0.0
16033,0.0
16034,0.0
16035,0.0
16036,0.0
16037,0.0
16038,0.0
16039,0.0
16040,0.0
16041,0.0
16042,0.0
16043,0.0
16044,0.0
16045,0.0
16046,0.0
16047,0.0
16048,0.0
16049,0.0
16050,0.0
16051,0.0
16052,0.0
16053,0.0
16054,0.0
16055,0.0
16056,0.0
16057,0.0
16058,0.0
16059,0.0
16060,0.0
16061,0.0
16062,0.0
16063,0.0
16064,0.0
16065,0.0
16066,0.0
16067,0.0
16068,0.0
16069,0.0
16070,0.0
16071,0.0
16072,0.0
16073,0.0
16074,3201.4140625
16075,0.0
16076,0.0
16077,0.0
16078,2724.188720703125
16079,0.0
16080,0.0
16081,0.0
16082,0.0
16083,0.0
16084,0.0
16085,0.0
16086,0.0
16087,0.0
16088,0.0
16089,0.0
16090,0.0
16091,0.0
16092,0.0
16093,0.0
16094,0.0
16095,0.0
16096,0.0
16097,0.0
16098,0.0
16099,0.0
16100,0.0
16101,0.0
16102,0.0
16103,0.0
16104,0.0
16105,0.0
16106,0.0
16107,0.0
16108,0.0
16109,0.0
16110,0.0
16111,0.0
16112,0.0
16113,0.0
16114,0.0
16115,0.0
16116,0.0
16117,0.0
16118,0.0
16119,0.0
16120,0.0
16121,0.0
16122,0.0
16123,0.0
16124,0.0
16125,0.0
16126,0.0
16127,0.0
16128,0.0
16129,3520.732421875
16130,0.0
16131,0.0
16132,0.0
16133,0.0
16134,0.0
16135,0.0
16136,0.0
16137,0.0
16138,0.0
16139,0.0
16140,0.0
16141,0.0
16142,0.0
16143,0.0
16144,11556.8544921875
16145,0.0
16146,0.0
16147,0.0
16148,0.0
16149,0.0
16150,0.0
16151,0.0
16152,0.0
16153,0.0
16154,0.0
16155,0.0
16156,0.0
16157,0.0
16158,0.0
16159,0.0
16160,0.0
16161,0.0
16162,0.0
16163,0.0
16164,0.0
16165,0.0
16166,0.0
16167,0.0
16168,0.0
16169,0.0
16170,0.0
16171,0.0
16172,0.0
16173,0.0
16174,0.0
16175,0.0
16176,0.0
16177,0.0
16178,0.0
16179,0.0
16180,0.0
16181,0.0
16182,0.0
16183,0.0
16184,0.0
16185,0.0
16186,0.0
16187,0.0
16188,0.0
16189,0.0
16190,0.0
16191,0.0
16192,0.0
16193,0.0
16194,0.0
16195,0.0
16196,0.0
16197,0.0
16198,0.0
16199,0.0
16200,0.0
16201,0.0
16202,0.0
16203,0.0
16204,0.0
16205,0.0
16206,0.0
16207,0.0
16208,5806.8056640625
16209,0.0
16210,0.0
16211,0.0
16212,0.0
16213,0.0
16214,0.0
16215,0.0
16216,0.0
16217,0.0
16218,0.0
16219,0.0
16220,0.0
16221,0.0
16222,0.0
16223,0.0
16224,0.0
16225,0.0
16226,0.0
16227,0.0
16228,0.0
16229,0.0
16230,0.0
16231,0.0
16232,0.0
16233,0.0
16234,0.0
16235,0.0
16236,0.0
16237,0.0
16238,0.0
16239,0.0
16240,0.0
16241,0.0
16242,0.0
16243,0.0
16244,0.0
16245,0.0
16246,0.0
16247,0.0
16248,0.0
16249,13359.166015625
16250,5283.16650390625
16251,0.0
16252,0.0
16253,0.0
16254,0.0
16255,0.0
16256,0.0
16257,0.0
16258,0.0
16259,0.0
16260,0.0
16261,0.0
16262,0.0
16263,0.0
16264,0.0
16265,4439.7314453125
16266,4325.205078125
16267,7104.421875
16268,4107.93701171875
16269,6118.0029296875
16270,4579.41357421875
16271,6220.05322265625
16272,6700.595703125
16273,4769.82861328125
16274,3143.363525390625
16275,6214.53466796875
16276,5001.60595703125
16277,4458.83056640625
16278,6396.36083984375
16279,5890.05712890625
16280,3311.5576171875
16281,3915.435546875
16282,7721.8642578125
16283,9461.515625
16284,6888.14892578125
16285,7356.4921875
16286,4463.44873046875
16287,6082.55224609375
16288,2514.306884765625
16289,8377.814453125
16290,8445.453125
16291,9372.65625
16292,6302.1884765625
16293,2598.409423828125
16294,4029.135009765625
16295,6485.00390625
16296,7898.16162109375
16297,3914.5439453125
16298,5797.16552734375
16299,5640.7490234375
16300,5983.59033203125
16301,2789.2431640625
16302,7577.9951171875
16303,4507.30810546875
16304,6960.7060546875
16305,6297.56201171875
16306,3940.7607421875
16307,9353.2705078125
16308,6522.62744140625
16309,5066.17333984375
16310,3927.038330078125
16311,8519.1552734375
16312,10685.6123046875
16313,5788.18310546875
16314,5760.26025390625
16315,9004.701171875
16316,7131.57421875
16317,5336.39697265625
16318,6683.50048828125
16319,2412.30810546875
16320,3036.440185546875
16321,4577.43798828125
16322,6550.2470703125
16323,8366.1318359375
16324,7805.85595703125
16325,4413.0625
16326,8329.6416015625
16327,7520.56884765625
16328,5424.46875
16329,3051.939453125
16330,11333.3369140625
16331,3429.387939453125
16332,3687.525634765625
16333,7335.9990234375
16334,4301.56005859375
16335,5848.72412109375
16336,2975.995361328125
16337,5636.873046875
16338,5419.74365234375
16339,6025.2255859375
16340,7408.4091796875
16341,8128.89208984375
16342,5222.07373046875
16343,3656.073486328125
16344,7543.333984375
16345,12901.6044921875
16346,6360.07958984375
16347,3771.666748046875
16348,6237.8681640625
16349,5472.38427734375
16350,6402.7314453125
16351,9421.751953125
16352,2166.00244140625
16353,8433.5234375
16354,4968.85595703125
16355,5702.06005859375
16356,7972.79443359375
16357,3294.571533203125
16358,5458.1298828125
16359,5797.4931640625
16360,7994.6396484375
16361,7440.3134765625
16362,3489.64404296875
16363,4443.06591796875
16364,7825.79443359375
16365,6007.97119140625
16366,5307.875
16367,6528.21240234375
16368,4971.03271484375
16369,6560.73291015625
16370,4905.0849609375
16371,3392.03857421875
16372,5243.26025390625
16373,6066.54296875
16374,6807.724609375
16375,7458.0458984375
16376,8219.9228515625
16377,4228.3193359375
16378,8849.8759765625
16379,3203.099609375
16380,4128.7431640625
16381,7346.50537109375
16382,6807.2568359375
16383,7293.2509765625
16384,9380.6240234375
16385,6508.61376953125
16386,4363.30322265625
16387,7075.02685546875
16388,6965.0849609375
16389,4967.45458984375
16390,2701.703857421875
16391,5473.66357421875
16392,4935.72314453125
16393,4905.49560546875
16394,3184.6865234375
16395,6024.26025390625
16396,5364.7236328125
16397,5620.6201171875
16398,5918.6435546875
16399,3158.170166015625
16400,6896.4052734375
16401,7048.17626953125
16402,3164.046875
16403,5638.05615234375
16404,3938.99560546875
16405,5413.71533203125
16406,1333.239990234375
16407,4114.20751953125
16408,5972.23388671875
16409,7132.767578125
16410,6881.6005859375
16411,6299.193359375
16412,12943.9423828125
16413,4163.80322265625
16414,5708.61376953125
16415,10504.3642578125
16416,6079.056640625
16417,8550.73046875
16418,6550.22216796875
16419,6325.185546875
16420,6007.98095703125
16421,4506.93359375
16422,5285.51025390625
16423,8550.7275390625
16424,5700.18017578125
16425,3276.430419921875
16426,3637.007080078125
16427,7243.32861328125
16428,9003.6015625
16429,6865.6259765625
16430,6102.32373046875
16431,4393.5546875
16432,2252.236572265625
16433,2036.0538330078125
16434,3756.06640625
16435,6557.1142578125
16436,7219.453125
16437,4672.75341796875
16438,4893.05517578125
16439,8139.1396484375
16440,7700.099609375
16441,7809.5546875
16442,5424.20947265625
16443,8322.21875
16444,9595.2705078125
16445,3692.805419921875
16446,6206.16552734375
16447,5717.66455078125
16448,7076.224609375
16449,2794.7353515625
16450,6132.21142578125
16451,4776.3203125
16452,8090.18408203125
16453,6092.013671875
16454,7606.458984375
16455,7218.291015625
16456,4970.0341796875
16457,8294.8232421875
16458,18309.283203125
16459,8120.92138671875
16460,5112.81982421875
16461,3035.6298828125
16462,6458.59814453125
16463,7569.0908203125
16464,4171.18994140625
16465,9470.931640625
16466,18936.103515625
16467,4570.0126953125
16468,3769.412109375
16469,11807.4970703125
16470,2767.16357421875
16471,5650.95703125
16472,3456.089111328125
16473,6383.939453125
16474,5777.86328125
16475,7273.52783203125
16476,4636.11474609375
16477,5519.6962890625
16478,10220.390625
16479,5664.3935546875
16480,6427.8876953125
16481,7866.59033203125
16482,5850.86572265625
16483,6299.65966796875
16484,8884.0732421875
16485,4628.68408203125
16486,5046.634765625
16487,5529.42236328125
16488,3609.673583984375
16489,6116.5927734375
16490,5592.46728515625
16491,5158.5703125
16492,7949.18994140625
16493,9065.3349609375
16494,7684.40283203125
16495,4704.42333984375
16496,4327.54296875
16497,4452.91552734375
16498,5144.529296875
16499,6156.7548828125
16500,4286.89208984375
16501,7209.2958984375
16502,5127.48583984375
16503,8514.08203125
16504,5916.75439453125
16505,3744.166015625
16506,3342.89892578125
16507,3032.130615234375
16508,8532.15234375
16509,5450.69970703125
16510,6123.86767578125
16511,13829.04296875
16512,7708.7685546875
16513,5211.31494140625
16514,5602.87646484375
16515,2998.838134765625
16516,4307.01318359375
16517,3960.015380859375
16518,5005.1689453125
16519,9211.724609375
16520,5033.0458984375
16521,9202.203125
16522,10772.32421875
16523,5612.4404296875
16524,5821.283203125
16525,5669.88623046875
16526,5479.0009765625
16527,4884.3486328125
16528,9339.228515625
16529,5299.86572265625
16530,7174.8271484375
16531,3336.643310546875
16532,5926.87109375
16533,5926.95556640625
16534,7358.54638671875
16535,6710.79248046875
16536,5686.94970703125
16537,7678.81982421875
16538,5609.80615234375
16539,8311.2431640625
16540,7511.7763671875
16541,6784.00390625
16542,9526.6328125
16543,7226.5087890625
16544,8287.4775390625
16545,2914.473876953125
16546,6048.6455078125
16547,5333.11328125
16548,9302.3662109375
16549,6761.0
16550,7022.8662109375
16551,6655.75048828125
16552,7762.47802734375
16553,5954.150390625
16554,7958.91357421875
16555,6734.146484375
16556,2812.36572265625
16557,10634.8447265625
16558,16210.9697265625
16559,6927.7587890625
16560,6323.0
16561,7395.19091796875
16562,8485.8125
16563,8581.7431640625
16564,2975.9599609375
16565,4738.8974609375
16566,6276.1796875
16567,8448.833984375
16568,2917.8603515625
16569,4810.41015625
16570,5694.50634765625
16571,4557.52685546875
16572,5158.42822265625
16573,3615.081787109375
16574,3214.604736328125
16575,7587.1708984375
16576,4016.033935546875
16577,4920.41259765625
16578,6364.92626953125
16579,4775.16015625
16580,9108.1220703125
16581,12735.341796875
16582,5653.53759765625
16583,7899.69580078125
16584,7019.02001953125
16585,11102.662109375
16586,4008.7734375
16587,3288.392822265625
16588,5427.0771484375
16589,14279.7724609375
16590,4365.2041015625
16591,7236.275390625
16592,2426.123046875
16593,3757.359619140625
16594,7122.6943359375
16595,6167.33203125
16596,5553.85888671875
16597,8922.654296875
16598,9281.9521484375
16599,8821.0341796875
16600,4202.76220703125
16601,8767.75
16602,1990.6070556640625
16603,3633.698486328125
16604,6524.83447265625
16605,4800.83154296875
16606,10529.7783203125
16607,2940.7216796875
16608,5091.84033203125
16609,5778.390625
16610,8532.10546875
16611,9256.4443359375
16612,4860.50244140625
16613,3043.885498046875
16614,9657.478515625
16615,9428.7705078125
16616,4461.02294921875
16617,6032.7958984375
16618,8254.0322265625
16619,7081.17724609375
16620,4735.033203125
16621,3718.413330078125
16622,7194.95556640625
16623,4530.306640625
16624,12139.111328125
16625,8110.61865234375
16626,16886.75390625
16627,6770.7607421875
16628,4908.45458984375
16629,2438.395751953125
16630,6155.90771484375
16631,5905.53076171875
16632,5086.7080078125
16633,9432.0390625
16634,5854.5634765625
16635,2737.181640625
16636,7008.74365234375
16637,3731.167236328125
16638,8030.98876953125
16639,7536.02001953125
16640,6539.74169921875
16641,8456.857421875
16642,4791.408203125
16643,7420.8486328125
16644,6258.033203125
16645,5933.5654296875
16646,6837.7236328125
16647,4103.94189453125
16648,8681.8046875
16649,5602.017578125
16650,4172.896484375
16651,5766.51416015625
16652,8507.666015625
16653,5934.58642578125
16654,4212.21826171875
16655,5148.166015625
16656,5114.091796875
16657,5506.84716796875
16658,4915.12451171875
16659,9357.970703125
16660,4788.283203125
16661,3227.746826171875
16662,5750.81201171875
16663,6240.111328125
16664,3343.164306640625
16665,6057.3984375
16666,8746.798828125
16667,7978.20458984375
16668,10600.82421875
16669,9169.3076171875
16670,7700.712890625
16671,6808.64404296875
16672,4604.8447265625
16673,10546.5283203125
16674,8451.466796875
16675,7360.96435546875
16676,5302.14453125
16677,6308.0830078125
16678,5523.19189453125
16679,2219.9384765625
16680,9528.666015625
16681,7836.08544921875
16682,6536.48974609375
16683,4647.556640625
16684,996.0526733398438
16685,7233.984375
16686,6474.43603515625
16687,5637.85205078125
16688,3992.3564453125
16689,5367.4208984375
16690,5816.98779296875
16691,4281.181640625
16692,10034.2353515625
16693,4948.38134765625
16694,5205.06005859375
16695,3614.71630859375
16696,2773.427490234375
16697,4452.4794921875
16698,13579.568359375
16699,3877.18505859375
16700,5729.8505859375
16701,5135.70166015625
16702,3560.536376953125
16703,3420.755615234375
16704,5779.96240234375
16705,2657.062255859375
16706,9955.6865234375
16707,6089.78759765625
16708,3006.4208984375
16709,8263.6767578125
16710,2501.795654296875
16711,4294.29345703125
16712,10028.5322265625
16713,7462.55712890625
16714,9178.9296875
16715,2564.7138671875
16716,4478.65771484375
16717,4447.75048828125
16718,5025.5556640625
16719,15870.1298828125
16720,12362.0625
16721,5552.79931640625
16722,3138.451416015625
16723,5638.65185546875
16724,4650.50537109375
16725,2836.7421875
16726,8066.181640625
16727,4491.95068359375
16728,4948.48779296875
16729,7109.12109375
16730,4745.83544921875
16731,4853.63330078125
16732,5904.57177734375
16733,6288.8173828125
16734,6546.6103515625
16735,3229.224365234375
16736,5065.2158203125
16737,7057.12109375
16738,7156.72314453125
16739,5571.54345703125
16740,6610.20068359375
16741,3022.232177734375
16742,8996.896484375
16743,5366.15673828125
16744,3081.0703125
16745,4784.71533203125
16746,4466.7841796875
16747,5021.8681640625
16748,6097.6494140625
16749,3781.69189453125
16750,4964.48974609375
16751,5389.42041015625
16752,8332.3310546875
16753,7893.60791015625
16754,7008.2412109375
16755,7899.7841796875
16756,5877.0458984375
16757,2644.1328125
16758,11361.0263671875
16759,3828.774169921875
16760,3421.722900390625
16761,6369.103515625
16762,10584.9970703125
16763,10977.2412109375
16764,4540.44384765625
16765,4907.74560546875
16766,6235.6708984375
16767,7013.576171875
16768,4345.1826171875
16769,8038.71630859375
16770,2220.983642578125
16771,3582.297119140625
16772,3392.945556640625
16773,2903.6748046875
16774,2876.6240234375
16775,6366.86279296875
16776,5958.6171875
16777,5997.201171875
16778,5095.95166015625
16779,7976.6689453125
16780,8287.923828125
16781,5036.8251953125
16782,5936.67724609375
16783,6672.39892578125
16784,7880.69140625
16785,5531.322265625
16786,1899.8770751953125
16787,6515.39501953125
16788,6962.67919921875
16789,6130.8662109375
16790,5648.80517578125
16791,2966.669921875
16792,10669.955078125
16793,3249.05908203125
16794,9450.5185546875
16795,4483.677734375
16796,4196.6171875
16797,7624.75048828125
16798,3438.403076171875
16799,4537.54833984375
16800,7660.84033203125
16801,2780.294921875
16802,7567.4423828125
16803,9939.2080078125
16804,6696.2666015625
16805,3225.350341796875
16806,5689.22265625
16807,3438.410400390625
16808,1780.8450927734375
16809,5079.81689453125
16810,5449.52978515625
16811,5702.2646484375
16812,5001.69775390625
16813,5054.6533203125
16814,5006.47705078125
16815,8334.9306640625
16816,5741.5341796875
16817,6231.9208984375
16818,6149.57080078125
16819,5726.96728515625
16820,5828.96533203125
16821,6622.75634765625
16822,8864.2099609375
16823,7461.7607421875
16824,7839.02197265625
16825,5703.25439453125
16826,5470.65576171875
16827,3044.6474609375
16828,5690.69580078125
16829,8901.5390625
16830,6293.83935546875
16831,7526.0224609375
16832,14488.828125
16833,3260.06982421875
16834,3723.6611328125
16835,4467.8173828125
16836,8580.6650390625
16837,9981.4921875
16838,6954.52197265625
16839,7241.35546875
16840,8185.81103515625
16841,7908.984375
16842,6952.9580078125
16843,5509.43212890625
16844,3466.28271484375
16845,4703.1787109375
16846,3496.59228515625
16847,3202.227783203125
16848,7207.521484375
16849,17036.716796875
16850,5629.515625
16851,2740.8076171875
16852,4759.82421875
16853,5221.99462890625
16854,5886.53076171875
16855,2090.72607421875
16856,7027.294921875
16857,7190.7890625
16858,3996.060302734375
16859,12077.251953125
16860,11991.9501953125
16861,2823.630859375
16862,5922.6201171875
16863,3753.932861328125
16864,3343.717041015625
16865,4587.177734375
16866,8547.5966796875
16867,3912.352294921875
16868,4658.18212890625
16869,3785.322021484375
16870,4296.99658203125
16871,4904.56787109375
16872,7499.35400390625
16873,3400.537109375
16874,7676.263671875
16875,7102.80810546875
16876,4593.03759765625
16877,3967.446533203125
16878,3922.02783203125
16879,4988.03173828125
16880,4275.01318359375
16881,9964.6943359375
16882,4030.318359375
16883,3945.031982421875
16884,7045.701171875
16885,4864.826171875
16886,5988.80419921875
16887,4311.88623046875
16888,6317.1962890625
16889,9776.6962890625
16890,6802.16357421875
16891,6012.40966796875
16892,3924.576904296875
16893,4783.70166015625
16894,5382.4287109375
16895,4014.35791015625
16896,4827.65087890625
16897,5386.02392578125
16898,9952.3876953125
16899,8268.09375
16900,4864.6474609375
16901,5878.33154296875
16902,4167.22900390625
16903,6444.51318359375
16904,4970.01708984375
16905,9653.216796875
16906,6507.04638671875
16907,5062.4658203125
16908,4422.7236328125
16909,1427.1837158203125
16910,3821.483154296875
16911,21581.060546875
16912,2543.167724609375
16913,4920.49169921875
16914,6755.81689453125
16915,7064.4794921875
16916,6889.72314453125
16917,8095.73046875
16918,5810.41455078125
16919,7642.17431640625
16920,2275.70751953125
16921,8118.32958984375
16922,3929.975830078125
16923,6909.4609375
16924,9547.265625
16925,4083.848388671875
16926,8500.0595703125
16927,6934.93359375
16928,3447.788330078125
16929,6095.18115234375
16930,7430.70068359375
16931,3236.728515625
16932,9342.99609375
16933,5774.9609375
16934,5175.12451171875
16935,8409.8642578125
16936,8073.5654296875
16937,5980.10009765625
16938,4384.244140625
16939,5226.5791015625
16940,5324.7919921875
16941,3176.04052734375
16942,6247.8916015625
16943,2702.0419921875
16944,5439.13818359375
16945,3140.238525390625
16946,5526.54345703125
16947,5660.552734375
16948,4672.9755859375
16949,5041.89306640625
16950,9587.1884765625
16951,5809.9052734375
16952,9046.7138671875
16953,5515.91357421875
16954,5905.18408203125
16955,9271.2197265625
16956,7791.013671875
16957,3609.5205078125
16958,5525.90087890625
16959,5600.09765625
16960,3672.788818359375
16961,12723.8359375
16962,5490.9365234375
16963,5650.27392578125
16964,6913.890625
16965,6486.1083984375
16966,2621.20263671875
16967,12860.986328125
16968,9143.8349609375
16969,7037.35009765625
16970,8006.71923828125
16971,7676.9130859375
16972,7512.92919921875
16973,4048.533203125
16974,4258.2099609375
16975,3828.987060546875
16976,4501.21142578125
16977,7548.849609375
16978,2767.292236328125
16979,7867.7587890625
16980,7236.74609375
16981,4859.61572265625
16982,7535.4228515625
16983,4986.99853515625
16984,8510.181640625
16985,4047.36962890625
16986,5121.10498046875
16987,4775.421875
16988,4454.650390625
16989,6250.86865234375
16990,6137.83251953125
16991,7850.6689453125
16992,6205.470703125
16993,4457.232421875
16994,6284.13037109375
16995,6641.22119140625
16996,7399.05126953125
16997,3099.564453125
16998,4973.66357421875
16999,9369.4404296875
17000,6651.5732421875
17001,0.0
17002,7789.3486328125
17003,6744.92724609375
17004,5968.02294921875
17005,4998.37109375
17006,2441.23388671875
17007,6561.64208984375
17008,6268.01220703125
17009,5244.169921875
17010,9264.6455078125
17011,5742.48291015625
17012,3639.473388671875
17013,6153.21484375
17014,3779.81640625
17015,845.9833374023438
17016,6658.41357421875
17017,7942.93896484375
17018,5447.26025390625
17019,4561.35693359375
17020,3109.4853515625
17021,5106.984375
17022,6626.6875
17023,6268.14013671875
17024,8644.26953125
17025,4045.987060546875
17026,5293.4599609375
17027,3440.773681640625
17028,6332.80322265625
17029,3407.87744140625
17030,2616.831298828125
17031,4197.0087890625
17032,4409.52392578125
17033,6415.99462890625
17034,4866.87353515625
17035,5216.3369140625
17036,5362.20361328125
17037,8455.8720703125
17038,5416.54345703125
17039,3103.227783203125
17040,11846.23046875
17041,7267.42333984375
17042,6601.9921875
17043,1723.7476806640625
17044,7246.86328125
17045,5075.7890625
17046,4794.16650390625
17047,8546.2578125
17048,8132.29052734375
17049,6690.82666015625
17050,6644.5166015625
17051,6316.953125
17052,7726.24951171875
17053,12548.8369140625
17054,4278.7802734375
17055,4073.02099609375
17056,4685.35986328125
17057,5350.22705078125
17058,5754.212890625
17059,8108.81103515625
17060,5633.54541015625
17061,6619.79541015625
17062,3001.697265625
17063,6602.52685546875
17064,7502.42333984375
17065,3612.70361328125
17066,6900.111328125
17067,3243.282470703125
17068,6858.46630859375
17069,5683.8544921875
17070,5189.46435546875
17071,6210.08740234375
17072,3575.277099609375
17073,4913.58544921875
17074,6998.2666015625
17075,5291.958984375
17076,8618.9267578125
17077,5390.77392578125
17078,8842.8857421875
17079,5541.82275390625
17080,3623.070556640625
17081,8089.57666015625
17082,3245.66259765625
17083,9512.8447265625
17084,5760.7236328125
17085,4971.0947265625
17086,6947.9580078125
17087,4902.466796875
17088,4219.998046875
17089,6107.099609375
17090,3259.325927734375
17091,2800.656982421875
17092,6114.12744140625
17093,6059.94873046875
17094,8703.1484375
17095,5933.33544921875
17096,5710.9423828125
17097,3383.922119140625
17098,5901.93603515625
17099,3184.1982421875
17100,10247.826171875
17101,7755.0087890625
17102,10919.958984375
17103,5763.92578125
17104,4855.134765625
17105,7987.453125
17106,7437.7919921875
17107,2967.02880859375
17108,9004.5078125
17109,4440.28564453125
17110,6688.80859375
17111,5866.783203125
17112,5307.72607421875
17113,3167.528564453125
17114,5898.8896484375
17115,3427.095947265625
17116,2239.517333984375
17117,6989.751953125
17118,5824.93212890625
17119,23023.69140625
17120,7835.5029296875
17121,4470.22119140625
17122,6304.7294921875
17123,9992.3388671875
17124,5639.3056640625
17125,6633.92333984375
17126,5631.73486328125
17127,7469.6689453125
17128,7050.2431640625
17129,4519.20068359375
17130,5155.5029296875
17131,6529.0830078125
17132,7213.07080078125
17133,7097.8154296875
17134,7790.96435546875
17135,4658.73876953125
17136,5053.23193359375
17137,5144.56982421875
17138,10192.2265625
17139,11341.921875
17140,8598.3916015625
17141,7447.8037109375
17142,5070.37109375
17143,6314.79541015625
17144,3765.065673828125
17145,8080.68798828125
17146,9086.0869140625
17147,9863.8984375
17148,5641.56591796875
17149,3889.670654296875
17150,4211.68505859375
17151,6790.27294921875
17152,9525.490234375
17153,5825.7197265625
17154,5110.78759765625
17155,5317.84912109375
17156,7014.27783203125
17157,3882.882568359375
17158,7154.2099609375
17159,4083.881103515625
17160,6636.14111328125
17161,6221.7822265625
17162,5632.81298828125
17163,8429.5048828125
17164,6607.96728515625
17165,4648.072265625
17166,6731.232421875
17167,7107.28466796875
17168,10341.890625
17169,6072.4794921875
17170,7562.3505859375
17171,9085.0732421875
17172,8964.2294921875
17173,6396.43896484375
17174,8711.2919921875
17175,4069.54296875
17176,4437.97021484375
17177,5826.94189453125
17178,6448.978515625
17179,9094.76953125
17180,7552.94970703125
17181,5415.56005859375
17182,7311.37548828125
17183,7422.01025390625
17184,8382.4599609375
17185,4427.31201171875
17186,12939.2333984375
17187,4337.62060546875
17188,6207.50048828125
17189,8584.28515625
17190,5188.18017578125
17191,6339.7724609375
17192,5865.23388671875
17193,6933.49462890625
17194,6163.69775390625
17195,5469.84423828125
17196,7380.99755859375
17197,8195.3359375
17198,7520.033203125
17199,5969.27734375
17200,7773.2294921875
17201,11774.380859375
17202,6986.95703125
17203,4749.96728515625
17204,6578.02734375
17205,6546.1689453125
17206,5759.958984375
17207,7735.37158203125
17208,4143.03125
17209,7806.03857421875
17210,5982.4228515625
17211,6998.46533203125
17212,9001.869140625
17213,6102.77587890625
17214,6068.8818359375
17215,5805.07177734375
17216,7964.5625
17217,8540.0166015625
17218,4561.06787109375
17219,4542.2236328125
17220,7583.509765625
17221,5748.62939453125
17222,5472.82421875
17223,8122.22998046875
17224,7300.509765625
17225,7538.4794921875
17226,5806.900390625
17227,5133.90625
17228,5961.30712890625
17229,7754.86865234375
17230,8202.0390625
17231,7762.1904296875
17232,8268.6220703125
17233,6107.998046875
17234,9065.0341796875
17235,5386.09375
17236,5869.54150390625
17237,8257.54296875
17238,6254.2236328125
17239,9144.025390625
17240,8001.6865234375
17241,7012.90380859375
17242,5196.5048828125
17243,7499.69873046875
17244,6760.4990234375
17245,6825.05712890625
17246,3970.65966796875
17247,5346.11767578125
17248,7193.65771484375
17249,5494.13330078125
17250,4199.26025390625
17251,7932.49755859375
17252,6518.44775390625
17253,6379.2314453125
17254,6064.67822265625
17255,5447.44970703125
17256,7062.26318359375
17257,6897.05908203125
17258,5444.041015625
17259,5593.13232421875
17260,5258.17724609375
17261,6650.41162109375
17262,2983.811767578125
17263,6441.7978515625
17264,5971.35986328125
17265,8044.2529296875
17266,7561.56787109375
17267,6527.16748046875
17268,11802.9609375
17269,4591.06787109375
17270,5331.85986328125
17271,10950.7001953125
17272,7224.46044921875
17273,8102.54736328125
17274,7639.8994140625
17275,5955.9501953125
17276,6194.30224609375
17277,5415.79736328125
17278,7955.00439453125
17279,9322.076171875
17280,6931.5556640625
17281,3456.3369140625
17282,4507.46484375
17283,7491.39599609375
17284,8843.4326171875
17285,6403.16015625
17286,6825.90478515625
17287,5342.931640625
17288,5057.42822265625
17289,3642.81787109375
17290,5081.20556640625
17291,6668.53662109375
17292,7036.4208984375
17293,6365.8154296875
17294,6675.86865234375
17295,7364.27880859375
17296,8944.4921875
17297,7705.70947265625
17298,4647.72021484375
17299,9830.3701171875
17300,10360.57421875
17301,4970.11181640625
17302,7711.501953125
17303,5710.4658203125
17304,7386.3037109375
17305,3647.46142578125
17306,7262.32421875
17307,5148.1015625
17308,8872.9990234375
17309,7653.1142578125
17310,7756.23974609375
17311,8466.607421875
17312,5506.43017578125
17313,7902.7998046875
17314,17732.966796875
17315,8757.3818359375
17316,5794.82470703125
17317,3042.661865234375
17318,6370.18798828125
17319,7843.5068359375
17320,6233.5185546875
17321,12565.404296875
17322,21415.916015625
17323,4566.6953125
17324,5449.6904296875
17325,10193.6416015625
17326,4370.79296875
17327,8111.31005859375
17328,5414.97314453125
17329,7069.62158203125
17330,6405.10986328125
17331,8185.21728515625
17332,5936.38525390625
17333,7252.24462890625
17334,9854.412109375
17335,6275.373046875
17336,6669.48681640625
17337,7165.16259765625
17338,5027.9794921875
17339,5486.71923828125
17340,8404.6611328125
17341,5778.068359375
17342,5400.57763671875
17343,6912.46728515625
17344,5930.44921875
17345,6831.88232421875
17346,6445.203125
17347,6712.43798828125
17348,8955.65625
17349,8309.8330078125
17350,8517.21875
17351,5643.10595703125
17352,4407.14453125
17353,5803.66357421875
17354,6970.8115234375
17355,5895.1884765625
17356,4773.564453125
17357,8418.564453125
17358,5727.06640625
17359,9847.5458984375
17360,6846.2646484375
17361,5001.98779296875
17362,4673.3271484375
17363,4436.26611328125
17364,8844.1943359375
17365,5586.69287109375
17366,8694.9365234375
17367,16158.05078125
17368,7628.7822265625
17369,6301.0751953125
17370,5403.14453125
17371,4978.4248046875
17372,7644.34228515625
17373,4478.48046875
17374,6223.140625
17375,10083.1767578125
17376,5625.4189453125
17377,14097.51171875
17378,12362.4306640625
17379,5554.75
17380,6985.35986328125
17381,7053.21044921875
17382,6453.1083984375
17383,6212.9521484375
17384,9883.6142578125
17385,6544.57568359375
17386,7883.54150390625
17387,5480.7529296875
17388,7470.34765625
17389,6131.8291015625
17390,7985.23486328125
17391,6183.05810546875
17392,5944.80810546875
17393,7422.1142578125
17394,7661.8447265625
17395,8560.734375
17396,9180.81640625
17397,6362.19140625
17398,9859.59375
17399,6766.46337890625
17400,9046.2333984375
17401,5297.08837890625
17402,5016.47607421875
17403,5369.78271484375
17404,8457.9384765625
17405,6651.70703125
17406,7694.65869140625
17407,6607.91796875
17408,7490.5146484375
17409,6006.59912109375
17410,8586.9443359375
17411,6710.05615234375
17412,4268.44189453125
17413,11532.677734375
17414,16726.029296875
17415,6526.84423828125
17416,7220.35791015625
17417,10218.7900390625
17418,9570.5048828125
17419,10586.74609375
17420,6413.5927734375
17421,7047.30029296875
17422,6680.4931640625
17423,8782.8017578125
17424,5065.89111328125
17425,5645.08447265625
17426,5867.435546875
17427,5215.71533203125
17428,7694.9111328125
17429,5799.08544921875
17430,4166.6435546875
17431,7189.1748046875
17432,3589.595947265625
17433,4530.080078125
17434,6761.75537109375
17435,6514.11376953125
17436,8845.052734375
17437,9423.3955078125
17438,7096.4453125
17439,7038.8701171875
17440,6509.5224609375
17441,10777.91796875
17442,5665.0673828125
17443,5712.3779296875
17444,5951.60205078125
17445,11976.8359375
17446,4120.04345703125
17447,7643.44873046875
17448,4108.36767578125
17449,5330.61767578125
17450,7081.91064453125
17451,6170.0078125
17452,5720.67431640625
17453,8979.9716796875
17454,9955.4609375
17455,11834.455078125
17456,5830.66796875
17457,9148.8349609375
17458,3314.752685546875
17459,5762.31005859375
17460,7129.2822265625
17461,4280.72509765625
17462,9150.4677734375
17463,4821.3310546875
17464,5080.8505859375
17465,8637.2978515625
17466,10317.4658203125
17467,7520.31787109375
17468,5452.251953125
17469,4809.62060546875
17470,10351.4130859375
17471,7894.18505859375
17472,5711.27294921875
17473,6264.015625
17474,7111.203125
17475,9117.21484375
17476,5092.55029296875
17477,5553.12841796875
17478,7134.552734375
17479,7886.36572265625
17480,11649.193359375
17481,6573.7861328125
17482,15065.802734375
17483,6427.40625
17484,5879.9404296875
17485,4159.78955078125
17486,6254.32275390625
17487,6323.52685546875
17488,5296.3447265625
17489,8146.65771484375
17490,6089.17138671875
17491,4833.81494140625
17492,7910.26416015625
17493,3328.751953125
17494,7457.08935546875
17495,7186.205078125
17496,7729.18896484375
17497,8766.5009765625
17498,4904.6396484375
17499,8187.1025390625
17500,6246.8671875
17501,5984.7275390625
17502,6493.85595703125
17503,5029.60009765625
17504,10721.9873046875
17505,7121.05126953125
17506,5622.220703125
17507,6855.4453125
17508,8688.6796875
17509,7326.00537109375
17510,5539.71484375
17511,8094.17724609375
17512,5515.7666015625
17513,7815.64990234375
17514,5925.7392578125
17515,8461.4404296875
17516,5856.3681640625
17517,5410.39990234375
17518,5614.29541015625
17519,5939.2373046875
17520,4659.76708984375
17521,6414.57177734375
17522,8771.5498046875
17523,8506.5537109375
17524,11293.111328125
17525,10168.525390625
17526,8145.35009765625
17527,7566.77099609375
17528,5612.0341796875
17529,9923.0576171875
17530,9815.451171875
17531,7732.31005859375
17532,7762.5810546875
17533,9253.8466796875
17534,6470.97705078125
17535,3658.13427734375
17536,8672.880859375
17537,6963.52197265625
17538,6500.9306640625
17539,5992.3955078125
17540,2388.231201171875
17541,8793.826171875
17542,6776.3369140625
17543,5900.27294921875
17544,5518.99755859375
17545,5798.703125
17546,7431.83984375
17547,6221.28466796875
17548,7306.56494140625
17549,5903.9990234375
17550,5463.97802734375
17551,4334.02490234375
17552,3475.021240234375
17553,6956.40625
17554,17007.05859375
17555,4398.9677734375
17556,6200.3662109375
17557,6703.59375
17558,5207.20703125
17559,5436.75
17560,5631.43994140625
17561,4405.87841796875
17562,8032.796875
17563,6626.9658203125
17564,4349.68359375
17565,8466.890625
17566,4752.3369140625
17567,5419.0048828125
17568,10249.6767578125
17569,6933.86865234375
17570,10415.767578125
17571,4841.4033203125
17572,6453.15869140625
17573,4845.63623046875
17574,6115.6982421875
17575,14187.068359375
17576,10316.66796875
17577,6911.501953125
17578,6190.681640625
17579,5410.33349609375
17580,7226.85205078125
17581,4837.109375
17582,8870.642578125
17583,5445.38232421875
17584,4929.94384765625
17585,6964.48486328125
17586,4492.24755859375
17587,6365.69384765625
17588,7094.7353515625
17589,6768.1083984375
17590,6693.4453125
17591,4417.64404296875
17592,5424.6357421875
17593,6803.666015625
17594,8154.89794921875
17595,8648.7841796875
17596,7001.22119140625
17597,4523.25634765625
17598,7847.4208984375
17599,5799.3740234375
17600,4431.21875
17601,7685.1982421875
17602,7549.28759765625
17603,6341.94140625
17604,5962.46484375
17605,6964.6279296875
17606,7167.4111328125
17607,6248.6005859375
17608,7474.73486328125
17609,7406.36474609375
17610,5815.240234375
17611,9195.6640625
17612,6407.73681640625
17613,5023.0517578125
17614,11557.888671875
17615,5425.0791015625
17616,4020.458251953125
17617,8979.0517578125
17618,9628.6123046875
17619,10372.2724609375
17620,5128.63916015625
17621,5897.9228515625
17622,6055.2568359375
17623,7490.4638671875
17624,5555.8037109375
17625,8232.04296875
17626,3683.885498046875
17627,5623.30859375
17628,5457.37646484375
17629,4968.01171875
17630,5061.93994140625
17631,6310.125
17632,6821.8701171875
17633,6352.06640625
17634,7028.86328125
17635,6088.9287109375
17636,8160.91650390625
17637,5192.51318359375
17638,6796.228515625
17639,6759.525390625
17640,7992.8359375
17641,8893.11328125
17642,3499.234619140625
17643,8955.576171875
17644,7709.478515625
17645,9080.501953125
17646,5089.591796875
17647,3801.954833984375
17648,8581.994140625
17649,6083.3701171875
17650,9289.6640625
17651,5988.68603515625
17652,5602.38330078125
17653,7870.99462890625
17654,5608.33544921875
17655,5138.13427734375
17656,6446.6259765625
17657,5150.53662109375
17658,9197.4736328125
17659,10184.8916015625
17660,7294.66015625
17661,5263.9970703125
17662,5294.564453125
17663,3447.39453125
17664,3270.262451171875
17665,7534.244140625
17666,5686.1943359375
17667,9755.591796875
17668,4704.1298828125
17669,6039.91845703125
17670,5917.85400390625
17671,8856.7548828125
17672,6005.99609375
17673,5979.95654296875
17674,6204.69287109375
17675,7341.8125
17676,4608.3681640625
17677,7305.07373046875
17678,9046.1142578125
17679,8707.048828125
17680,7276.26611328125
17681,7660.38427734375
17682,6072.197265625
17683,5038.53271484375
17684,5466.46875
17685,10602.375
17686,7853.6650390625
17687,8250.0234375
17688,15537.1455078125
17689,6426.87548828125
17690,4237.2685546875
17691,7109.974609375
17692,8914.2265625
17693,9446.900390625
17694,7027.69189453125
17695,7618.09619140625
17696,8663.2587890625
17697,7657.43408203125
17698,6687.517578125
17699,5652.6435546875
17700,5535.8662109375
17701,4884.716796875
17702,3883.251953125
17703,4586.1982421875
17704,8425.5791015625
17705,16891.287109375
17706,6554.8701171875
17707,4732.5390625
17708,7144.224609375
17709,5790.68994140625
17710,6540.0859375
17711,4718.9921875
17712,8568.9501953125
17713,6776.90185546875
17714,6351.30712890625
17715,13004.388671875
17716,13157.7666015625
17717,5546.2607421875
17718,7218.56005859375
17719,4449.45458984375
17720,6133.31640625
17721,5711.16552734375
17722,9015.654296875
17723,5080.794921875
17724,5401.76318359375
17725,5337.33642578125
17726,4791.97900390625
17727,7011.94384765625
17728,6491.51123046875
17729,4204.0791015625
17730,7424.96923828125
17731,8416.1123046875
17732,6235.13037109375
17733,4513.869140625
17734,4321.0048828125
17735,7581.53466796875
17736,4737.94482421875
17737,10664.9560546875
17738,4464.4931640625
17739,5441.20458984375
17740,6582.810546875
17741,5927.2177734375
17742,5111.015625
17743,5644.18115234375
17744,6304.974609375
17745,9668.51953125
17746,8262.619140625
17747,5917.6591796875
17748,4181.146484375
17749,5604.62353515625
17750,5998.537109375
17751,5661.26171875
17752,5426.06396484375
17753,5957.70751953125
17754,10171.306640625
17755,7791.65576171875
17756,6393.49560546875
17757,7343.94873046875
17758,4276.89404296875
17759,8985.8994140625
17760,4877.96728515625
17761,12248.9599609375
17762,5609.74609375
17763,5539.13037109375
17764,5607.29931640625
17765,4006.938720703125
17766,6949.36962890625
17767,19473.734375
17768,4864.59228515625
17769,5401.7890625
17770,9785.8203125
17771,7233.92822265625
17772,8886.0673828125
17773,7857.150390625
17774,6300.37353515625
17775,7265.5673828125
17776,3983.473388671875
17777,9509.7822265625
17778,5901.66357421875
17779,7049.4365234375
17780,7843.60791015625
17781,5312.87744140625
17782,7708.357421875
17783,7218.208984375
17784,4143.5224609375
17785,8596.482421875
17786,9843.208984375
17787,4800.826171875
17788,8711.91015625
17789,7003.15283203125
17790,5620.46728515625
17791,8772.8955078125
17792,7075.8818359375
17793,7820.11962890625
17794,4973.4833984375
17795,5347.36083984375
17796,6336.07861328125
17797,4549.26025390625
17798,7293.4052734375
17799,5222.6806640625
17800,6385.21923828125
17801,5269.88818359375
17802,5862.474609375
17803,6208.24853515625
17804,6673.75341796875
17805,6189.6181640625
17806,8963.8056640625
17807,5924.77099609375
17808,8863.9423828125
17809,6742.931640625
17810,8639.9326171875
17811,8586.42578125
17812,8652.9736328125
17813,4012.960693359375
17814,6201.1875
17815,6567.06591796875
17816,5564.833984375
17817,11684.1669921875
17818,5739.05908203125
17819,7609.57373046875
17820,8161.72802734375
17821,7552.81201171875
17822,4392.43310546875
17823,12463.12890625
17824,9577.5634765625
17825,5728.6640625
17826,7478.8291015625
17827,9675.87890625
17828,6663.0244140625
17829,5472.4384765625
17830,7203.5302734375
17831,5665.01611328125
17832,5318.21240234375
17833,7758.484375
17834,4477.03369140625
17835,6767.740234375
17836,7463.53564453125
17837,6060.59228515625
17838,7866.50048828125
17839,6111.19091796875
17840,6787.17626953125
17841,5032.6103515625
17842,7376.66796875
17843,6880.06689453125
17844,6637.89599609375
17845,6430.73876953125
17846,5973.009765625
17847,9135.330078125
17848,6280.62158203125
17849,5052.16650390625
17850,6268.564453125
17851,7304.93505859375
17852,7242.1396484375
17853,4358.556640625
17854,4896.212890625
17855,6874.58203125
17856,7896.76416015625
17857,5861.5693359375
17858,8187.24658203125
17859,6645.99267578125
17860,5701.78564453125
17861,5592.357421875
17862,3740.319091796875
17863,6487.25048828125
17864,7327.96484375
17865,6953.03955078125
17866,8697.4638671875
17867,7420.1533203125
17868,5083.85791015625
17869,8337.4609375
17870,4192.31396484375
17871,2490.249267578125
17872,8117.548828125
17873,9696.4521484375
17874,7216.9296875
17875,6990.68408203125
17876,4036.684814453125
17877,6601.40576171875
17878,8023.11376953125
17879,5661.5048828125
17880,7105.66748046875
17881,4757.78515625
17882,4335.67236328125
17883,5036.30712890625
17884,6332.00732421875
17885,5750.81884765625
17886,4655.9013671875
17887,4668.3349609375
17888,4818.27490234375
17889,6719.1884765625
17890,7729.19091796875
17891,5339.857421875
17892,6581.8779296875
17893,7471.470703125
17894,5771.27392578125
17895,5206.35791015625
17896,10300.7802734375
17897,7505.7958984375
17898,6119.337890625
17899,3498.864013671875
17900,12365.80078125
17901,6496.19482421875
17902,5670.5830078125
17903,7942.82666015625
17904,7526.296875
17905,7287.08837890625
17906,6131.63720703125
17907,7038.29443359375
17908,9787.642578125
17909,13153.4443359375
17910,6029.2431640625
17911,4838.0078125
17912,5112.8193359375
17913,6129.2607421875
17914,5666.14599609375
17915,7399.25439453125
17916,7829.71435546875
17917,6050.1181640625
17918,4947.6015625
17919,6163.95166015625
17920,9569.458984375
17921,5253.37353515625
17922,7542.5771484375
17923,4642.39111328125
17924,7314.6455078125
17925,6846.77294921875
17926,6990.1015625
17927,8213.0263671875
17928,6032.1923828125
17929,4936.82373046875
17930,6223.98779296875
17931,7753.35400390625
17932,9148.9765625
17933,7537.427734375
17934,7995.8857421875
17935,6277.9365234375
17936,4299.67431640625
17937,9652.5390625
17938,4431.01220703125
17939,9956.3876953125
17940,6326.19921875
17941,5203.59326171875
17942,7197.9296875
17943,6226.513671875
17944,6628.10009765625
17945,8180.7041015625
17946,4737.37548828125
17947,4572.5888671875
17948,6692.0498046875
17949,7474.57763671875
17950,9075.2099609375
17951,5732.259765625
17952,6812.4248046875
17953,5565.52734375
17954,6882.6181640625
17955,5245.59423828125
17956,10275.0625
17957,8174.77392578125
17958,10432.7744140625
17959,4466.63525390625
17960,5733.20458984375
17961,8925.6708984375
17962,9348.4599609375
17963,5058.5869140625
17964,9570.5146484375
17965,5123.2919921875
17966,6493.9716796875
17967,5415.17529296875
17968,5288.89111328125
17969,5344.07666015625
17970,5632.5947265625
17971,4859.75
17972,4725.884765625
17973,7670.5107421875
17974,6463.7314453125
17975,22190.443359375
17976,7284.72607421875
17977,3511.98388671875
17978,5571.95166015625
17979,8639.205078125
17980,5801.77294921875
17981,6273.572265625
17982,4848.25
17983,5797.0966796875
17984,5401.7490234375
17985,3616.5029296875
17986,4435.2900390625
17987,5452.048828125
17988,6363.44482421875
17989,6132.5908203125
17990,8226.455078125
17991,3751.26123046875
17992,3981.603759765625
17993,4262.009765625
17994,7644.615234375
17995,8854.8154296875
17996,7846.81689453125
17997,6621.50830078125
17998,4178.6494140625
17999,4964.0849609375
18000,3257.55126953125
18001,7025.9619140625
18002,7495.322265625
18003,8633.9033203125
18004,4525.740234375
18005,3428.21728515625
18006,3592.578369140625
18007,5039.6484375
18008,8418.0341796875
18009,4618.57177734375
18010,4337.3876953125
18011,4469.31494140625
18012,6025.75732421875
18013,3318.110595703125
18014,5980.4326171875
18015,3341.942626953125
18016,5298.95166015625
18017,5213.6787109375
18018,4858.2841796875
18019,6828.26904296875
18020,5211.35400390625
18021,4004.141845703125
18022,5918.05810546875
18023,5333.5888671875
18024,9028.3857421875
18025,4952.138671875
18026,6886.31103515625
18027,7061.39208984375
18028,7553.2822265625
18029,5743.96923828125
18030,6780.1259765625
18031,3260.294189453125
18032,4005.861328125
18033,5029.71044921875
18034,5634.7216796875
18035,7689.1962890625
18036,6316.2705078125
18037,4089.14892578125
18038,6135.1416015625
18039,5425.24169921875
18040,7426.052734375
18041,3417.3408203125
18042,11076.9619140625
18043,3421.768798828125
18044,4869.63671875
18045,6956.46875
18046,3801.577880859375
18047,4521.71484375
18048,4515.359375
18049,6278.54443359375
18050,4921.822265625
18051,4348.51171875
18052,6319.8984375
18053,6184.6044921875
18054,4454.6748046875
18055,4535.419921875
18056,6211.83056640625
18057,10464.3193359375
18058,5449.6435546875
18059,4986.28759765625
18060,4757.66796875
18061,5734.39208984375
18062,4819.21923828125
18063,6332.15478515625
18064,3234.201416015625
18065,6528.0419921875
18066,4909.3310546875
18067,5626.48779296875
18068,9105.4970703125
18069,3678.56884765625
18070,4372.30078125
18071,3381.1669921875
18072,6636.51806640625
18073,6874.40966796875
18074,3789.563232421875
18075,3691.185791015625
18076,5597.72802734375
18077,4498.99267578125
18078,4254.3466796875
18079,6249.32275390625
18080,5513.8466796875
18081,6343.1796875
18082,4696.658203125
18083,3855.842041015625
18084,4424.3623046875
18085,7209.029296875
18086,6067.9912109375
18087,6357.40185546875
18088,6630.46533203125
18089,4985.33203125
18090,8573.890625
18091,4291.1865234375
18092,4908.5634765625
18093,7253.88720703125
18094,4960.69921875
18095,8456.830078125
18096,6130.52783203125
18097,5671.333984375
18098,4618.314453125
18099,6547.92529296875
18100,5295.142578125
18101,5510.564453125
18102,3032.396484375
18103,4797.04931640625
18104,5848.72802734375
18105,4350.0830078125
18106,3228.5146484375
18107,6747.51318359375
18108,5215.82080078125
18109,5315.013671875
18110,4651.8271484375
18111,4305.5283203125
18112,6237.1201171875
18113,5789.287109375
18114,4847.25
18115,4086.761474609375
18116,4288.8544921875
18117,5709.70947265625
18118,1752.7740478515625
18119,5156.83447265625
18120,5282.74267578125
18121,6699.74755859375
18122,5969.75634765625
18123,4999.22998046875
18124,9653.1884765625
18125,3996.443359375
18126,4669.6005859375
18127,9211.818359375
18128,5131.951171875
18129,6332.31298828125
18130,6346.001953125
18131,4942.166015625
18132,5231.98291015625
18133,4484.0498046875
18134,7314.4775390625
18135,8521.70703125
18136,6657.7119140625
18137,3023.6962890625
18138,3520.462890625
18139,6377.14794921875
18140,6614.20166015625
18141,5108.86181640625
18142,5240.24560546875
18143,4205.1474609375
18144,4489.435546875
18145,2894.48046875
18146,4414.92529296875
18147,5654.791015625
18148,5644.90576171875
18149,5281.24658203125
18150,4619.4052734375
18151,6877.39111328125
18152,6855.78857421875
18153,6061.08740234375
18154,3921.800537109375
18155,8195.9267578125
18156,7407.54248046875
18157,3647.538330078125
18158,6169.95458984375
18159,4870.9892578125
18160,6048.54638671875
18161,2942.047119140625
18162,6079.9873046875
18163,3573.279296875
18164,7574.658203125
18165,5771.560546875
18166,6664.6318359375
18167,7158.50634765625
18168,4682.26171875
18169,6232.01708984375
18170,16794.828125
18171,8152.32470703125
18172,5320.85791015625
18173,1915.973388671875
18174,5403.416015625
18175,6204.92041015625
18176,5466.74072265625
18177,10955.498046875
18178,18094.341796875
18179,3226.142822265625
18180,4339.884765625
18181,9744.26953125
18182,3510.78662109375
18183,6118.7587890625
18184,4671.8466796875
18185,6439.525390625
18186,4931.61572265625
18187,6120.7333984375
18188,4452.96875
18189,6246.67529296875
18190,7800.9755859375
18191,5126.6962890625
18192,5152.02392578125
18193,6020.697265625
18194,3563.190185546875
18195,4281.533203125
18196,6333.14013671875
18197,4584.45166015625
18198,4446.017578125
18199,5510.93359375
18200,5190.90673828125
18201,5193.671875
18202,5862.84521484375
18203,5698.427734375
18204,7544.8662109375
18205,8284.77734375
18206,6969.6806640625
18207,5190.25634765625
18208,2597.943359375
18209,4872.345703125
18210,5415.98291015625
18211,4444.41357421875
18212,3744.927734375
18213,6800.5380859375
18214,5101.3544921875
18215,8366.3056640625
18216,6006.466796875
18217,4215.72607421875
18218,4186.54296875
18219,4410.06689453125
18220,7882.31591796875
18221,4165.23046875
18222,6490.75146484375
18223,13661.974609375
18224,6053.82275390625
18225,7431.04345703125
18226,4501.056640625
18227,4205.158203125
18228,5592.04150390625
18229,4004.137939453125
18230,4701.67724609375
18231,9426.05078125
18232,4497.85986328125
18233,12128.263671875
18234,11005.2646484375
18235,4482.25927734375
18236,5085.61328125
18237,6082.71142578125
18238,5460.01806640625
18239,4719.2568359375
18240,8686.6865234375
18241,5439.001953125
18242,7320.24755859375
18243,4182.9873046875
18244,6924.41064453125
18245,3872.54052734375
18246,6251.5625
18247,5156.8330078125
18248,4968.3037109375
18249,5873.208984375
18250,6060.505859375
18251,6932.84521484375
18252,8799.197265625
18253,4834.9951171875
18254,7918.2822265625
18255,5356.12451171875
18256,8091.9208984375
18257,3995.1064453125
18258,3892.52001953125
18259,4036.555908203125
18260,6700.21337890625
18261,5247.5
18262,6708.04443359375
18263,5202.88916015625
18264,6165.6728515625
18265,3361.62353515625
18266,7260.86474609375
18267,6180.17529296875
18268,3172.033447265625
18269,9944.6357421875
18270,14938.61328125
18271,4897.21142578125
18272,5383.005859375
18273,7411.19580078125
18274,8684.9052734375
18275,10400.732421875
18276,4611.39794921875
18277,6080.79638671875
18278,5166.8720703125
18279,7035.9697265625
18280,3713.278076171875
18281,5150.14306640625
18282,4475.14111328125
18283,4503.8603515625
18284,6571.24267578125
18285,4647.88427734375
18286,3551.863037109375
18287,5548.3583984375
18288,3225.524658203125
18289,3634.724365234375
18290,5787.54541015625
18291,4625.73779296875
18292,7268.5205078125
18293,7421.42919921875
18294,5970.25927734375
18295,5897.4736328125
18296,5550.43994140625
18297,10289.458984375
18298,5344.0625
18299,4242.73486328125
18300,4526.64013671875
18301,8494.515625
18302,3440.186279296875
18303,6001.5673828125
18304,3348.40087890625
18305,4280.35888671875
18306,6603.37890625
18307,4988.896484375
18308,4618.0595703125
18309,7561.14013671875
18310,8730.634765625
18311,10946.611328125
18312,5627.87646484375
18313,7704.0361328125
18314,2601.764404296875
18315,4306.189453125
18316,5156.765625
18317,3404.14404296875
18318,7208.2744140625
18319,4052.573974609375
18320,4393.5302734375
18321,7802.25537109375
18322,9148.244140625
18323,8096.0703125
18324,4316.103515625
18325,4285.60888671875
18326,10872.435546875
18327,6412.255859375
18328,5025.349609375
18329,4673.37060546875
18330,5508.7138671875
18331,7952.74072265625
18332,3592.110595703125
18333,5002.74560546875
18334,6021.09814453125
18335,6800.9951171875
18336,11240.23046875
18337,5240.32275390625
18338,13379.3642578125
18339,5871.70849609375
18340,4900.39501953125
18341,3436.04736328125
18342,4940.53076171875
18343,5257.90771484375
18344,4618.14501953125
18345,6271.74658203125
18346,4879.6962890625
18347,3601.63037109375
18348,6550.3798828125
18349,2595.27783203125
18350,5984.18310546875
18351,5618.0712890625
18352,6920.9873046875
18353,7091.00537109375
18354,4220.7333984375
18355,7565.64794921875
18356,5023.40185546875
18357,5207.677734375
18358,5072.25341796875
18359,4028.2275390625
18360,8234.16796875
18361,4857.5126953125
18362,4567.30810546875
18363,5798.62060546875
18364,6807.24169921875
18365,6032.46142578125
18366,4710.74267578125
18367,7047.9619140625
18368,4370.42822265625
18369,5730.509765625
18370,4646.35302734375
18371,6838.32275390625
18372,5260.89599609375
18373,5227.63623046875
18374,3843.122802734375
18375,4523.55419921875
18376,3703.729736328125
18377,5024.96142578125
18378,7063.5732421875
18379,8251.671875
18380,8901.8720703125
18381,8587.1484375
18382,6646.58251953125
18383,6930.93701171875
18384,5335.1689453125
18385,9412.9892578125
18386,8598.7646484375
18387,5877.0380859375
18388,7134.560546875
18389,6631.2470703125
18390,5077.5283203125
18391,2826.026123046875
18392,6921.96533203125
18393,5981.98974609375
18394,5639.931640625
18395,5307.11865234375
18396,1667.1278076171875
18397,8311.453125
18398,5304.54296875
18399,5466.45166015625
18400,4815.81298828125
18401,4264.849609375
18402,5435.3720703125
18403,5437.08984375
18404,5695.23291015625
18405,5304.30078125
18406,4247.513671875
18407,3282.4697265625
18408,2768.602294921875
18409,5653.888671875
18410,14831.1025390625
18411,3473.49365234375
18412,4925.9326171875
18413,5625.30224609375
18414,4106.24072265625
18415,4397.71337890625
18416,4469.30126953125
18417,3383.3017578125
18418,6204.22705078125
18419,5371.712890625
18420,3152.14892578125
18421,6673.8310546875
18422,3553.38623046875
18423,3891.30029296875
18424,8953.865234375
18425,5196.2978515625
18426,8586.546875
18427,4204.0869140625
18428,5383.11328125
18429,3757.14208984375
18430,4653.85888671875
18431,12926.6630859375
18432,9251.4697265625
18433,5943.18701171875
18434,4394.16162109375
18435,3958.049560546875
18436,5016.884765625
18437,4616.6435546875
18438,10059.3193359375
18439,4110.2978515625
18440,3996.984619140625
18441,5574.978515625
18442,3756.78955078125
18443,5538.91650390625
18444,6369.91748046875
18445,5827.9921875
18446,5751.2890625
18447,3559.875244140625
18448,4356.4658203125
18449,5092.9111328125
18450,6917.57861328125
18451,6876.66650390625
18452,5815.04052734375
18453,3668.3984375
18454,6361.37744140625
18455,4814.63330078125
18456,4345.60546875
18457,5683.4892578125
18458,6849.5283203125
18459,5297.26513671875
18460,5033.275390625
18461,4798.8564453125
18462,4899.3935546875
18463,4750.0732421875
18464,6181.48046875
18465,5695.83544921875
18466,5002.8193359375
18467,8122.22265625
18468,5192.89892578125
18469,3722.474853515625
18470,9633.2099609375
18471,4665.2314453125
18472,3238.1953125
18473,6255.50732421875
18474,8004.3544921875
18475,8626.7119140625
18476,4294.822265625
18477,4754.42333984375
18478,4574.6142578125
18479,6296.849609375
18480,4555.744140625
18481,6736.970703125
18482,3016.5849609375
18483,3848.105712890625
18484,4400.89453125
18485,4068.335693359375
18486,3634.37255859375
18487,5262.43798828125
18488,5348.3291015625
18489,5297.7197265625
18490,6460.4921875
18491,5237.474609375
18492,6707.373046875
18493,4293.0810546875
18494,5827.17822265625
18495,5309.7724609375
18496,6943.203125
18497,6327.75390625
18498,4216.0703125
18499,7600.22607421875
18500,6354.619140625
18501,7157.7255859375
18502,4268.7412109375
18503,3270.957763671875
18504,7027.341796875
18505,5240.416015625
18506,7933.3505859375
18507,4936.89404296875
18508,4580.6748046875
18509,6017.373046875
18510,5035.2021484375
18511,4591.09033203125
18512,5169.35498046875
18513,4701.52880859375
18514,8176.6337890625
18515,7557.955078125
18516,6234.6044921875
18517,3992.931396484375
18518,4453.33984375
18519,3349.79833984375
18520,3124.744384765625
18521,5695.62158203125
18522,4567.72607421875
18523,7710.43212890625
18524,3859.956298828125
18525,5078.35009765625
18526,5292.23583984375
18527,7200.912109375
18528,4154.7802734375
18529,4684.34912109375
18530,5175.50390625
18531,6247.84765625
18532,3845.8349609375
18533,5735.6328125
18534,6751.71923828125
18535,7311.41845703125
18536,6151.998046875
18537,6620.77294921875
18538,5211.31591796875
18539,3815.5908203125
18540,4416.4443359375
18541,8363.8642578125
18542,6448.56005859375
18543,8387.2275390625
18544,13777.3037109375
18545,4556.4765625
18546,3542.7431640625
18547,5250.66650390625
18548,7572.03125
18549,7781.3984375
18550,5653.76953125
18551,6556.6455078125
18552,6979.6328125
18553,5791.12158203125
18554,5378.58642578125
18555,4187.751953125
18556,4166.1435546875
18557,4260.6357421875
18558,3357.15673828125
18559,3629.916259765625
18560,6677.9111328125
18561,14319.974609375
18562,5761.43896484375
18563,4479.607421875
18564,5480.6630859375
18565,3930.3779296875
18566,5806.5078125
18567,3821.459228515625
18568,8298.064453125
18569,5562.00732421875
18570,5314.93115234375
18571,10432.3017578125
18572,11004.4228515625
18573,5035.79931640625
18574,6135.8115234375
18575,3814.790283203125
18576,4830.1494140625
18577,4784.31396484375
18578,7278.95751953125
18579,4083.055908203125
18580,3554.798583984375
18581,4146.45849609375
18582,3970.0263671875
18583,5269.1181640625
18584,5186.95166015625
18585,3571.914306640625
18586,6155.25830078125
18587,6778.04150390625
18588,5228.63525390625
18589,3448.1328125
18590,2945.88427734375
18591,7396.44970703125
18592,3183.659912109375
18593,8548.5537109375
18594,3342.588134765625
18595,4665.166015625
18596,5621.1455078125
18597,5112.62060546875
18598,4385.544921875
18599,4734.3115234375
18600,5135.17724609375
18601,7557.44189453125
18602,7162.45068359375
18603,4707.1552734375
18604,3700.96875
18605,4552.0693359375
18606,4575.486328125
18607,4247.04052734375
18608,4434.4384765625
18609,4885.09814453125
18610,8695.470703125
18611,6023.0654296875
18612,5370.57421875
18613,6325.28076171875
18614,2911.50439453125
18615,7888.66748046875
18616,4160.91796875
18617,10749.7265625
18618,5254.5400390625
18619,4211.56201171875
18620,4052.7685546875
18621,3028.11474609375
18622,5716.0244140625
18623,17025.798828125
18624,3853.188720703125
18625,4182.7900390625
18626,7326.9248046875
18627,5292.13671875
18628,9445.181640625
18629,6751.21484375
18630,4871.2216796875
18631,5885.04541015625
18632,3878.57177734375
18633,8290.8818359375
18634,4969.0830078125
18635,6215.67578125
18636,6849.68505859375
18637,3821.1953125
18638,6452.74658203125
18639,5649.45263671875
18640,3558.016845703125
18641,7427.44580078125
18642,8487.8876953125
18643,4015.563720703125
18644,7453.07177734375
18645,5392.78955078125
18646,4929.66796875
18647,7335.00537109375
18648,5873.376953125
18649,6255.5048828125
18650,3944.503662109375
18651,4006.902587890625
18652,6221.67919921875
18653,3499.600830078125
18654,6605.84765625
18655,3298.328857421875
18656,5548.42431640625
18657,4323.61962890625
18658,5038.9140625
18659,5482.86767578125
18660,6303.6357421875
18661,5075.79345703125
18662,7052.48583984375
18663,4962.8671875
18664,6561.7978515625
18665,5848.00830078125
18666,6326.27880859375
18667,8123.7294921875
18668,7448.30078125
18669,2979.948974609375
18670,4978.7041015625
18671,6195.3388671875
18672,4415.576171875
18673,10355.8828125
18674,4496.0751953125
18675,6672.53564453125
18676,7011.978515625
18677,6764.56494140625
18678,3457.661865234375
18679,10353.275390625
18680,8387.1318359375
18681,5348.224609375
18682,6268.0087890625
18683,8468.83203125
18684,5213.68701171875
18685,4036.518310546875
18686,5336.93408203125
18687,4617.21337890625
18688,3692.37451171875
18689,5908.35986328125
18690,3707.3525390625
18691,5697.92333984375
18692,5789.8330078125
18693,5038.2333984375
18694,6093.95654296875
18695,5620.970703125
18696,5752.48193359375
18697,4794.91650390625
18698,6390.404296875
18699,5360.6611328125
18700,5696.5751953125
18701,5583.552734375
18702,4820.9189453125
18703,7866.52099609375
18704,4397.685546875
18705,4596.447265625
18706,5110.1083984375
18707,6616.33984375
18708,5767.56591796875
18709,3849.664306640625
18710,3919.807861328125
18711,6557.763671875
18712,6810.4091796875
18713,4831.40625
18714,6105.04541015625
18715,5097.376953125
18716,5005.076171875
18717,4370.21923828125
18718,3262.294677734375
18719,5720.5966796875
18720,5886.09033203125
18721,5112.01025390625
18722,7719.947265625
18723,6111.20556640625
18724,4185.07421875
18725,8035.5732421875
18726,3740.644287109375
18727,2395.813720703125
18728,6490.970703125
18729,8332.5322265625
18730,6259.51220703125
18731,5489.33740234375
18732,3347.30810546875
18733,5132.35888671875
18734,5922.583984375
18735,4917.1396484375
18736,5688.13037109375
18737,3458.013916015625
18738,4543.83984375
18739,4372.361328125
18740,4650.8720703125
18741,4461.24951171875
18742,3792.0205078125
18743,3431.401123046875
18744,3969.102294921875
18745,5742.3203125
18746,6336.15966796875
18747,4125.09033203125
18748,5545.9658203125
18749,5736.5126953125
18750,5551.94677734375
18751,4365.3330078125
18752,7994.40966796875
18753,6339.6455078125
18754,4755.4130859375
18755,2642.18017578125
18756,9970.2724609375
18757,4919.423828125
18758,4181.279296875
18759,6713.0869140625
18760,6349.7490234375
18761,6112.4306640625
18762,4932.65234375
18763,6021.44384765625
18764,6886.392578125
18765,10738.134765625
18766,4197.44384765625
18767,3570.38525390625
18768,4319.794921875
18769,5923.3525390625
18770,4606.91845703125
18771,6782.9228515625
18772,6276.26953125
18773,4960.25146484375
18774,3677.57763671875
18775,4846.04833984375
18776,10325.5234375
18777,3998.45556640625
18778,6443.6962890625
18779,5437.36572265625
18780,5602.7998046875
18781,5794.31884765625
18782,6105.78076171875
18783,6676.4287109375
18784,5094.46435546875
18785,3859.28076171875
18786,5275.0478515625
18787,5703.65576171875
18788,7331.6572265625
18789,6026.1025390625
18790,6648.3984375
18791,5114.3037109375
18792,3885.355224609375
18793,8124.384765625
18794,3641.005126953125
18795,8240.7392578125
18796,5039.66845703125
18797,3849.132080078125
18798,5841.2666015625
18799,5527.5107421875
18800,6431.9501953125
18801,7434.48681640625
18802,4070.953857421875
18803,3618.66162109375
18804,5637.3818359375
18805,6314.9375
18806,7650.90966796875
18807,3997.0205078125
18808,5228.74609375
18809,4843.9169921875
18810,5616.61865234375
18811,4974.64990234375
18812,8157.3955078125
18813,7046.00439453125
18814,9385.3193359375
18815,3653.072265625
18816,4624.75732421875
18817,8188.6875
18818,8343.130859375
18819,3976.837158203125
18820,8800.1650390625
18821,4061.400146484375
18822,5313.6845703125
18823,3924.829345703125
18824,4158.755859375
18825,4462.76904296875
18826,4515.89404296875
18827,3457.742919921875
18828,3635.3544921875
18829,6745.82958984375
18830,6377.35009765625
18831,20771.912109375
18832,5444.705078125
18833,3381.400390625
18834,5341.3017578125
18835,7834.53955078125
18836,4744.119140625
18837,5859.07373046875
18838,4246.91259765625
18839,6052.57861328125
18840,6110.99462890625
18841,4056.48779296875
18842,4290.40087890625
18843,5245.8720703125
18844,5864.99169921875
18845,5663.8515625
18846,7487.9306640625
18847,3651.423828125
18848,3332.43603515625
18849,3969.57470703125
18850,7892.7294921875
18851,9052.630859375
18852,6746.64501953125
18853,6159.9912109375
18854,3738.690185546875
18855,4752.73681640625
18856,3270.77001953125
18857,6860.19384765625
18858,7241.4970703125
18859,8877.552734375
18860,4344.3876953125
18861,3261.4052734375
18862,3782.16259765625
18863,4668.4560546875
18864,8838.4248046875
18865,4521.36474609375
18866,3803.74072265625
18867,4473.02099609375
18868,6103.1513671875
18869,2614.71826171875
18870,5999.9013671875
18871,3161.1767578125
18872,4659.216796875
18873,4368.9873046875
18874,4279.8505859375
18875,6329.5078125
18876,4881.31640625
18877,4450.7763671875
18878,5799.99072265625
18879,5182.52734375
18880,7688.0908203125
18881,4362.43505859375
18882,6510.1298828125
18883,6992.62060546875
18884,7181.66796875
18885,5202.818359375
18886,6405.90283203125
18887,2890.1884765625
18888,3938.9814453125
18889,5241.6064453125
18890,5223.42138671875
18891,7214.97802734375
18892,5747.5224609375
18893,3995.332763671875
18894,5302.66748046875
18895,5605.416015625
18896,6559.1279296875
18897,3722.40380859375
18898,11457.3447265625
18899,3462.726806640625
18900,4979.80517578125
18901,6959.85302734375
18902,4039.22119140625
18903,4360.8232421875
18904,4318.53955078125
18905,5833.9599609375
18906,4414.71826171875
18907,4000.393798828125
18908,6201.8447265625
18909,5647.51513671875
18910,4396.353515625
18911,4344.734375
18912,6026.9189453125
18913,9706.8330078125
18914,5179.12939453125
18915,4555.3662109375
18916,4563.2177734375
18917,5550.3330078125
18918,4591.9697265625
18919,5976.5859375
18920,3265.33349609375
18921,6083.50341796875
18922,5118.0068359375
18923,5414.18896484375
18924,8804.7548828125
18925,3896.434814453125
18926,4617.0009765625
18927,3439.317138671875
18928,6282.580078125
18929,6760.94775390625
18930,3546.460693359375
18931,3853.461669921875
18932,4929.060546875
18933,4186.33984375
18934,3983.274169921875
18935,5919.869140625
18936,5742.091796875
18937,6143.91552734375
18938,4332.37158203125
18939,4177.39208984375
18940,4353.736328125
18941,6644.833984375
18942,6126.68603515625
18943,6017.92138671875
18944,6471.33447265625
18945,4624.591796875
18946,7970.25244140625
18947,4557.17138671875
18948,4928.86279296875
18949,6634.31591796875
18950,4481.494140625
18951,8195.302734375
18952,6530.88232421875
18953,5137.4765625
18954,4209.60205078125
18955,6400.41357421875
18956,4874.12548828125
18957,4924.333984375
18958,2667.85986328125
18959,4428.861328125
18960,6097.208984375
18961,4225.7744140625
18962,3103.58349609375
18963,6371.02587890625
18964,5258.19091796875
18965,5050.3134765625
18966,4238.53759765625
18967,4142.46240234375
18968,5870.55615234375
18969,5048.18505859375
18970,4556.9736328125
18971,3674.514892578125
18972,4336.27587890625
18973,5393.64306640625
18974,1746.04052734375
18975,4792.2822265625
18976,4917.740234375
18977,6465.21044921875
18978,5855.8330078125
18979,4966.3173828125
18980,9496.146484375
18981,4512.1865234375
18982,4329.70556640625
18983,8669.96484375
18984,5056.86181640625
18985,5911.61669921875
18986,6115.6103515625
18987,4393.0478515625
18988,4823.77099609375
18989,4172.95263671875
18990,6379.65185546875
18991,8589.716796875
18992,5845.46533203125
18993,2678.685791015625
18994,4211.1083984375
18995,6281.7685546875
18996,6646.65576171875
18997,4675.23095703125
18998,5234.40087890625
18999,3918.329833984375
19000,4135.23974609375
19001,3156.40380859375
19002,4433.330078125
19003,5144.06591796875
19004,5318.0478515625
19005,5226.7275390625
19006,5362.8505859375
19007,6603.84521484375
19008,6193.9208984375
19009,5770.68896484375
19010,3726.3427734375
19011,7869.29833984375
19012,7460.45458984375
19013,3452.50732421875
19014,5999.041015625
19015,4612.21142578125
19016,6128.517578125
19017,2259.394287109375
19018,5912.27587890625
19019,3584.04736328125
19020,7596.6259765625
19021,5596.5029296875
19022,5983.4609375
19023,6739.2314453125
19024,4433.55224609375
19025,6245.93310546875
19026,16359.626953125
19027,7745.35205078125
19028,5219.92626953125
19029,2176.831787109375
19030,5207.27294921875
19031,6052.4345703125
19032,4707.513671875
19033,10480.01171875
19034,17700.76953125
19035,3243.729736328125
19036,4227.44384765625
19037,7692.1708984375
19038,3702.560302734375
19039,6307.1533203125
19040,4031.245849609375
19041,5978.6826171875
19042,5060.9482421875
19043,6031.283203125
19044,4637.89892578125
19045,5938.203125
19046,7241.55615234375
19047,4510.57080078125
19048,4763.1259765625
19049,5639.0830078125
19050,3540.958740234375
19051,4141.455078125
19052,6378.41943359375
19053,4339.0830078125
19054,4127.02197265625
19055,5543.984375
19056,4753.33447265625
19057,4885.56103515625
19058,6009.2509765625
19059,5437.59521484375
19060,6673.24462890625
19061,8374.375
19062,6319.39501953125
19063,4794.9990234375
19064,2596.6533203125
19065,4623.4833984375
19066,5154.76123046875
19067,4669.65771484375
19068,3639.069580078125
19069,6547.92919921875
19070,4647.37451171875
19071,7745.85009765625
19072,5677.578125
19073,3740.11767578125
19074,3572.950927734375
19075,4023.38720703125
19076,6992.5478515625
19077,3565.313720703125
19078,6009.3720703125
19079,12167.6142578125
19080,5790.75390625
19081,5675.6044921875
19082,3925.461669921875
19083,4150.13525390625
19084,5117.72412109375
19085,3589.34228515625
19086,4806.80859375
19087,8041.732421875
19088,3955.244140625
19089,11784.6083984375
19090,10703.1005859375
19091,4432.65283203125
19092,5364.755859375
19093,5499.76806640625
19094,5335.32763671875
19095,4719.4228515625
19096,8213.15625
19097,4875.06982421875
19098,6949.49560546875
19099,3846.096923828125
19100,6946.921875
19101,3741.35205078125
19102,6195.9462890625
19103,4985.18994140625
19104,4774.77880859375
19105,5328.376953125
19106,5656.40673828125
19107,6858.064453125
19108,7989.27734375
19109,4601.8427734375
19110,8036.380859375
19111,5008.67431640625
19112,8123.3271484375
19113,3834.764892578125
19114,3970.505126953125
19115,3718.03857421875
19116,6879.974609375
19117,4899.146484375
19118,5422.7861328125
19119,5121.58544921875
19120,6054.361328125
19121,3452.6259765625
19122,6873.14990234375
19123,5876.97021484375
19124,2891.6708984375
19125,10255.646484375
19126,13879.3603515625
19127,4608.29150390625
19128,5542.64697265625
19129,6985.390625
19130,8328.5302734375
19131,9392.537109375
19132,4024.451416015625
19133,6040.705078125
19134,4856.8916015625
19135,5943.1884765625
19136,3619.177734375
19137,4938.51171875
19138,4550.41015625
19139,4306.5732421875
19140,6627.3037109375
19141,4679.3720703125
19142,3255.49462890625
19143,5310.17236328125
19144,2937.353759765625
19145,3365.27978515625
19146,5257.0087890625
19147,5084.646484375
19148,6830.12646484375
19149,6752.2255859375
19150,5777.40185546875
19151,5099.07275390625
19152,5046.68212890625
19153,8742.451171875
19154,4991.763671875
19155,4067.451904296875
19156,4151.18212890625
19157,8200.04296875
19158,3803.164306640625
19159,5708.26904296875
19160,3400.8134765625
19161,4604.044921875
19162,5228.52392578125
19163,3891.532958984375
19164,4145.736328125
19165,7210.95068359375
19166,7820.88232421875
19167,10642.49609375
19168,4940.3974609375
19169,6952.361328125
19170,2959.02490234375
19171,3922.43359375
19172,4986.67041015625
19173,2803.01513671875
19174,7180.9580078125
19175,3499.513671875
19176,4438.50048828125
19177,7670.93017578125
19178,8694.1484375
19179,7131.1025390625
19180,3492.954345703125
19181,3308.88037109375
19182,11236.708984375
19183,6598.833984375
19184,4596.15771484375
19185,4080.047607421875
19186,5626.0341796875
19187,7363.31787109375
19188,3672.107666015625
19189,5015.0322265625
19190,5854.580078125
19191,6779.2421875
19192,10683.6337890625
19193,5100.53759765625
19194,13393.328125
19195,4893.76953125
19196,4167.60546875
19197,3089.33544921875
19198,5294.22705078125
19199,4618.50341796875
19200,4297.98828125
19201,5904.7626953125
19202,4220.1650390625
19203,3180.612060546875
19204,5635.2685546875
19205,2840.49951171875
19206,5848.5712890625
19207,5056.62841796875
19208,6022.9580078125
19209,6721.2451171875
19210,3314.768798828125
19211,7453.34130859375
19212,5012.72119140625
19213,5203.51123046875
19214,4846.73046875
19215,4707.1474609375
19216,7596.525390625
19217,4781.46240234375
19218,4401.01611328125
19219,6073.73193359375
19220,6492.69140625
19221,5573.693359375
19222,4444.96875
19223,7050.2451171875
19224,4488.310546875
19225,5744.1513671875
19226,4836.59765625
19227,6479.69970703125
19228,3923.556640625
19229,4576.44482421875
19230,3853.746826171875
19231,4560.42333984375
19232,3322.717041015625
19233,4717.5615234375
19234,6387.953125
19235,7251.66943359375
19236,8737.1572265625
19237,8395.66796875
19238,6126.9345703125
19239,6935.1123046875
19240,4001.068359375
19241,9584.509765625
19242,8339.0576171875
19243,5563.419921875
19244,6903.412109375
19245,6404.9541015625
19246,4823.28076171875
19247,2966.557861328125
19248,6887.91845703125
19249,5583.55859375
19250,5669.5986328125
19251,4808.1201171875
19252,1855.470703125
19253,8047.41162109375
19254,5273.265625
19255,5194.5
19256,3982.0166015625
19257,4206.47705078125
19258,5220.22021484375
19259,5366.42138671875
19260,5023.1982421875
19261,5229.37109375
19262,3998.047607421875
19263,3720.939697265625
19264,2229.887451171875
19265,5503.205078125
19266,14608.1611328125
19267,3149.934326171875
19268,4722.60888671875
19269,5556.48779296875
19270,3448.197021484375
19271,4428.52392578125
19272,4026.19287109375
19273,3529.489990234375
19274,5750.3837890625
19275,5180.5712890625
19276,3023.39306640625
19277,6464.494140625
19278,2900.41748046875
19279,3506.448486328125
19280,8767.8359375
19281,5320.80224609375
19282,8214.259765625
19283,4059.233154296875
19284,4946.052734375
19285,3504.64892578125
19286,4296.37255859375
19287,13777.384765625
19288,8792.6259765625
19289,5300.5078125
19290,4453.6513671875
19291,3777.63037109375
19292,4448.68896484375
19293,3971.954833984375
19294,7731.03857421875
19295,4184.74560546875
19296,4401.33984375
19297,5230.6494140625
19298,3582.528076171875
19299,5204.2548828125
19300,5331.8251953125
19301,5336.96337890625
19302,5257.5185546875
19303,3700.78271484375
19304,4524.75390625
19305,5079.81982421875
19306,6507.64501953125
19307,6337.97216796875
19308,5512.1328125
19309,3666.718994140625
19310,6141.75
19311,4899.1728515625
19312,4036.114990234375
19313,4960.0615234375
19314,6383.19873046875
19315,5219.142578125
19316,4958.41796875
19317,4599.9287109375
19318,4643.90625
19319,4220.072265625
19320,5734.33056640625
19321,5223.55419921875
19322,4410.66455078125
19323,7966.9599609375
19324,4707.6396484375
19325,3790.225341796875
19326,9324.1484375
19327,4550.70166015625
19328,3464.786865234375
19329,5717.34228515625
19330,7822.412109375
19331,8277.982421875
19332,4208.89501953125
19333,4164.30712890625
19334,4567.05517578125
19335,6465.5869140625
19336,4355.47412109375
19337,6478.654296875
19338,2276.165283203125
19339,4131.54052734375
19340,4430.96533203125
19341,4029.199462890625
19342,3507.114990234375
19343,5144.62841796875
19344,5072.86083984375
19345,5316.67529296875
19346,6289.84716796875
19347,5119.08984375
19348,6277.171875
19349,4010.76220703125
19350,5303.470703125
19351,5125.62451171875
19352,6367.7841796875
19353,6017.29541015625
19354,2471.7626953125
19355,7576.74853515625
19356,5612.3896484375
19357,7032.15380859375
19358,4075.917236328125
19359,2836.956787109375
19360,6377.89892578125
19361,4931.35693359375
19362,7867.93017578125
19363,4354.97900390625
19364,4631.27734375
19365,5359.609375
19366,4741.44140625
19367,3763.572998046875
19368,5256.177734375
19369,4166.71435546875
19370,7435.83935546875
19371,7468.32763671875
19372,6123.9248046875
19373,3779.589599609375
19374,4120.970703125
19375,2760.297119140625
19376,3022.930419921875
19377,5177.0205078125
19378,4041.09521484375
19379,7325.431640625
19380,3388.09423828125
19381,4368.65869140625
19382,4643.95263671875
19383,7238.50244140625
19384,3830.2451171875
19385,4286.791015625
19386,4817.87841796875
19387,5929.98779296875
19388,3646.123046875
19389,5748.62841796875
19390,6175.80224609375
19391,6771.37548828125
19392,5705.31640625
19393,6116.26611328125
19394,4401.181640625
19395,3697.362548828125
19396,3793.428466796875
19397,8269.0107421875
19398,6542.61328125
19399,7634.87158203125
19400,13265.4873046875
19401,4055.805419921875
19402,3532.39501953125
19403,4910.96923828125
19404,7124.177734375
19405,7288.1201171875
19406,5346.90478515625
19407,5886.49169921875
19408,6642.32568359375
19409,5782.25537109375
19410,4933.07861328125
19411,4017.269775390625
19412,3823.409912109375
19413,3698.318359375
19414,3481.21484375
19415,3274.450927734375
19416,6250.43701171875
19417,13913.7568359375
19418,5496.33154296875
19419,4037.263427734375
19420,5767.8623046875
19421,3590.9208984375
19422,5211.17626953125
19423,3380.762939453125
19424,7350.70751953125
19425,5382.20068359375
19426,4874.0185546875
19427,10241.99609375
19428,11324.228515625
19429,4913.3271484375
19430,5781.720703125
19431,3447.230712890625
19432,4835.64892578125
19433,4857.8740234375
19434,6722.57470703125
19435,4219.03076171875
19436,3433.049072265625
19437,3882.485595703125
19438,4104.81640625
19439,5156.00830078125
19440,5135.43212890625
19441,3520.311279296875
19442,5693.9345703125
19443,6597.3427734375
19444,5174.8515625
19445,3486.1630859375
19446,3228.23486328125
19447,6812.580078125
19448,3153.05419921875
19449,8464.6318359375
19450,2849.920654296875
19451,3488.94482421875
19452,5253.15576171875
19453,4370.30859375
19454,4146.69384765625
19455,4012.716064453125
19456,4992.244140625
19457,7543.81591796875
19458,7249.337890625
19459,4565.90087890625
19460,3230.45361328125
19461,4501.6865234375
19462,4783.6591796875
19463,4206.45703125
19464,4176.38720703125
19465,4728.0263671875
19466,8767.7158203125
19467,5597.25
19468,5171.3203125
19469,6845.72607421875
19470,3044.9814453125
19471,7629.39013671875
19472,3812.77099609375
19473,10571.525390625
19474,4655.05419921875
19475,4089.415283203125
19476,4240.86669921875
19477,2858.8203125
19478,5659.427734375
19479,16850.37890625
19480,3849.852783203125
19481,3970.8388671875
19482,7062.7255859375
19483,5479.7763671875
19484,8953.6787109375
19485,6444.5859375
19486,4639.42431640625
19487,5469.62939453125
19488,3537.260498046875
19489,8165.33203125
19490,4611.81396484375
19491,5592.107421875
19492,6796.9013671875
19493,3667.998046875
19494,6460.45068359375
19495,5227.9921875
19496,3502.793701171875
19497,6735.44287109375
19498,7784.94873046875
19499,3761.846923828125
19500,6935.9453125
19501,5025.8916015625
19502,4390.16259765625
19503,6810.22802734375
19504,5474.34716796875
19505,5947.25927734375
19506,3650.621337890625
19507,4012.788330078125
19508,6222.29150390625
19509,2748.3017578125
19510,6208.7763671875
19511,3408.230224609375
19512,5195.74462890625
19513,4309.40576171875
19514,5005.6357421875
19515,5667.0849609375
19516,5995.77490234375
19517,4215.1572265625
19518,6358.90234375
19519,4500.27392578125
19520,6763.70751953125
19521,5570.35693359375
19522,6810.21923828125
19523,7486.39697265625
19524,6830.109375
19525,2975.162109375
19526,4814.732421875
19527,5675.8583984375
19528,4774.8984375
19529,9553.140625
19530,4403.9873046875
19531,6496.2490234375
19532,6429.05322265625
19533,6090.9873046875
19534,3325.6337890625
19535,10859.7744140625
19536,8099.703125
19537,5000.62255859375
19538,6021.1806640625
19539,7530.5546875
19540,4617.32421875
19541,4572.74609375
19542,5443.43994140625
19543,4384.9189453125
19544,3669.830078125
19545,5798.47021484375
19546,3475.085693359375
19547,5921.55029296875
19548,5614.57666015625
19549,4936.48095703125
19550,5848.3046875
19551,5510.03076171875
19552,5508.40869140625
19553,4297.7275390625
19554,5778.943359375
19555,5317.61328125
19556,4853.48486328125
19557,5712.61474609375
19558,4546.36767578125
19559,7265.02490234375
19560,4305.6767578125
19561,4142.322265625
19562,4034.85400390625
19563,6275.09521484375
19564,5635.26611328125
19565,3698.10205078125
19566,3677.675048828125
19567,6545.9775390625
19568,6706.98974609375
19569,4507.220703125
19570,5947.95751953125
19571,5451.10595703125
19572,5105.61767578125
19573,4153.8017578125
19574,2852.166015625
19575,5486.29345703125
19576,5575.37939453125
19577,4673.66162109375
19578,7936.3310546875
19579,6807.65478515625
19580,4341.8525390625
19581,6974.0341796875
19582,3636.965087890625
19583,2050.401611328125
19584,6086.36962890625
19585,9078.546875
19586,5355.91748046875
19587,5495.20703125
19588,2910.153076171875
19589,5196.1328125
19590,5688.86474609375
19591,5121.8740234375
19592,5726.943359375
19593,3249.9736328125
19594,4120.357421875
19595,4220.17822265625
19596,4481.2958984375
19597,4543.83984375
19598,3507.794189453125
19599,3127.840087890625
19600,3920.894287109375
19601,5582.51171875
19602,6157.5263671875
19603,3735.974609375
19604,5369.818359375
19605,5605.81689453125
19606,4435.712890625
19607,4071.771484375
19608,7524.572265625
19609,6537.01611328125
19610,4127.9560546875
19611,2617.97021484375
19612,9719.646484375
19613,4424.611328125
19614,3916.555419921875
19615,5847.6748046875
19616,6535.08935546875
19617,6016.31787109375
19618,4696.09912109375
19619,5769.9853515625
19620,7357.7861328125
19621,10963.5126953125
19622,4239.30029296875
19623,3639.21875
19624,4044.191650390625
19625,5027.666015625
19626,4358.0166015625
19627,7108.38037109375
19628,6038.41455078125
19629,4793.802734375
19630,3366.37255859375
19631,4198.23291015625
19632,8836.4697265625
19633,3818.2275390625
19634,5636.60888671875
19635,5473.13330078125
19636,5017.1181640625
19637,5754.77294921875
19638,6139.0361328125
19639,6587.82177734375
19640,4764.5869140625
19641,3308.130615234375
19642,5148.984375
19643,5688.35498046875
19644,6757.05078125
19645,5969.8779296875
19646,6327.17138671875
19647,4592.5439453125
19648,3377.572021484375
19649,8127.29638671875
19650,3672.305419921875
19651,8125.912109375
19652,4688.5556640625
19653,3516.15185546875
19654,5709.09375
19655,4784.4345703125
19656,6665.3662109375
19657,7303.10302734375
19658,3813.535400390625
19659,3374.426513671875
19660,5216.47998046875
19661,5889.6728515625
19662,7976.2626953125
19663,4303.6669921875
19664,4535.859375
19665,4995.9228515625
19666,4827.51318359375
19667,5255.74609375
19668,7985.32080078125
19669,6616.74365234375
19670,9059.126953125
19671,3444.447998046875
19672,4421.14208984375
19673,7645.28271484375
19674,8293.81640625
19675,3820.961181640625
19676,8132.23291015625
19677,4095.1337890625
19678,4962.06298828125
19679,3756.864990234375
19680,4200.8125
19681,4625.24853515625
19682,4253.10791015625
19683,3560.862060546875
19684,3684.12060546875
19685,6262.55224609375
19686,6123.77783203125
19687,20714.6875
19688,4463.015625
19689,3387.562744140625
19690,5380.5361328125
19691,8608.1640625
19692,4933.12451171875
19693,6265.33837890625
19694,4720.42529296875
19695,5220.18310546875
19696,5634.98193359375
19697,3911.368896484375
19698,4326.6455078125
19699,4895.45361328125
19700,5869.74169921875
19701,5949.39892578125
19702,7629.17333984375
19703,3513.782958984375
19704,3551.539794921875
19705,3638.928955078125
19706,7828.2998046875
19707,8670.5302734375
19708,7711.8193359375
19709,6303.86962890625
19710,3565.608642578125
19711,4590.494140625
19712,2730.17822265625
19713,7091.3955078125
19714,7132.7646484375
19715,8740.0107421875
19716,4101.07470703125
19717,3379.998046875
19718,3413.035888671875
19719,4749.8203125
19720,8307.703125
19721,4064.906005859375
19722,3324.314208984375
19723,3935.38671875
19724,5809.923828125
19725,2535.52099609375
19726,5644.771484375
19727,3039.9599609375
19728,4623.55126953125
19729,4374.81005859375
19730,4226.40576171875
19731,5903.69140625
19732,5137.828125
19733,3943.840576171875
19734,5985.73486328125
19735,4761.6298828125
19736,7750.80615234375
19737,4228.4345703125
19738,6196.03076171875
19739,6270.95556640625
19740,7133.51123046875
19741,5153.927734375
19742,6927.75537109375
19743,2717.8740234375
19744,3483.808349609375
19745,4486.462890625
19746,4879.626953125
19747,7231.29296875
19748,5621.69140625
19749,4084.29052734375
19750,5490.62646484375
19751,5452.14306640625
19752,6738.91259765625
19753,3485.964111328125
19754,11653.1328125
19755,3581.923828125
19756,4844.55126953125
19757,6358.9267578125
19758,3668.4931640625
19759,4072.34619140625
19760,4328.189453125
19761,5785.6396484375
19762,4470.22314453125
19763,4049.820068359375
19764,6180.49609375
19765,5624.1923828125
19766,4368.55029296875
19767,4386.56396484375
19768,6065.6875
19769,9783.8681640625
19770,5321.1669921875
19771,4559.52685546875
19772,4548.33837890625
19773,5391.859375
19774,4216.05615234375
19775,6044.55712890625
19776,3252.371337890625
19777,5814.33447265625
19778,4601.42431640625
19779,5195.99365234375
19780,8496.3046875
19781,3907.938720703125
19782,4128.24755859375
19783,3320.51708984375
19784,6094.59814453125
19785,6725.220703125
19786,3518.30322265625
19787,3600.784912109375
19788,5078.6884765625
19789,4045.48486328125
19790,4259.05859375
19791,5825.23876953125
19792,5261.31103515625
19793,5968.28857421875
19794,4457.90380859375
19795,3850.665283203125
19796,4382.5068359375
19797,6733.24560546875
19798,6475.47021484375
19799,5807.8349609375
19800,6172.85302734375
19801,4597.53125
19802,7584.07666015625
19803,4192.4013671875
19804,4945.35546875
19805,6555.8056640625
19806,4236.95849609375
19807,8882.5888671875
19808,6036.88427734375
19809,5182.0615234375
19810,3725.669677734375
19811,6732.72998046875
19812,4969.87109375
19813,5243.63427734375
19814,2697.443359375
19815,5014.80517578125
19816,5952.4560546875
19817,3994.592041015625
19818,3091.092041015625
19819,6591.8466796875
19820,5699.0380859375
19821,5018.37646484375
19822,4197.40625
19823,4085.840576171875
19824,6119.6279296875
19825,4901.94189453125
19826,4548.11962890625
19827,3763.615234375
19828,4273.95361328125
19829,5319.76220703125
19830,2523.697998046875
19831,5568.61572265625
19832,5010.60009765625
19833,6493.1044921875
19834,5825.94482421875
19835,4867.2099609375
19836,9462.9873046875
19837,3832.7509765625
19838,4229.30126953125
19839,8955.869140625
19840,4771.3310546875
19841,5896.0888671875
19842,6391.0498046875
19843,4032.14208984375
19844,4802.97509765625
19845,3992.685302734375
19846,6483.31396484375
19847,8394.369140625
19848,6087.9189453125
19849,2478.936767578125
19850,3079.28564453125
19851,6358.650390625
19852,6502.5302734375
19853,4700.74169921875
19854,4810.78076171875
19855,4216.83544921875
19856,4182.22900390625
19857,2975.568115234375
19858,4522.86328125
19859,4782.3408203125
19860,5472.6337890625
19861,5444.23779296875
19862,5504.33203125
19863,6461.3720703125
19864,6042.6796875
19865,5506.427734375
19866,3467.886962890625
19867,8064.63916015625
19868,7090.14697265625
19869,3442.740966796875
19870,6121.43408203125
19871,3967.336669921875
19872,5645.78955078125
19873,2522.600830078125
19874,5713.5263671875
19875,3325.6826171875
19876,7172.4091796875
19877,5864.51416015625
19878,5902.6015625
19879,6556.0576171875
19880,3932.334228515625
19881,6013.2685546875
19882,16518.376953125
19883,7603.06982421875
19884,5483.1494140625
19885,2099.811767578125
19886,5027.32080078125
19887,6032.25390625
19888,5069.869140625
19889,11091.6787109375
19890,17483.98046875
19891,3368.872802734375
19892,4350.19677734375
19893,7762.80322265625
19894,3248.65625
19895,6025.1533203125
19896,4431.513671875
19897,6569.158203125
19898,4995.58349609375
19899,6686.56396484375
19900,4326.466796875
19901,5844.69970703125
19902,8231.2275390625
19903,4558.5654296875
19904,4449.2802734375
19905,5465.078125
19906,3547.69287109375
19907,4007.844970703125
19908,6502.0849609375
19909,3840.15283203125
19910,3968.31884765625
19911,5820.14599609375
19912,5190.384765625
19913,4978.47314453125
19914,5481.046875
19915,5557.68115234375
19916,6822.36669921875
19917,8137.86669921875
19918,6628.0166015625
19919,4642.66796875
19920,2326.95556640625
19921,4892.2744140625
19922,5235.96923828125
19923,4612.60546875
19924,3604.6123046875
19925,6923.5263671875
19926,4539.3701171875
19927,8121.53271484375
19928,5571.1728515625
19929,3697.76904296875
19930,3739.09716796875
19931,3702.28955078125
19932,7276.70556640625
19933,3381.85986328125
19934,5860.30908203125
19935,12285.4052734375
19936,5728.142578125
19937,6198.75048828125
19938,3692.5478515625
19939,4096.25146484375
19940,5397.1162109375
19941,3823.1708984375
19942,4940.3798828125
19943,7873.43798828125
19944,3756.50830078125
19945,12613.35546875
19946,10540.0458984375
19947,4171.28662109375
19948,5138.55029296875
19949,5437.1005859375
19950,5002.05859375
19951,4383.4873046875
19952,8471.42578125
19953,4897.408203125
19954,7051.99072265625
19955,3791.67822265625
19956,7248.04833984375
19957,3831.685791015625
19958,6105.70263671875
19959,4501.40087890625
19960,4476.5048828125
19961,5167.576171875
19962,5807.751953125
19963,6500.9619140625
19964,7747.98779296875
19965,4604.96630859375
19966,7673.17138671875
19967,4556.134765625
19968,7607.9521484375
19969,4334.07568359375
19970,3985.8095703125
19971,3405.271240234375
19972,6427.09619140625
19973,4529.58203125
19974,5385.1591796875
19975,5085.44482421875
19976,6193.71728515625
19977,3278.6044921875
19978,7180.29296875
19979,6437.69482421875
19980,2767.672119140625
19981,10446.93359375
19982,12891.046875
19983,4861.42333984375
19984,5506.587890625
19985,7061.9541015625
19986,8535.958984375
19987,9262.4296875
19988,4493.06982421875
19989,6097.36376953125
19990,4707.44091796875
19991,6115.55078125
19992,3458.6708984375
19993,5262.35546875
19994,4305.7421875
19995,4130.92529296875
19996,6519.515625
19997,4449.34912109375
19998,3261.8564453125
19999,5475.71630859375
20000,3065.1455078125
20001,3481.7919921875
20002,5316.62939453125
20003,4462.11767578125
20004,6572.60009765625
20005,6761.84912109375
20006,5559.408203125
20007,5366.5283203125
20008,4782.3447265625
20009,8717.9521484375
20010,5632.9853515625
20011,3993.23388671875
20012,4464.8173828125
20013,8260.5751953125
20014,3375.5810546875
20015,5524.03515625
20016,2934.67919921875
20017,4470.154296875
20018,5584.99951171875
20019,4610.763671875
20020,4124.7734375
20021,6996.17138671875
20022,7926.43603515625
20023,10309.8798828125
20024,4860.13623046875
20025,6605.45361328125
20026,2887.97900390625
20027,3731.539794921875
20028,4802.38330078125
20029,2768.05224609375
20030,6887.49365234375
20031,3969.524169921875
20032,3771.4384765625
20033,7900.18896484375
20034,8677.3564453125
20035,6701.96337890625
20036,3870.502197265625
20037,3622.26171875
20038,10614.484375
20039,5852.18310546875
20040,4983.67578125
20041,4323.5361328125
20042,5606.0517578125
20043,7459.615234375
20044,3249.561767578125
20045,5064.76513671875
20046,5552.77294921875
20047,7012.0078125
20048,12168.654296875
20049,4796.38720703125
20050,13046.3427734375
20051,4817.17041015625
20052,3986.1865234375
20053,2575.603271484375
20054,4817.78515625
20055,4644.27490234375
20056,4318.90576171875
20057,5261.119140625
20058,4251.697265625
20059,3343.670654296875
20060,5379.3857421875
20061,2710.4716796875
20062,6282.82373046875
20063,5141.908203125
20064,6074.2578125
20065,6821.1533203125
20066,3215.1044921875
20067,7106.0703125
20068,5029.8876953125
20069,4857.45849609375
20070,4726.00244140625
20071,3221.240234375
20072,7665.64697265625
20073,4671.837890625
20074,4107.7939453125
20075,5981.9404296875
20076,6873.73486328125
20077,5867.06787109375
20078,4511.57421875
20079,7487.15576171875
20080,4646.634765625
20081,5745.3720703125
20082,4727.6103515625
20083,5968.81640625
20084,4566.17822265625
20085,4283.10791015625
20086,3453.3837890625
20087,4410.1142578125
20088,3244.2421875
20089,4374.39892578125
20090,6531.63330078125
20091,7303.650390625
20092,8690.37890625
20093,8642.2958984375
20094,6014.47021484375
20095,6720.5126953125
20096,4045.674560546875
20097,9893.23828125
20098,8446.15625
20099,5175.40673828125
20100,6854.5859375
20101,7316.73876953125
20102,4711.8359375
20103,3064.1259765625
20104,6785.0771484375
20105,5163.12890625
20106,5758.2470703125
20107,4913.13720703125
20108,1838.93603515625
20109,8287.8583984375
20110,4955.75146484375
20111,4838.0517578125
20112,3880.80126953125
20113,3564.771240234375
20114,5349.36083984375
20115,5402.2470703125
20116,4957.81103515625
20117,5071.59326171875
20118,3505.071044921875
20119,3375.895751953125
20120,2302.50439453125
20121,5345.5244140625
20122,14329.90234375
20123,3333.9189453125
20124,4592.42041015625
20125,5646.58154296875
20126,3592.247802734375
20127,4278.51904296875
20128,3791.558349609375
20129,3279.337158203125
20130,5820.38134765625
20131,4942.412109375
20132,2980.917236328125
20133,6346.8876953125
20134,3508.400146484375
20135,3471.28857421875
20136,8736.79296875
20137,5658.72802734375
20138,7900.94384765625
20139,4102.787109375
20140,5176.10107421875
20141,3472.583251953125
20142,3956.782470703125
20143,12735.1220703125
20144,8580.177734375
20145,5151.3623046875
20146,4234.3603515625
20147,3785.382080078125
20148,4733.43115234375
20149,3818.906494140625
20150,7955.53759765625
20151,3866.889892578125
20152,4500.560546875
20153,5095.98876953125
20154,3302.9638671875
20155,5216.31298828125
20156,6147.11181640625
20157,5095.2265625
20158,5153.671875
20159,3606.635986328125
20160,4257.28564453125
20161,4498.85693359375
20162,6825.8994140625
20163,6641.97802734375
20164,5126.57763671875
20165,3361.62060546875
20166,6172.87744140625
20167,4366.1865234375
20168,3571.74560546875
20169,5605.04052734375
20170,6682.3212890625
20171,5073.69873046875
20172,4876.46337890625
20173,4627.60400390625
20174,5007.1025390625
20175,4267.05859375
20176,5765.91796875
20177,5228.12890625
20178,4619.4716796875
20179,7904.0732421875
20180,4488.412109375
20181,3458.146484375
20182,9119.76171875
20183,4741.31201171875
20184,3283.4365234375
20185,6423.91259765625
20186,7694.65283203125
20187,8538.974609375
20188,4104.923828125
20189,4194.322265625
20190,4398.4638671875
20191,6188.40185546875
20192,4767.27587890625
20193,6210.03076171875
20194,2741.78564453125
20195,3963.947998046875
20196,4025.0234375
20197,4008.527587890625
20198,3519.114013671875
20199,4972.89453125
20200,4845.009765625
20201,5258.69287109375
20202,6486.5224609375
20203,4992.65478515625
20204,6174.830078125
20205,3656.174072265625
20206,5518.17529296875
20207,5526.515625
20208,6491.974609375
20209,6052.99169921875
20210,2837.137939453125
20211,7484.140625
20212,5490.3779296875
20213,6993.0234375
20214,4055.845703125
20215,3012.931396484375
20216,6327.7607421875
20217,5119.6689453125
20218,7458.5
20219,4446.20166015625
20220,4719.0439453125
20221,5191.9892578125
20222,4705.60205078125
20223,3785.8408203125
20224,5363.7138671875
20225,4245.77880859375
20226,6720.560546875
20227,6953.64111328125
20228,6133.8671875
20229,3693.476806640625
20230,3808.11181640625
20231,2798.314208984375
20232,2596.471435546875
20233,5238.25341796875
20234,4015.603271484375
20235,8021.04833984375
20236,3055.1064453125
20237,4127.54248046875
20238,4604.84521484375
20239,6783.56396484375
20240,3607.239501953125
20241,3994.1708984375
20242,4476.76953125
20243,6115.6923828125
20244,3838.975830078125
20245,5352.40869140625
20246,5740.22607421875
20247,6611.42578125
20248,5672.86279296875
20249,6181.85595703125
20250,4174.80859375
20251,3634.1064453125
20252,3795.657958984375
20253,8401.787109375
20254,6325.8515625
20255,7509.07861328125
20256,13383.7333984375
20257,4347.697265625
20258,3401.369873046875
20259,5459.5078125
20260,7313.77392578125
20261,7247.39990234375
20262,5545.8916015625
20263,5901.9931640625
20264,6531.11962890625
20265,5652.2998046875
20266,4770.62939453125
20267,3568.92431640625
20268,3999.538818359375
20269,3514.51171875
20270,3385.73876953125
20271,3494.8369140625
20272,6055.70947265625
20273,13621.755859375
20274,5203.63134765625
20275,3537.601806640625
20276,5453.5517578125
20277,3251.539794921875
20278,4983.37744140625
20279,3874.9130859375
20280,7938.5439453125
20281,5073.0166015625
20282,4967.0712890625
20283,9836.775390625
20284,10616.8056640625
20285,4835.17236328125
20286,5601.70068359375
20287,2763.4990234375
20288,4627.19921875
20289,4449.83447265625
20290,6990.02978515625
20291,4012.440673828125
20292,3389.533203125
20293,4013.741943359375
20294,4125.21484375
20295,5547.65576171875
20296,5145.8515625
20297,3607.1640625
20298,5531.03369140625
20299,6758.55517578125
20300,5090.45556640625
20301,3281.939453125
20302,2770.867431640625
20303,7484.78857421875
20304,3166.90869140625
20305,8892.4658203125
20306,2864.289306640625
20307,3759.289306640625
20308,5184.42724609375
20309,4478.6083984375
20310,4152.720703125
20311,4465.42236328125
20312,4694.140625
20313,7622.6962890625
20314,7189.26953125
20315,4281.998046875
20316,3465.142333984375
20317,4518.138671875
20318,4919.1962890625
20319,4171.61328125
20320,4106.2578125
20321,4629.9423828125
20322,8868.8720703125
20323,5441.06201171875
20324,4968.04931640625
20325,6488.81689453125
20326,3115.0888671875
20327,8134.78759765625
20328,4274.8896484375
20329,9739.2734375
20330,4530.6650390625
20331,3978.645751953125
20332,4274.806640625
20333,2789.46337890625
20334,5675.59130859375
20335,16582.2578125
20336,4007.51953125
20337,3763.1259765625
20338,8059.29345703125
20339,5226.8857421875
20340,9086.900390625
20341,6214.5234375
20342,4427.23388671875
20343,5849.20556640625
20344,3670.900146484375
20345,8243.7001953125
20346,4725.03466796875
20347,5676.23291015625
20348,6542.2568359375
20349,3291.4345703125
20350,7041.20947265625
20351,5327.69873046875
20352,3348.925048828125
20353,7287.62060546875
20354,8540.2822265625
20355,3740.8916015625
20356,6836.0048828125
20357,4678.92431640625
20358,4297.85693359375
20359,7218.0986328125
20360,5193.0390625
20361,6217.2197265625
20362,3607.271484375
20363,3863.51611328125
20364,5604.79736328125
20365,3083.341796875
20366,6163.115234375
20367,3366.95458984375
20368,4892.34130859375
20369,4311.732421875
20370,4806.814453125
20371,5237.32861328125
20372,6467.080078125
20373,4671.42236328125
20374,6180.21875
20375,4511.19091796875
20376,6711.837890625
20377,5141.8701171875
20378,6218.130859375
20379,7529.9912109375
20380,6399.54296875
20381,2840.239013671875
20382,5091.58349609375
20383,5714.6376953125
20384,4540.28076171875
20385,8993.3291015625
20386,4216.50244140625
20387,5854.4208984375
20388,5969.1953125
20389,6851.482421875
20390,3441.805908203125
20391,13638.1279296875
20392,7935.205078125
20393,5128.21337890625
20394,6284.5830078125
20395,8733.2607421875
20396,4859.64599609375
20397,4123.63525390625
20398,5261.5458984375
20399,4550.2109375
20400,3529.65087890625
20401,5594.5498046875
20402,3649.32421875
20403,6426.9404296875
20404,5504.0205078125
20405,4978.98681640625
20406,5518.3935546875
20407,5444.73974609375
20408,5263.14013671875
20409,3861.300537109375
20410,6093.44287109375
20411,5865.4560546875
20412,4915.70068359375
20413,5572.041015625
20414,4736.669921875
20415,7750.01318359375
20416,4068.947998046875
20417,4152.1162109375
20418,4574.09423828125
20419,6176.4853515625
20420,6054.4345703125
20421,3537.7392578125
20422,3647.04345703125
20423,5949.8994140625
20424,6685.078125
20425,4472.30615234375
20426,5776.30078125
20427,5091.96826171875
20428,4576.59375
20429,3943.7119140625
20430,3105.27001953125
20431,5341.09619140625
20432,5687.234375
20433,5281.5439453125
20434,7281.32763671875
20435,6025.8271484375
20436,4104.04150390625
20437,7405.5146484375
20438,3335.916015625
20439,2235.718017578125
20440,5927.4755859375
20441,9003.6005859375
20442,5875.97412109375
20443,5352.875
20444,3296.38720703125
20445,5362.1962890625
20446,5234.412109375
20447,4777.94677734375
20448,6144.7646484375
20449,3628.490966796875
20450,4129.45751953125
20451,4156.14306640625
20452,4161.42822265625
20453,4275.32861328125
20454,3592.973876953125
20455,3119.939208984375
20456,3647.47314453125
20457,6113.15380859375
20458,6220.1064453125
20459,3600.97265625
20460,5503.0283203125
20461,5280.43994140625
20462,3706.015380859375
20463,3915.96533203125
20464,7142.08056640625
20465,6308.2177734375
20466,4168.095703125
20467,2862.34765625
20468,10693.10546875
20469,4803.501953125
20470,4023.974853515625
20471,5774.8544921875
20472,6061.76123046875
20473,6219.69482421875
20474,4454.65771484375
20475,5957.48388671875
20476,6860.28515625
20477,10193.5986328125
20478,4108.11376953125
20479,3397.5029296875
20480,3808.637939453125
20481,5238.28466796875
20482,4137.55419921875
20483,6509.09619140625
20484,6144.21875
20485,5019.93310546875
20486,3547.07177734375
20487,4915.5673828125
20488,8922.6142578125
20489,3811.341064453125
20490,5278.2431640625
20491,5052.18896484375
20492,5274.42529296875
20493,5538.21728515625
20494,6334.0458984375
20495,6584.6044921875
20496,5125.80224609375
20497,3273.280517578125
20498,5048.62109375
20499,6003.03857421875
20500,7118.87646484375
20501,5994.1337890625
20502,5901.07080078125
20503,4220.92431640625
20504,3380.579833984375
20505,8499.310546875
20506,3228.333984375
20507,8398.873046875
20508,4625.48974609375
20509,3509.997314453125
20510,5524.544921875
20511,4838.2041015625
20512,6999.62255859375
20513,7702.18701171875
20514,3937.14697265625
20515,3559.107177734375
20516,4988.9501953125
20517,5950.73291015625
20518,7942.71240234375
20519,4075.296142578125
20520,4879.0478515625
20521,4753.06298828125
20522,4855.87890625
20523,4731.80126953125
20524,7524.8896484375
20525,6716.47607421875
20526,9891.4833984375
20527,3607.649658203125
20528,4868.89306640625
20529,8108.1572265625
20530,7942.7861328125
20531,4191.73876953125
20532,7945.91650390625
20533,3872.624267578125
20534,4807.712890625
20535,3670.96435546875
20536,3712.0400390625
20537,4418.96337890625
20538,4509.4921875
20539,3904.778076171875
20540,4193.0263671875
20541,6360.44970703125
20542,5763.41455078125
20543,19790.474609375
20544,4926.17724609375
20545,3980.07373046875
20546,5404.0146484375
20547,9139.9482421875
20548,5652.83203125
20549,7452.86181640625
20550,5435.2900390625
20551,6109.1904296875
20552,6032.59521484375
20553,4178.3740234375
20554,4930.99169921875
20555,6285.09130859375
20556,6483.490234375
20557,6313.41259765625
20558,7919.0546875
20559,4056.18603515625
20560,4155.75146484375
20561,4578.69921875
20562,8692.4736328125
20563,10397.9951171875
20564,7779.26708984375
20565,7661.72314453125
20566,3564.745361328125
20567,5667.60400390625
20568,3629.766845703125
20569,7935.38330078125
20570,8203.689453125
20571,9951.642578125
20572,4929.61767578125
20573,3553.244873046875
20574,3771.4404296875
20575,5633.13525390625
20576,9348.3447265625
20577,5154.85009765625
20578,4545.65234375
20579,5058.87744140625
20580,6487.87939453125
20581,3201.663818359375
20582,6486.90673828125
20583,3819.966796875
20584,5850.3046875
20585,5660.89404296875
20586,4609.228515625
20587,6910.97509765625
20588,5884.9169921875
20589,5240.4482421875
20590,6430.47265625
20591,6193.1240234375
20592,9153.3837890625
20593,5114.39306640625
20594,7208.81201171875
20595,6850.87646484375
20596,7943.25439453125
20597,6028.55859375
20598,6862.74609375
20599,3837.88525390625
20600,4594.0869140625
20601,5344.013671875
20602,5801.66845703125
20603,8793.8251953125
20604,6670.41943359375
20605,4937.79541015625
20606,6270.4189453125
20607,6246.029296875
20608,7007.35009765625
20609,4093.397705078125
20610,10731.9580078125
20611,3767.31787109375
20612,5524.20166015625
20613,7215.662109375
20614,4339.21630859375
20615,4377.13623046875
20616,5141.763671875
20617,6817.7431640625
20618,5478.9921875
20619,4676.2939453125
20620,7154.8779296875
20621,6437.6064453125
20622,4802.1201171875
20623,4992.642578125
20624,7074.921875
20625,10573.291015625
20626,6242.46875
20627,5343.73486328125
20628,5218.708984375
20629,6583.4716796875
20630,5189.98193359375
20631,6941.0517578125
20632,4169.45703125
20633,7110.48095703125
20634,5759.3798828125
20635,6153.46337890625
20636,9853.595703125
20637,4281.888671875
20638,5203.810546875
20639,3772.298583984375
20640,7254.943359375
20641,7635.4052734375
20642,4311.74658203125
20643,4512.7998046875
20644,5862.185546875
20645,4816.732421875
20646,4881.89697265625
20647,6363.54248046875
20648,6314.302734375
20649,6359.06591796875
20650,5169.49267578125
20651,4626.18017578125
20652,5043.33154296875
20653,7600.8916015625
20654,6735.47900390625
20655,7358.89501953125
20656,7511.876953125
20657,5456.11083984375
20658,8893.0068359375
20659,4823.81787109375
20660,5650.03955078125
20661,8202.8779296875
20662,5080.18212890625
20663,9249.501953125
20664,6616.837890625
20665,5967.478515625
20666,4776.2626953125
20667,7345.5
20668,6090.6015625
20669,5803.2939453125
20670,3430.709228515625
20671,5261.41064453125
20672,6635.703125
20673,4628.0341796875
20674,3310.498291015625
20675,7403.2978515625
20676,5572.32763671875
20677,5800.279296875
20678,4907.40771484375
20679,4736.744140625
20680,6669.427734375
20681,5657.9091796875
20682,5296.24951171875
20683,4726.333984375
20684,5260.47900390625
20685,6402.7919921875
20686,2226.566650390625
20687,6000.31787109375
20688,5569.578125
20689,6939.427734375
20690,6548.78369140625
20691,5503.947265625
20692,10840.96875
20693,4820.75439453125
20694,5476.05126953125
20695,10007.5185546875
20696,5451.1552734375
20697,7154.388671875
20698,6963.69287109375
20699,4732.78369140625
20700,5983.44873046875
20701,4750.40380859375
20702,7572.013671875
20703,9309.6201171875
20704,7425.39892578125
20705,3084.37939453125
20706,3961.931396484375
20707,6948.23828125
20708,7711.1162109375
20709,5259.34619140625
20710,5286.34814453125
20711,4511.091796875
20712,4593.76171875
20713,3698.341796875
20714,4861.0830078125
20715,5901.49609375
20716,6248.9169921875
20717,5901.5537109375
20718,6310.978515625
20719,7926.04638671875
20720,7018.5107421875
20721,6663.951171875
20722,4290.28955078125
20723,8850.251953125
20724,8023.38623046875
20725,4243.99560546875
20726,6331.7744140625
20727,5612.92724609375
20728,6967.28955078125
20729,3357.975341796875
20730,6005.70068359375
20731,4237.40771484375
20732,8446.8876953125
20733,6248.728515625
20734,7332.2666015625
20735,7537.76806640625
20736,5016.40869140625
20737,6822.68896484375
20738,17643.951171875
20739,8799.0283203125
20740,6195.45263671875
20741,2597.906982421875
20742,5696.728515625
20743,6593.76611328125
20744,5613.607421875
20745,11848.654296875
20746,18715.44140625
20747,3720.371826171875
20748,5107.31884765625
20749,8963.2998046875
20750,4417.94140625
20751,6968.63232421875
20752,5012.50927734375
20753,7328.89306640625
20754,5211.0634765625
20755,6563.77685546875
20756,5288.591796875
20757,7003.06396484375
20758,9407.59765625
20759,5753.88818359375
20760,5336.87060546875
20761,6213.36865234375
20762,4127.34619140625
20763,4924.04052734375
20764,6945.49267578125
20765,4803.27783203125
20766,4957.953125
20767,6424.89404296875
20768,5574.0732421875
20769,5543.08203125
20770,6778.07177734375
20771,6528.458984375
20772,8512.349609375
20773,10437.103515625
20774,6753.91357421875
20775,5427.58349609375
20776,3662.74658203125
20777,5185.26123046875
20778,6270.94091796875
20779,5591.52685546875
20780,4339.83251953125
20781,7468.60009765625
20782,5020.60205078125
20783,9370.6318359375
20784,6001.134765625
20785,4585.59130859375
20786,4538.17578125
20787,5026.09423828125
20788,8306.03125
20789,4472.8720703125
20790,6699.724609375
20791,14093.181640625
20792,6477.412109375
20793,6268.84130859375
20794,4621.09912109375
20795,4626.16455078125
20796,5955.7158203125
20797,4113.03125
20798,5088.95458984375
20799,8787.94921875
20800,4916.9296875
20801,13226.556640625
20802,12003.7119140625
20803,5189.15576171875
20804,5788.72802734375
20805,5697.36962890625
20806,5902.12353515625
20807,4987.0966796875
20808,9334.4052734375
20809,5533.126953125
20810,7633.3271484375
20811,4273.67138671875
20812,7879.17236328125
20813,4900.60546875
20814,7423.2763671875
20815,5630.29296875
20816,5230.50732421875
20817,6033.7314453125
20818,6499.97900390625
20819,8067.244140625
20820,8972.3076171875
20821,5443.5615234375
20822,8561.3291015625
20823,6076.95263671875
20824,9864.650390625
20825,4722.66015625
20826,4281.04638671875
20827,4296.97119140625
20828,7166.7431640625
20829,5728.3369140625
20830,6258.0146484375
20831,5882.98095703125
20832,7016.62109375
20833,4308.22021484375
20834,7612.6015625
20835,6697.44287109375
20836,3449.64892578125
20837,10748.40625
20838,15439.5009765625
20839,5508.73681640625
20840,6459.271484375
20841,7404.67919921875
20842,9196.4794921875
20843,9898.994140625
20844,4869.22314453125
20845,6787.62744140625
20846,5620.2958984375
20847,6945.98291015625
20848,4070.84814453125
20849,5835.43798828125
20850,5263.10791015625
20851,4896.794921875
20852,7334.51904296875
20853,4812.50341796875
20854,3747.27294921875
20855,6312.53515625
20856,4119.85986328125
20857,4229.21826171875
20858,5525.4013671875
20859,5343.33740234375
20860,7778.94091796875
20861,8341.857421875
20862,6728.40576171875
20863,6567.67822265625
20864,5947.5087890625
20865,9714.0166015625
20866,5829.884765625
20867,4493.7041015625
20868,5332.64306640625
20869,8920.9326171875
20870,4128.95166015625
20871,6805.36328125
20872,3999.30126953125
20873,4922.03759765625
20874,6056.21875
20875,5718.3603515625
20876,5154.4228515625
20877,8355.4970703125
20878,9441.712890625
20879,11154.505859375
20880,5212.29638671875
20881,7878.109375
20882,3432.325439453125
20883,4528.1318359375
20884,5565.60205078125
20885,3383.287353515625
20886,7442.5498046875
20887,4189.34814453125
20888,5067.9853515625
20889,8697.458984375
20890,9633.08984375
20891,7421.43017578125
20892,4748.84619140625
20893,4267.20947265625
20894,12597.9013671875
20895,6911.88427734375
20896,5507.5078125
20897,5652.912109375
20898,6546.31640625
20899,8211.41796875
20900,4346.65625
20901,5795.771484375
20902,6421.39453125
20903,7412.4501953125
20904,11509.8095703125
20905,5921.60400390625
20906,13694.9462890625
20907,6062.337890625
20908,5005.5361328125
20909,2999.75341796875
20910,5392.048828125
20911,5102.06494140625
20912,5303.72216796875
20913,6417.11767578125
20914,5078.1162109375
20915,3939.820556640625
20916,5901.9892578125
20917,3374.401123046875
20918,6577.07470703125
20919,6115.18798828125
20920,6882.451171875
20921,7930.65966796875
20922,4075.774658203125
20923,8047.0546875
20924,5653.4013671875
20925,5832.294921875
20926,5619.72900390625
20927,4525.66943359375
20928,9228.0859375
20929,5919.93115234375
20930,4527.4697265625
20931,6691.673828125
20932,7803.7939453125
20933,6655.91943359375
20934,5401.0810546875
20935,8142.28076171875
20936,5357.33837890625
20937,6203.02001953125
20938,5471.75927734375
20939,7281.689453125
20940,4472.0439453125
20941,5481.6220703125
20942,4808.7734375
20943,5210.5419921875
20944,4126.76904296875
20945,4933.791015625
20946,7448.45068359375
20947,8407.4541015625
20948,10177.595703125
20949,9383.4990234375
20950,7544.81884765625
20951,8020.67431640625
20952,4874.18798828125
20953,11315.875
20954,10200.849609375
20955,5990.369140625
20956,7514.416015625
20957,7624.4794921875
20958,5446.265625
20959,4024.58056640625
20960,7790.65869140625
20961,6698.888671875
20962,6736.759765625
20963,5460.96484375
20964,2440.554931640625
20965,9354.0048828125
20966,6187.79736328125
20967,7313.4775390625
20968,4576.052734375
20969,4773.80908203125
20970,5962.6259765625
20971,5817.92919921875
20972,6099.095703125
20973,6501.11767578125
20974,4342.9775390625
20975,3754.3837890625
20976,2750.6611328125
20977,6139.7880859375
20978,15686.009765625
20979,3506.24365234375
20980,5732.9345703125
20981,6473.76318359375
20982,3892.87451171875
20983,5103.625
20984,4933.16845703125
20985,3460.360595703125
20986,6855.5048828125
20987,5897.10302734375
20988,3479.709228515625
20989,7578.14013671875
20990,3759.969970703125
20991,3996.675048828125
20992,10735.46875
20993,6468.7626953125
20994,9151.63671875
20995,4776.81396484375
20996,5686.03076171875
20997,3856.262451171875
20998,5154.6728515625
20999,13873.560546875
21000,11120.87109375
21001,6467.56982421875
21002,5258.146484375
21003,4880.9248046875
21004,5175.095703125
21005,4352.5390625
21006,9468.7548828125
21007,4628.693359375
21008,5140.60595703125
21009,6231.8056640625
21010,4033.16845703125
21011,5174.90478515625
21012,6227.1416015625
21013,6275.9814453125
21014,5909.4609375
21015,4090.44921875
21016,4968.57080078125
21017,5796.5791015625
21018,7842.37109375
21019,7171.486328125
21020,6602.52734375
21021,3873.552978515625
21022,7161.970703125
21023,4808.67578125
21024,4310.10595703125
21025,5902.1748046875
21026,7459.26220703125
21027,5566.0654296875
21028,5754.39794921875
21029,5546.33251953125
21030,5953.5556640625
21031,4951.9892578125
21032,6432.73974609375
21033,5733.38134765625
21034,5447.2412109375
21035,8899.7509765625
21036,5373.16357421875
21037,4027.115478515625
21038,10535.4873046875
21039,5159.16796875
21040,3669.4375
21041,6692.04638671875
21042,8466.1533203125
21043,8475.435546875
21044,4630.46337890625
21045,4963.37646484375
21046,5247.59814453125
21047,7108.818359375
21048,5161.4208984375
21049,7651.40234375
21050,2699.542236328125
21051,4705.0224609375
21052,5116.4443359375
21053,4617.18701171875
21054,4454.04638671875
21055,5953.58203125
21056,5805.31787109375
21057,5449.67041015625
21058,7016.29345703125
21059,6029.20556640625
21060,7669.34375
21061,4052.077880859375
21062,6085.11572265625
21063,5949.724609375
21064,7638.45849609375
21065,6637.9609375
21066,2953.45166015625
21067,8086.3125
21068,6216.58251953125
21069,7671.1904296875
21070,4582.5263671875
21071,3153.974853515625
21072,7561.69775390625
21073,5246.5419921875
21074,8754.90625
21075,5437.541015625
21076,5162.82373046875
21077,6322.607421875
21078,5284.58251953125
21079,4614.87548828125
21080,6102.8154296875
21081,4907.29736328125
21082,8495.9658203125
21083,8068.4697265625
21084,6300.48974609375
21085,4383.79833984375
21086,4660.501953125
21087,3429.165283203125
21088,3237.780029296875
21089,6240.62890625
21090,4827.3798828125
21091,8558.0830078125
21092,3713.71142578125
21093,4664.0244140625
21094,5491.63525390625
21095,7408.43408203125
21096,4358.67236328125
21097,4655.73046875
21098,5296.46728515625
21099,6885.82763671875
21100,5378.86279296875
21101,5876.8310546875
21102,6733.3955078125
21103,7386.36279296875
21104,6484.021484375
21105,6802.64501953125
21106,5326.2421875
21107,4387.5263671875
21108,4453.197265625
21109,9935.064453125
21110,6773.6142578125
21111,9414.025390625
21112,14357.091796875
21113,4647.8125
21114,4449.990234375
21115,5685.197265625
21116,8421.6474609375
21117,7919.00244140625
21118,6203.078125
21119,6671.4384765625
21120,7993.52392578125
21121,6942.37939453125
21122,6041.1162109375
21123,4688.86669921875
21124,4537.1806640625
21125,4654.939453125
21126,3813.873046875
21127,3988.481201171875
21128,7669.40087890625
21129,14560.55078125
21130,6123.4990234375
21131,4485.68701171875
21132,6321.2021484375
21133,4184.0556640625
21134,5977.572265625
21135,4048.650634765625
21136,9696.357421875
21137,6607.83935546875
21138,6159.2734375
21139,11376.7978515625
21140,12290.984375
21141,5413.7119140625
21142,6557.32763671875
21143,3916.17626953125
21144,5179.29931640625
21145,5363.982421875
21146,7356.35986328125
21147,4451.47265625
21148,4231.533203125
21149,4526.3798828125
21150,4981.67919921875
21151,5708.42041015625
21152,6270.76318359375
21153,3974.251953125
21154,6530.005859375
21155,7891.41943359375
21156,5722.1181640625
21157,4231.8671875
21158,3204.970947265625
21159,8190.7314453125
21160,4070.51953125
21161,9638.595703125
21162,3666.983642578125
21163,4814.216796875
21164,5667.58837890625
21165,5091.69140625
21166,4713.26806640625
21167,5235.46240234375
21168,5422.9619140625
21169,8559.6123046875
21170,7565.05029296875
21171,5328.5341796875
21172,3926.513427734375
21173,5656.123046875
21174,5366.1025390625
21175,5273.83935546875
21176,4683.7744140625
21177,5422.38818359375
21178,9979.134765625
21179,6985.42578125
21180,5809.11083984375
21181,6924.142578125
21182,3646.358154296875
21183,9230.6474609375
21184,4684.07373046875
21185,10700.2509765625
21186,5102.83056640625
21187,4647.01416015625
21188,4950.53173828125
21189,3185.033203125
21190,6566.69775390625
21191,19151.044921875
21192,4372.470703125
21193,4720.708984375
21194,8522.904296875
21195,6565.28564453125
21196,7797.07763671875
21197,7568.35595703125
21198,5498.84375
21199,6371.0869140625
21200,4140.826171875
21201,8813.109375
21202,4904.68603515625
21203,6407.99365234375
21204,7339.49853515625
21205,4251.57763671875
21206,7566.9130859375
21207,5877.89990234375
21208,3533.80810546875
21209,7671.2626953125
21210,8714.92578125
21211,4062.710205078125
21212,8005.3349609375
21213,5838.0107421875
21214,4806.837890625
21215,8072.369140625
21216,6448.81396484375
21217,7330.28662109375
21218,4385.81396484375
21219,4791.634765625
21220,5814.39013671875
21221,3140.661865234375
21222,6923.83203125
21223,3851.5263671875
21224,5701.72119140625
21225,4923.591796875
21226,5985.9091796875
21227,5835.63671875
21228,7238.5283203125
21229,5296.0361328125
21230,7509.0283203125
21231,5757.46533203125
21232,7994.13525390625
21233,5813.3515625
21234,6801.697265625
21235,8554.5634765625
21236,7595.45703125
21237,3520.960693359375
21238,5815.8134765625
21239,6666.01708984375
21240,5781.1875
21241,11285.58984375
21242,5210.89892578125
21243,7672.90771484375
21244,7391.40234375
21245,6818.5322265625
21246,4130.4365234375
21247,18874.271484375
21248,9273.9580078125
21249,5793.9736328125
21250,7124.359375
21251,8920.5751953125
21252,5295.95361328125
21253,5003.767578125
21254,5936.580078125
21255,5251.322265625
21256,4071.02001953125
21257,6314.47314453125
21258,4228.09765625
21259,6504.06689453125
21260,6230.01416015625
21261,5844.23583984375
21262,6671.482421875
21263,5822.75732421875
21264,6080.9208984375
21265,4742.3876953125
21266,6896.7109375
21267,6512.5341796875
21268,5729.09326171875
21269,6311.54541015625
21270,5388.93701171875
21271,8529.28125
21272,5073.52734375
21273,5066.15185546875
21274,5539.15966796875
21275,7282.12060546875
21276,6573.76513671875
21277,4049.780029296875
21278,3974.075439453125
21279,6229.123046875
21280,6857.4599609375
21281,5156.58984375
21282,6941.09326171875
21283,6097.9384765625
21284,5017.7333984375
21285,5220.25048828125
21286,4028.3251953125
21287,6188.53857421875
21288,6664.4013671875
21289,5766.69287109375
21290,8130.0478515625
21291,6442.0439453125
21292,4982.4287109375
21293,8028.56201171875
21294,3387.113525390625
21295,2436.741943359375
21296,7199.56640625
21297,8599.412109375
21298,6738.70654296875
21299,6157.76123046875
21300,4028.3642578125
21301,5739.69873046875
21302,6768.24365234375
21303,5091.93994140625
21304,7388.9375
21305,4075.266845703125
21306,4982.5654296875
21307,4958.240234375
21308,5087.71044921875
21309,5358.7021484375
21310,4385.0078125
21311,4984.1396484375
21312,4172.083984375
21313,6124.07421875
21314,6512.4111328125
21315,4514.94091796875
21316,5892.44189453125
21317,6527.11083984375
21318,4551.1865234375
21319,5075.09375
21320,8552.9736328125
21321,7310.99169921875
21322,5168.39111328125
21323,3299.723876953125
21324,10374.52734375
21325,5429.9853515625
21326,5250.2548828125
21327,7502.27490234375
21328,6924.8994140625
21329,6975.7314453125
21330,5545.19140625
21331,6468.8115234375
21332,7677.05126953125
21333,10930.1943359375
21334,4702.978515625
21335,4312.2265625
21336,4657.8173828125
21337,6286.7783203125
21338,4902.44140625
21339,7029.57568359375
21340,7131.6123046875
21341,4901.65234375
21342,3980.43115234375
21343,5674.90869140625
21344,10719.380859375
21345,4224.09228515625
21346,5951.369140625
21347,3960.33837890625
21348,6278.1787109375
21349,5718.65576171875
21350,7208.91162109375
21351,7142.837890625
21352,5987.0654296875
21353,4263.14453125
21354,6260.66845703125
21355,6326.21435546875
21356,7465.296875
21357,7057.09716796875
21358,7349.525390625
21359,5078.76904296875
21360,4289.60205078125
21361,9368.7626953125
21362,3822.310546875
21363,8895.2255859375
21364,5627.130859375
21365,4400.82275390625
21366,6573.00390625
21367,5554.58251953125
21368,7163.17431640625
21369,8726.7021484375
21370,4589.46337890625
21371,4080.7578125
21372,6068.70361328125
21373,6870.21728515625
21374,8981.1181640625
21375,4882.9013671875
21376,5359.361328125
21377,5629.556640625
21378,5866.88525390625
21379,4445.99462890625
21380,8288.3173828125
21381,8536.087890625
21382,10497.7177734375
21383,4000.731201171875
21384,5867.126953125
21385,8920.40234375
21386,9265.0830078125
21387,4359.5166015625
21388,9555.9580078125
21389,4444.46142578125
21390,5351.72509765625
21391,4607.67578125
21392,4715.46142578125
21393,4843.49951171875
21394,5153.38427734375
21395,4415.91943359375
21396,4498.1806640625
21397,7885.443359375
21398,7138.830078125
21399,22933.716796875
21400,5750.90625
21401,0.0
21402,0.0
21403,0.0
21404,0.0
21405,0.0
21406,0.0
21407,0.0
21408,0.0
21409,0.0
21410,0.0
21411,0.0
21412,0.0
21413,0.0
21414,0.0
21415,0.0
21416,0.0
21417,0.0
21418,0.0
21419,0.0
21420,0.0
21421,0.0
21422,0.0
21423,0.0
21424,0.0
21425,0.0
21426,0.0
21427,0.0
21428,0.0
21429,0.0
21430,0.0
21431,0.0
21432,0.0
21433,0.0
21434,0.0
21435,0.0
21436,0.0
21437,0.0
21438,0.0
21439,0.0
21440,0.0
21441,0.0
21442,0.0
21443,0.0
21444,0.0
21445,0.0
21446,0.0
21447,0.0
21448,0.0
21449,0.0
21450,0.0
21451,0.0
21452,0.0
21453,0.0
21454,0.0
21455,0.0
21456,0.0
21457,0.0
21458,0.0
21459,0.0
21460,0.0
21461,0.0
21462,0.0
21463,0.0
21464,0.0
21465,0.0
21466,0.0
21467,0.0
21468,0.0
21469,0.0
21470,0.0
21471,0.0
21472,0.0
21473,0.0
21474,0.0
21475,0.0
21476,0.0
21477,0.0
21478,0.0
21479,0.0
21480,0.0
21481,0.0
21482,0.0
21483,0.0
21484,0.0
21485,0.0
21486,0.0
21487,0.0
21488,0.0
21489,0.0
21490,0.0
21491,0.0
21492,4376.37451171875
21493,0.0
21494,0.0
21495,0.0
21496,0.0
21497,0.0
21498,0.0
21499,0.0
21500,0.0
21501,0.0
21502,0.0
21503,0.0
21504,0.0
21505,0.0
21506,0.0
21507,0.0
21508,0.0
21509,0.0
21510,0.0
21511,0.0
21512,0.0
21513,0.0
21514,0.0
21515,0.0
21516,0.0
21517,0.0
21518,0.0
21519,0.0
21520,0.0
21521,0.0
21522,0.0
21523,0.0
21524,0.0
21525,0.0
21526,0.0
21527,0.0
21528,0.0
21529,0.0
21530,0.0
21531,0.0
21532,0.0
21533,0.0
21534,0.0
21535,0.0
21536,0.0
21537,0.0
21538,0.0
21539,0.0
21540,0.0
21541,0.0
21542,0.0
21543,0.0
21544,0.0
21545,0.0
21546,0.0
21547,0.0
21548,0.0
21549,0.0
21550,0.0
21551,0.0
21552,0.0
21553,0.0
21554,0.0
21555,0.0
21556,0.0
21557,0.0
21558,0.0
21559,0.0
21560,3543.81884765625
21561,0.0
21562,0.0
21563,0.0
21564,0.0
21565,0.0
21566,0.0
21567,0.0
21568,0.0
21569,0.0
21570,0.0
21571,0.0
21572,0.0
21573,0.0
21574,0.0
21575,0.0
21576,0.0
21577,0.0
21578,0.0
21579,0.0
21580,0.0
21581,0.0
21582,0.0
21583,0.0
21584,0.0
21585,0.0
21586,0.0
21587,0.0
21588,0.0
21589,0.0
21590,0.0
21591,0.0
21592,0.0
21593,0.0
21594,0.0
21595,0.0
21596,0.0
21597,0.0
21598,0.0
21599,0.0
21600,0.0
21601,17232.544921875
21602,31490.87109375
21603,0.0
21604,0.0
21605,0.0
21606,0.0
21607,0.0
21608,0.0
21609,0.0
21610,7956.3251953125
21611,0.0
21612,0.0
21613,0.0
21614,0.0
21615,0.0
21616,0.0
21617,0.0
21618,0.0
21619,0.0
21620,0.0
21621,0.0
21622,0.0
21623,0.0
21624,0.0
21625,0.0
21626,0.0
21627,0.0
21628,0.0
21629,4710.49560546875
21630,0.0
21631,0.0
21632,0.0
21633,0.0
21634,0.0
21635,0.0
21636,0.0
21637,0.0
21638,0.0
21639,3694.5625
21640,0.0
21641,0.0
21642,0.0
21643,0.0
21644,0.0
21645,0.0
21646,0.0
21647,0.0
21648,0.0
21649,0.0
21650,0.0
21651,0.0
21652,0.0
21653,0.0
21654,0.0
21655,0.0
21656,0.0
21657,8713.7880859375
21658,0.0
21659,0.0
21660,0.0
21661,0.0
21662,0.0
21663,0.0
21664,0.0
21665,0.0
21666,0.0
21667,0.0
21668,0.0
21669,0.0
21670,0.0
21671,0.0
21672,0.0
21673,0.0
21674,10152.5546875
21675,0.0
21676,0.0
21677,0.0
21678,0.0
21679,0.0
21680,0.0
21681,0.0
21682,0.0
21683,0.0
21684,0.0
21685,0.0
21686,0.0
21687,0.0
21688,0.0
21689,0.0
21690,0.0
21691,0.0
21692,0.0
21693,0.0
21694,0.0
21695,0.0
21696,0.0
21697,0.0
21698,0.0
21699,0.0
21700,0.0
21701,0.0
21702,0.0
21703,0.0
21704,0.0
21705,0.0
21706,0.0
21707,0.0
21708,0.0
21709,0.0
21710,0.0
21711,0.0
21712,0.0
21713,0.0
21714,0.0
21715,0.0
21716,0.0
21717,0.0
21718,0.0
21719,0.0
21720,0.0
21721,0.0
21722,0.0
21723,0.0
21724,0.0
21725,0.0
21726,0.0
21727,0.0
21728,0.0
21729,0.0
21730,0.0
21731,0.0
21732,0.0
21733,0.0
21734,0.0
21735,0.0
21736,1703.1015625
21737,0.0
21738,0.0
21739,0.0
21740,0.0
21741,0.0
21742,0.0
21743,0.0
21744,0.0
21745,0.0
21746,0.0
21747,0.0
21748,0.0
21749,0.0
21750,6007.28662109375
21751,0.0
21752,0.0
21753,0.0
21754,0.0
21755,0.0
21756,0.0
21757,0.0
21758,0.0
21759,0.0
21760,0.0
21761,0.0
21762,0.0
21763,0.0
21764,0.0
21765,0.0
21766,0.0
21767,0.0
21768,0.0
21769,0.0
21770,0.0
21771,0.0
21772,0.0
21773,0.0
21774,0.0
21775,0.0
21776,0.0
21777,0.0
21778,0.0
21779,0.0
21780,0.0
21781,0.0
21782,0.0
21783,0.0
21784,0.0
21785,0.0
21786,0.0
21787,0.0
21788,0.0
21789,0.0
21790,0.0
21791,0.0
21792,0.0
21793,8476.626953125
21794,0.0
21795,0.0
21796,0.0
21797,0.0
21798,0.0
21799,0.0
21800,0.0
21801,0.0
21802,0.0
21803,2748.39599609375
21804,0.0
21805,0.0
21806,0.0
21807,5854.310546875
21808,0.0
21809,0.0
21810,0.0
21811,0.0
21812,0.0
21813,0.0
21814,0.0
21815,0.0
21816,0.0
21817,0.0
21818,0.0
21819,0.0
21820,0.0
21821,0.0
21822,0.0
21823,0.0
21824,0.0
21825,0.0
21826,0.0
21827,0.0
21828,0.0
21829,0.0
21830,0.0
21831,0.0
21832,0.0
21833,0.0
21834,19531.76953125
21835,0.0
21836,0.0
21837,0.0
21838,0.0
21839,0.0
21840,0.0
21841,0.0
21842,0.0
21843,0.0
21844,0.0
21845,0.0
21846,0.0
21847,0.0
21848,6887.34912109375
21849,0.0
21850,0.0
21851,0.0
21852,0.0
21853,0.0
21854,0.0
21855,0.0
21856,0.0
21857,0.0
21858,0.0
21859,0.0
21860,0.0
21861,0.0
21862,0.0
21863,0.0
21864,0.0
21865,0.0
21866,0.0
21867,0.0
21868,0.0
21869,0.0
21870,0.0
21871,0.0
21872,0.0
21873,0.0
21874,0.0
21875,0.0
21876,0.0
21877,0.0
21878,0.0
21879,0.0
21880,0.0
21881,0.0
21882,0.0
21883,0.0
21884,0.0
21885,0.0
21886,0.0
21887,0.0
21888,0.0
21889,0.0
21890,0.0
21891,0.0
21892,0.0
21893,0.0
21894,0.0
21895,0.0
21896,0.0
21897,0.0
21898,0.0
21899,0.0
21900,0.0
21901,0.0
21902,0.0
21903,0.0
21904,0.0
21905,0.0
21906,0.0
21907,0.0
21908,0.0
21909,0.0
21910,0.0
21911,0.0
21912,0.0
21913,0.0
21914,0.0
21915,0.0
21916,0.0
21917,0.0
21918,0.0
21919,0.0
21920,0.0
21921,0.0
21922,0.0
21923,13398.3408203125
21924,0.0
21925,0.0
21926,0.0
21927,0.0
21928,0.0
21929,0.0
21930,0.0
21931,0.0
21932,0.0
21933,0.0
21934,0.0
21935,0.0
21936,0.0
21937,0.0
21938,0.0
21939,0.0
21940,0.0
21941,0.0
21942,0.0
21943,0.0
21944,0.0
21945,0.0
21946,0.0
21947,0.0
21948,0.0
21949,0.0
21950,0.0
21951,0.0
21952,0.0
21953,0.0
21954,0.0
21955,0.0
21956,0.0
21957,0.0
21958,0.0
21959,0.0
21960,0.0
21961,0.0
21962,0.0
21963,0.0
21964,0.0
21965,0.0
21966,0.0
21967,4214.1640625
21968,16267.2509765625
21969,0.0
21970,0.0
21971,0.0
21972,0.0
21973,0.0
21974,0.0
21975,0.0
21976,0.0
21977,0.0
21978,0.0
21979,0.0
21980,0.0
21981,0.0
21982,0.0
21983,0.0
21984,0.0
21985,0.0
21986,0.0
21987,0.0
21988,0.0
21989,0.0
21990,0.0
21991,0.0
21992,0.0
21993,0.0
21994,0.0
21995,0.0
21996,11813.7607421875
21997,0.0
21998,0.0
21999,0.0
22000,0.0
22001,0.0
22002,0.0
22003,0.0
22004,0.0
22005,0.0
22006,0.0
22007,0.0
22008,0.0
22009,0.0
22010,0.0
22011,0.0
22012,0.0
22013,0.0
22014,0.0
22015,0.0
22016,0.0
22017,0.0
22018,0.0
22019,0.0
22020,0.0
22021,0.0
22022,0.0
22023,0.0
22024,0.0
22025,0.0
22026,0.0
22027,0.0
22028,0.0
22029,0.0
22030,0.0
22031,0.0
22032,0.0
22033,0.0
22034,0.0
22035,0.0
22036,0.0
22037,0.0
22038,0.0
22039,0.0
22040,0.0
22041,0.0
22042,0.0
22043,0.0
22044,0.0
22045,0.0
22046,0.0
22047,0.0
22048,0.0
22049,0.0
22050,0.0
22051,0.0
22052,0.0
22053,0.0
22054,0.0
22055,0.0
22056,0.0
22057,0.0
22058,0.0
22059,0.0
22060,0.0
22061,0.0
22062,0.0
22063,0.0
22064,0.0
22065,0.0
22066,2896.75341796875
22067,0.0
22068,0.0
22069,0.0
22070,2470.4287109375
22071,0.0
22072,0.0
22073,0.0
22074,0.0
22075,0.0
22076,0.0
22077,0.0
22078,0.0
22079,0.0
22080,0.0
22081,0.0
22082,0.0
22083,0.0
22084,0.0
22085,0.0
22086,0.0
22087,0.0
22088,0.0
22089,0.0
22090,0.0
22091,0.0
22092,0.0
22093,0.0
22094,0.0
22095,0.0
22096,0.0
22097,0.0
22098,0.0
22099,0.0
22100,0.0
22101,0.0
22102,0.0
22103,0.0
22104,0.0
22105,0.0
22106,0.0
22107,0.0
22108,0.0
22109,0.0
22110,0.0
22111,0.0
22112,0.0
22113,0.0
22114,0.0
22115,0.0
22116,0.0
22117,0.0
22118,0.0
22119,0.0
22120,0.0
22121,3993.7109375
22122,0.0
22123,0.0
22124,0.0
22125,0.0
22126,0.0
22127,0.0
22128,0.0
22129,0.0
22130,0.0
22131,0.0
22132,0.0
22133,0.0
22134,0.0
22135,0.0
22136,11361.7109375
22137,0.0
22138,0.0
22139,0.0
22140,0.0
22141,0.0
22142,0.0
22143,0.0
22144,0.0
22145,0.0
22146,0.0
22147,0.0
22148,0.0
22149,0.0
22150,0.0
22151,0.0
22152,0.0
22153,0.0
22154,0.0
22155,0.0
22156,0.0
22157,0.0
22158,0.0
22159,0.0
22160,0.0
22161,0.0
22162,0.0
22163,0.0
22164,0.0
22165,0.0
22166,0.0
22167,0.0
22168,0.0
22169,0.0
22170,0.0
22171,0.0
22172,0.0
22173,0.0
22174,0.0
22175,0.0
22176,0.0
22177,0.0
22178,0.0
22179,0.0
22180,0.0
22181,0.0
22182,0.0
22183,0.0
22184,0.0
22185,0.0
22186,0.0
22187,0.0
22188,0.0
22189,0.0
22190,0.0
22191,0.0
22192,0.0
22193,0.0
22194,0.0
22195,0.0
22196,0.0
22197,0.0
22198,0.0
22199,0.0
22200,4573.20947265625
22201,0.0
22202,0.0
22203,0.0
22204,0.0
22205,0.0
22206,0.0
22207,0.0
22208,0.0
22209,0.0
22210,0.0
22211,0.0
22212,0.0
22213,0.0
22214,0.0
22215,0.0
22216,0.0
22217,0.0
22218,0.0
22219,0.0
22220,0.0
22221,0.0
22222,0.0
22223,0.0
22224,0.0
22225,0.0
22226,0.0
22227,0.0
22228,0.0
22229,0.0
22230,0.0
22231,0.0
22232,0.0
22233,0.0
22234,0.0
22235,0.0
22236,0.0
22237,0.0
22238,0.0
22239,0.0
22240,0.0
22241,12980.099609375
22242,5482.18017578125
22243,0.0
22244,0.0
22245,0.0
22246,0.0
22247,0.0
22248,0.0
22249,0.0
22250,0.0
22251,0.0
22252,0.0
22253,0.0
22254,0.0
22255,0.0
22256,0.0
22257,3820.429443359375
22258,3559.837890625
22259,6559.46826171875
22260,3268.7060546875
22261,5897.1201171875
22262,4115.78662109375
22263,5485.15625
22264,6243.9404296875
22265,4194.025390625
22266,2762.267578125
22267,5932.59521484375
22268,4848.0224609375
22269,3887.243408203125
22270,6091.82861328125
22271,5619.62890625
22272,2990.0126953125
22273,4080.103759765625
22274,6749.509765625
22275,8244.91015625
22276,6033.439453125
22277,7364.96484375
22278,3508.000732421875
22279,5766.17529296875
22280,2501.103759765625
22281,8033.61669921875
22282,7562.1806640625
22283,8904.7314453125
22284,5881.35693359375
22285,2473.872802734375
22286,3898.996337890625
22287,5903.71142578125
22288,6683.224609375
22289,3725.27587890625
22290,5348.7919921875
22291,5035.2236328125
22292,5341.62451171875
22293,2579.6669921875
22294,7173.21337890625
22295,3992.01953125
22296,6898.4326171875
22297,5940.21240234375
22298,3612.700927734375
22299,8411.9345703125
22300,5966.912109375
22301,4771.70361328125
22302,3688.522705078125
22303,7726.19140625
22304,9801.6728515625
22305,5561.9580078125
22306,5541.4404296875
22307,7670.37109375
22308,6957.5283203125
22309,5156.88232421875
22310,5021.1455078125
22311,2303.619384765625
22312,3048.184814453125
22313,4174.74169921875
22314,6040.58544921875
22315,8250.0771484375
22316,7234.73779296875
22317,4165.2724609375
22318,8061.31982421875
22319,6981.30712890625
22320,4489.044921875
22321,3204.7666015625
22322,10793.0322265625
22323,3023.427734375
22324,3265.674072265625
22325,6555.09814453125
22326,3817.218017578125
22327,5113.02001953125
22328,3107.876708984375
22329,6049.5029296875
22330,5120.28466796875
22331,5590.16015625
22332,7895.28369140625
22333,6960.19384765625
22334,4387.3076171875
22335,3212.167236328125
22336,7209.45947265625
22337,13199.7138671875
22338,5762.64013671875
22339,3933.477294921875
22340,5978.5205078125
22341,5477.01416015625
22342,6245.1005859375
22343,8804.0166015625
22344,2228.6533203125
22345,7999.77392578125
22346,4984.95751953125
22347,5095.08837890625
22348,7741.14892578125
22349,2451.046142578125
22350,4223.34130859375
22351,5009.8427734375
22352,7305.91796875
22353,7100.65771484375
22354,3131.72216796875
22355,4200.955078125
22356,7064.72607421875
22357,5544.95166015625
22358,4893.046875
22359,5665.95849609375
22360,4679.05517578125
22361,5599.96875
22362,4795.1611328125
22363,3088.302734375
22364,4860.37353515625
22365,6385.79833984375
22366,5703.02587890625
22367,6802.076171875
22368,7665.56591796875
22369,4424.02880859375
22370,8169.03662109375
22371,2899.851318359375
22372,3291.544189453125
22373,6951.931640625
22374,6297.64453125
22375,7061.2998046875
22376,9159.3720703125
22377,6210.48583984375
22378,4651.45654296875
22379,6735.73828125
22380,6436.87939453125
22381,4597.7197265625
22382,2652.521728515625
22383,5170.79150390625
22384,4664.494140625
22385,4615.99560546875
22386,3272.958984375
22387,5555.38134765625
22388,5442.953125
22389,5437.27880859375
22390,5458.79296875
22391,2793.9765625
22392,6161.21875
22393,6259.0634765625
22394,3374.600830078125
22395,5257.4619140625
22396,3484.54931640625
22397,5411.90576171875
22398,651.7294311523438
22399,4127.22998046875
22400,5396.1572265625
22401,6608.3603515625
22402,6163.4384765625
22403,5738.09765625
22404,12025.240234375
22405,3947.6416015625
22406,5236.369140625
22407,10168.0234375
22408,5329.37353515625
22409,7300.740234375
22410,6148.2880859375
22411,6031.32275390625
22412,5960.94189453125
22413,3987.94970703125
22414,4300.53662109375
22415,7693.470703125
22416,5385.599609375
22417,2893.20068359375
22418,3392.677734375
22419,6902.517578125
22420,8401.7197265625
22421,6138.51953125
22422,5680.81591796875
22423,4083.321533203125
22424,1864.350341796875
22425,1854.7806396484375
22426,3660.56298828125
22427,5950.525390625
22428,6858.484375
22429,4688.1689453125
22430,5242.65869140625
22431,8111.90869140625
22432,7456.83642578125
22433,6973.10205078125
22434,5502.5244140625
22435,7738.05029296875
22436,8345.11328125
22437,2939.172119140625
22438,4866.66552734375
22439,5473.91845703125
22440,6635.3515625
22441,3017.273681640625
22442,5132.07421875
22443,4305.65576171875
22444,7622.4501953125
22445,5717.359375
22446,6833.248046875
22447,6587.97021484375
22448,4742.1650390625
22449,7947.787109375
22450,16143.5
22451,7974.681640625
22452,4298.09228515625
22453,3185.60546875
22454,6544.95703125
22455,6223.82763671875
22456,4073.26025390625
22457,8991.28125
22458,17443.91015625
22459,4161.45263671875
22460,3219.7421875
22461,10817.4990234375
22462,2723.734619140625
22463,5574.51025390625
22464,2957.557373046875
22465,6041.6025390625
22466,5087.23583984375
22467,6570.58154296875
22468,5006.7607421875
22469,5114.01806640625
22470,9358.3115234375
22471,5375.09033203125
22472,6045.07763671875
22473,7269.14599609375
22474,5374.6748046875
22475,6164.2138671875
22476,8442.212890625
22477,5044.8505859375
22478,5248.3154296875
22479,3996.31005859375
22480,3117.29443359375
22481,5251.31787109375
22482,4699.072265625
22483,4708.34521484375
22484,7914.08935546875
22485,8949.25390625
22486,6798.7900390625
22487,4615.32470703125
22488,3788.07568359375
22489,3495.854736328125
22490,4400.94091796875
22491,5808.38818359375
22492,3538.65625
22493,6421.892578125
22494,4941.21875
22495,7073.73779296875
22496,5168.728515625
22497,3690.71142578125
22498,2986.3212890625
22499,2687.507568359375
22500,8012.35009765625
22501,5720.560546875
22502,5282.43359375
22503,12406.51953125
22504,7337.0498046875
22505,4705.75244140625
22506,5173.10107421875
22507,2596.231201171875
22508,3708.934326171875
22509,4062.5830078125
22510,3787.2197265625
22511,8471.197265625
22512,4642.3046875
22513,8016.71826171875
22514,9688.85546875
22515,4928.26318359375
22516,5083.80078125
22517,4846.63916015625
22518,5222.89599609375
22519,4539.873046875
22520,8861.0263671875
22521,5411.849609375
22522,7141.62255859375
22523,2678.123291015625
22524,5892.61279296875
22525,5181.9423828125
22526,6569.83837890625
22527,6708.04345703125
22528,5153.3740234375
22529,6613.2529296875
22530,5554.2529296875
22531,8421.0322265625
22532,6809.59521484375
22533,6383.5556640625
22534,8733.515625
22535,6869.12744140625
22536,7756.99853515625
22537,2929.260986328125
22538,5439.361328125
22539,5130.6484375
22540,8794.998046875
22541,6811.017578125
22542,6799.59228515625
22543,6218.86865234375
22544,7154.904296875
22545,5127.72900390625
22546,7338.1865234375
22547,6455.0107421875
22548,2769.28564453125
22549,10160.8603515625
22550,15270.3251953125
22551,6749.24169921875
22552,5787.28173828125
22553,6521.11181640625
22554,7935.15380859375
22555,8266.564453125
22556,2461.732421875
22557,4363.9384765625
22558,5709.45849609375
22559,7865.50927734375
22560,2750.582275390625
22561,4366.86767578125
22562,5577.939453125
22563,4127.00244140625
22564,4948.2421875
22565,3140.43896484375
22566,3008.254638671875
22567,7120.94970703125
22568,4331.58642578125
22569,4715.38916015625
22570,5738.0107421875
22571,4312.78125
22572,8624.15625
22573,11785.5625
22574,4944.40283203125
22575,7286.81201171875
22576,6601.18408203125
22577,10147.568359375
22578,3886.85791015625
22579,2565.59521484375
22580,5089.4140625
22581,12184.9033203125
22582,4631.10400390625
22583,6744.0341796875
22584,2303.534423828125
22585,3805.045166015625
22586,6642.08642578125
22587,5931.20458984375
22588,4872.82568359375
22589,9089.888671875
22590,8867.7724609375
22591,8321.5546875
22592,4126.4150390625
22593,8238.5537109375
22594,1799.4473876953125
22595,3048.735107421875
22596,6073.56884765625
22597,4294.77197265625
22598,10079.46875
22599,2373.58984375
22600,4895.8876953125
22601,5619.8427734375
22602,7882.091796875
22603,8642.9013671875
22604,4322.41796875
22605,2952.4716796875
22606,9560.3095703125
22607,8999.828125
22608,4087.531005859375
22609,5792.19775390625
22610,8689.3759765625
22611,5822.640625
22612,4934.95751953125
22613,3483.02880859375
22614,6882.53271484375
22615,4230.07958984375
22616,11242.4228515625
22617,7345.9296875
22618,15122.6708984375
22619,6460.93310546875
22620,4574.5712890625
22621,1939.85302734375
22622,6050.43310546875
22623,5505.46240234375
22624,5038.5341796875
22625,9199.3671875
22626,5565.4072265625
22627,2025.3680419921875
22628,6452.29931640625
22629,3628.540283203125
22630,7137.55322265625
22631,6642.0146484375
22632,6096.15185546875
22633,8126.08984375
22634,4433.08203125
22635,6602.74267578125
22636,5521.11328125
22637,5582.8671875
22638,6573.05810546875
22639,3984.5556640625
22640,8029.7119140625
22641,5048.4130859375
22642,3538.929443359375
22643,4770.83447265625
22644,7998.10546875
22645,5411.9169921875
22646,3671.5615234375
22647,5317.3359375
22648,4916.1494140625
22649,5156.646484375
22650,5000.1884765625
22651,8908.42578125
22652,3283.845703125
22653,3377.305908203125
22654,5779.8388671875
22655,5936.255859375
22656,3384.80712890625
22657,4981.3447265625
22658,8294.9404296875
22659,7419.212890625
22660,9959.4736328125
22661,8313.0927734375
22662,7427.4453125
22663,6875.76171875
22664,4491.06640625
22665,10083.0341796875
22666,7938.0107421875
22667,6794.20703125
22668,5199.2373046875
22669,5327.74169921875
22670,4685.376953125
22671,2133.5087890625
22672,8779.4541015625
22673,6502.81689453125
22674,5835.1787109375
22675,4593.9501953125
22676,1263.4993896484375
22677,6966.185546875
22678,6043.85693359375
22679,6003.45068359375
22680,4190.2109375
22681,5103.02490234375
22682,5095.28515625
22683,3783.8818359375
22684,9608.1298828125
22685,5216.3388671875
22686,4253.849609375
22687,3520.9091796875
22688,2539.20556640625
22689,4505.82275390625
22690,12070.6865234375
22691,3038.085693359375
22692,5465.953125
22693,4948.1962890625
22694,3290.09619140625
22695,2990.771728515625
22696,5489.822265625
22697,2277.443603515625
22698,9607.4931640625
22699,5483.92529296875
22700,2671.624267578125
22701,7904.98876953125
22702,2035.3414306640625
22703,3902.6796875
22704,9701.7197265625
22705,6441.1767578125
22706,8489.31640625
22707,2315.653564453125
22708,4189.640625
22709,3746.214599609375
22710,4311.36572265625
22711,16045.22265625
22712,11938.17578125
22713,5248.28759765625
22714,3533.308837890625
22715,5578.9326171875
22716,4117.52734375
22717,2537.39892578125
22718,7549.744140625
22719,4456.9970703125
22720,5002.90576171875
22721,6581.0400390625
22722,4806.51513671875
22723,4488.43701171875
22724,5487.7744140625
22725,5967.18408203125
22726,6460.00146484375
22727,2985.525634765625
22728,4623.94287109375
22729,6836.56005859375
22730,7250.0087890625
22731,4744.669921875
22732,6459.6748046875
22733,2453.820068359375
22734,8466.056640625
22735,4817.78515625
22736,3084.31005859375
22737,4151.64111328125
22738,4336.4482421875
22739,4374.84716796875
22740,6166.5048828125
22741,3305.6328125
22742,4928.60595703125
22743,4524.0126953125
22744,7484.4169921875
22745,7704.56494140625
22746,5597.49267578125
22747,7866.482421875
22748,5843.43017578125
22749,2348.3564453125
22750,10778.3603515625
22751,3422.064697265625
22752,3104.695556640625
22753,5506.02978515625
22754,10212.7958984375
22755,9583.2666015625
22756,4315.908203125
22757,4545.224609375
22758,5715.52880859375
22759,6799.80078125
22760,4082.44091796875
22761,6814.068359375
22762,2224.1552734375
22763,3287.395751953125
22764,3511.865966796875
22765,2680.673095703125
22766,2380.482421875
22767,6524.8720703125
22768,5469.3125
22769,5854.81005859375
22770,5369.02978515625
22771,7756.70556640625
22772,7813.4775390625
22773,4511.7568359375
22774,5132.5673828125
22775,6187.623046875
22776,6946.0380859375
22777,4491.3857421875
22778,2261.942626953125
22779,6065.05517578125
22780,7003.6181640625
22781,5151.6103515625
22782,4954.99951171875
22783,2943.89404296875
22784,9726.1259765625
22785,2700.872314453125
22786,8933.9501953125
22787,4757.77001953125
22788,4253.56103515625
22789,7166.009765625
22790,3260.5859375
22791,4083.610595703125
22792,7463.35302734375
22793,2236.690673828125
22794,7180.97412109375
22795,8298.76171875
22796,6334.78564453125
22797,2599.046630859375
22798,5230.845703125
22799,3359.65771484375
22800,1937.5303955078125
22801,4003.729736328125
22802,4701.68359375
22803,5037.4677734375
22804,4893.88720703125
22805,4881.0400390625
22806,4621.74169921875
22807,7773.12451171875
22808,5058.65576171875
22809,5731.2470703125
22810,5405.048828125
22811,5110.31787109375
22812,5919.3408203125
22813,5947.083984375
22814,7771.49853515625
22815,6485.09716796875
22816,7267.59228515625
22817,5492.529296875
22818,5335.01806640625
22819,2761.02099609375
22820,5502.47705078125
22821,8360.361328125
22822,5203.4609375
22823,7254.2099609375
22824,13480.814453125
22825,2720.65576171875
22826,4648.74658203125
22827,4196.87353515625
22828,8212.677734375
22829,9113.0830078125
22830,7156.2001953125
22831,6606.02099609375
22832,7462.02392578125
22833,6930.84521484375
22834,6303.1513671875
22835,5066.59716796875
22836,2763.3193359375
22837,4834.43408203125
22838,3235.352783203125
22839,2651.01123046875
22840,6183.1044921875
22841,15278.076171875
22842,5535.77001953125
22843,3025.507568359375
22844,4245.75830078125
22845,4434.40234375
22846,5876.05224609375
22847,2053.21875
22848,6426.9404296875
22849,7045.189453125
22850,3728.982421875
22851,10613.4189453125
22852,10986.9580078125
22853,3664.26708984375
22854,5182.66162109375
22855,4024.669677734375
22856,3398.91357421875
22857,4371.2080078125
22858,7843.08984375
22859,3931.609619140625
22860,4394.23291015625
22861,3254.525390625
22862,5021.912109375
22863,3716.4677734375
22864,6846.455078125
22865,3299.251953125
22866,7610.36572265625
22867,6373.51806640625
22868,3989.86962890625
22869,3822.633544921875
22870,3331.21337890625
22871,4922.71875
22872,3503.3798828125
22873,9021.88671875
22874,3915.56640625
22875,3580.389892578125
22876,6496.65380859375
22877,4236.34423828125
22878,5985.8095703125
22879,3422.7001953125
22880,5526.65234375
22881,9106.224609375
22882,6248.31787109375
22883,5809.12744140625
22884,3641.97412109375
22885,4321.0400390625
22886,4558.400390625
22887,3559.90966796875
22888,3713.253173828125
22889,5094.41748046875
22890,9816.8427734375
22891,7067.40771484375
22892,4482.759765625
22893,5295.57470703125
22894,3419.946044921875
22895,6220.869140625
22896,4851.5283203125
22897,8421.015625
22898,6005.67138671875
22899,4507.822265625
22900,3669.7275390625
22901,1721.9639892578125
22902,3283.232666015625
22903,21713.140625
22904,1836.861572265625
22905,4981.40966796875
22906,5734.4345703125
22907,6459.6064453125
22908,6110.89404296875
22909,7789.2421875
22910,5135.93505859375
22911,6733.5341796875
22912,2603.849853515625
22913,7717.04931640625
22914,3793.55712890625
22915,6402.25634765625
22916,8689.5537109375
22917,3378.117431640625
22918,7897.453125
22919,6631.51220703125
22920,3514.594482421875
22921,5865.61572265625
22922,6780.15576171875
22923,2747.452880859375
22924,8999.935546875
22925,5780.32666015625
22926,4917.25390625
22927,8018.5263671875
22928,7727.98779296875
22929,5819.65673828125
22930,4206.41064453125
22931,4280.1669921875
22932,5282.50341796875
22933,3148.377197265625
22934,6028.95361328125
22935,2323.720703125
22936,5544.38232421875
22937,2873.971923828125
22938,5481.43408203125
22939,5148.42919921875
22940,4647.1533203125
22941,4726.27734375
22942,8013.12353515625
22943,5211.146484375
22944,7561.20947265625
22945,4943.6630859375
22946,5807.234375
22947,9354.65234375
22948,7439.44140625
22949,3861.44091796875
22950,4978.3994140625
22951,5392.9052734375
22952,3611.50048828125
22953,12323.716796875
22954,5684.00634765625
22955,6335.03369140625
22956,6747.3701171875
22957,6676.767578125
22958,2240.2587890625
22959,15567.931640625
22960,8162.44970703125
22961,6882.4091796875
22962,7233.85791015625
22963,6650.00732421875
22964,6962.4013671875
22965,4482.876953125
22966,3856.341064453125
22967,3088.915771484375
22968,3440.591796875
22969,7228.8271484375
22970,2595.1728515625
22971,7187.7138671875
22972,6555.07958984375
22973,4405.35546875
22974,6820.82958984375
22975,4492.26171875
22976,6367.03173828125
22977,3823.051025390625
22978,4602.8447265625
22979,4505.80126953125
22980,3480.4345703125
22981,5708.24560546875
22982,5449.82666015625
22983,7387.23486328125
22984,5647.0498046875
22985,4174.52099609375
22986,5671.43408203125
22987,6414.61962890625
22988,6880.39111328125
22989,3062.406494140625
22990,3820.2353515625
22991,8791.5712890625
22992,6270.59765625
22993,3702.800048828125
22994,7067.978515625
22995,6639.27294921875
22996,5123.54248046875
22997,4768.55810546875
22998,1587.51708984375
22999,6708.16796875
23000,5860.52685546875
23001,4957.77294921875
23002,7894.6982421875
23003,6036.3994140625
23004,3492.752685546875
23005,5550.34814453125
23006,3111.012451171875
23007,387.7935485839844
23008,5407.2880859375
23009,7942.98583984375
23010,5207.22021484375
23011,4258.7041015625
23012,2884.279296875
23013,4574.64697265625
23014,6286.31005859375
23015,5648.01904296875
23016,8377.3046875
23017,3459.30078125
23018,4553.6484375
23019,3086.7080078125
23020,5866.95751953125
23021,3007.442626953125
23022,2507.737060546875
23023,3355.370849609375
23024,3997.895263671875
23025,6275.4130859375
23026,4697.56005859375
23027,4829.185546875
23028,5082.7939453125
23029,8128.87646484375
23030,5229.8828125
23031,3311.822021484375
23032,10174.9462890625
23033,6817.94970703125
23034,6051.6328125
23035,1649.8248291015625
23036,6472.34228515625
23037,4884.54052734375
23038,3668.14404296875
23039,7883.80615234375
23040,8043.9453125
23041,6353.55078125
23042,6485.5390625
23043,5875.43017578125
23044,6423.10302734375
23045,10589.990234375
23046,3581.16943359375
23047,3674.70947265625
23048,4646.1357421875
23049,5138.79248046875
23050,5412.7802734375
23051,7462.3212890625
23052,5048.705078125
23053,6151.8779296875
23054,2370.798828125
23055,6288.1328125
23056,7472.32421875
23057,3286.071533203125
23058,6085.10107421875
23059,3255.78662109375
23060,6064.92578125
23061,5220.0009765625
23062,5025.28857421875
23063,5078.95947265625
23064,3627.272216796875
23065,4565.59326171875
23066,6934.4677734375
23067,4086.84033203125
23068,8096.8310546875
23069,4931.76416015625
23070,8415.6162109375
23071,5018.6416015625
23072,3671.47119140625
23073,7891.41845703125
23074,2543.861328125
23075,8661.498046875
23076,5671.32275390625
23077,4627.56005859375
23078,6580.29345703125
23079,4303.6884765625
23080,4548.271484375
23081,6087.466796875
23082,2795.025634765625
23083,2880.377197265625
23084,6203.4140625
23085,5187.591796875
23086,8185.384765625
23087,5772.701171875
23088,5528.607421875
23089,3719.120361328125
23090,5804.43310546875
23091,3083.4775390625
23092,9368.470703125
23093,7323.6318359375
23094,10494.8994140625
23095,5220.36865234375
23096,4477.123046875
23097,7493.734375
23098,7195.8544921875
23099,3189.696533203125
23100,8789.439453125
23101,3758.251953125
23102,5959.45458984375
23103,6092.49462890625
23104,4571.970703125
23105,3428.64208984375
23106,5836.525390625
23107,3556.12744140625
23108,2417.712158203125
23109,7017.48291015625
23110,5900.3134765625
23111,22445.052734375
23112,6736.24853515625
23113,4433.40771484375
23114,7625.25048828125
23115,11051.7919921875
23116,6462.45849609375
23117,7596.3798828125
23118,5587.41455078125
23119,7747.26025390625
23120,8240.25
23121,6061.31640625
23122,5738.87451171875
23123,8149.53759765625
23124,7706.9150390625
23125,7550.6484375
23126,8080.83935546875
23127,6972.63818359375
23128,5322.8564453125
23129,5782.62353515625
23130,10449.4912109375
23131,10213.6044921875
23132,9153.91015625
23133,8464.791015625
23134,4558.56640625
23135,6593.6962890625
23136,4466.01513671875
23137,8477.8447265625
23138,10658.2021484375
23139,9899.0
23140,6129.44677734375
23141,5233.3818359375
23142,4235.78662109375
23143,6641.95556640625
23144,10440.9169921875
23145,7159.76953125
23146,5125.1162109375
23147,6535.82177734375
23148,8079.52685546875
23149,3869.361083984375
23150,7906.29345703125
23151,4433.279296875
23152,8253.0947265625
23153,6732.236328125
23154,6281.814453125
23155,8428.11328125
23156,7712.0400390625
23157,5083.26123046875
23158,6661.47216796875
23159,8397.1953125
23160,12187.138671875
23161,6577.4755859375
23162,8134.35107421875
23163,8364.5361328125
23164,9827.142578125
23165,7042.8291015625
23166,9481.9697265625
23167,5142.5498046875
23168,5223.69384765625
23169,5699.19775390625
23170,7058.7197265625
23171,9990.828125
23172,8275.7255859375
23173,5865.2275390625
23174,7977.53515625
23175,7303.7080078125
23176,9675.4169921875
23177,4450.240234375
23178,13001.154296875
23179,5070.7978515625
23180,6412.85693359375
23181,8219.330078125
23182,4836.06884765625
23183,6224.7353515625
23184,7645.53369140625
23185,8456.5361328125
23186,7374.2138671875
23187,5969.09619140625
23188,8682.9794921875
23189,8449.21484375
23190,7354.67919921875
23191,5656.5537109375
23192,7512.779296875
23193,12845.2421875
23194,7108.39404296875
23195,5569.423828125
23196,7749.0166015625
23197,6292.4150390625
23198,6398.40478515625
23199,8040.701171875
23200,4252.97216796875
23201,9345.890625
23202,6553.8759765625
23203,7507.61083984375
23204,9459.005859375
23205,5428.19140625
23206,6010.6162109375
23207,5571.169921875
23208,8650.15234375
23209,9913.369140625
23210,4635.974609375
23211,4531.513671875
23212,6978.400390625
23213,6180.64404296875
23214,6042.1533203125
23215,7621.041015625
23216,7680.61767578125
23217,7365.7841796875
23218,6043.73291015625
23219,4445.84619140625
23220,6371.220703125
23221,10161.3349609375
23222,8112.333984375
23223,8955.0068359375
23224,8843.630859375
23225,6834.0078125
23226,10826.2509765625
23227,5711.83740234375
23228,7031.37353515625
23229,9125.0576171875
23230,6756.9453125
23231,10324.3623046875
23232,8641.87109375
23233,7930.98095703125
23234,6475.458984375
23235,7869.63232421875
23236,9107.109375
23237,7528.0654296875
23238,4597.9150390625
23239,5803.59423828125
23240,8063.87353515625
23241,6586.64892578125
23242,5358.119140625
23243,8969.8583984375
23244,6488.24365234375
23245,6136.6708984375
23246,6243.61328125
23247,5269.22900390625
23248,7439.72607421875
23249,6709.3076171875
23250,6912.6884765625
23251,6058.79296875
23252,5179.90625
23253,7169.69921875
23254,3969.33349609375
23255,7587.55908203125
23256,6959.45166015625
23257,8958.544921875
23258,7307.677734375
23259,6516.08740234375
23260,12990.783203125
23261,5334.64404296875
23262,5409.84375
23263,11392.7275390625
23264,7571.64794921875
23265,8729.3125
23266,7696.97119140625
23267,6654.47265625
23268,6586.35009765625
23269,5437.681640625
23270,8096.65771484375
23271,11095.4765625
23272,7568.00048828125
23273,3774.345947265625
23274,5248.7841796875
23275,8824.9873046875
23276,10006.1015625
23277,7166.3408203125
23278,6679.84033203125
23279,4869.0
23280,5170.39404296875
23281,3020.537841796875
23282,5158.94189453125
23283,6904.9482421875
23284,8269.7294921875
23285,7148.82861328125
23286,10421.0595703125
23287,8927.40234375
23288,10388.013671875
23289,7534.25390625
23290,5938.04248046875
23291,9890.880859375
23292,11277.5556640625
23293,6090.7060546875
23294,7662.70703125
23295,6294.49755859375
23296,7521.431640625
23297,5255.9853515625
23298,7285.81201171875
23299,6096.8642578125
23300,9292.3427734375
23301,7495.2900390625
23302,9403.3310546875
23303,8752.0986328125
23304,6038.36279296875
23305,9173.974609375
23306,18686.958984375
23307,10326.607421875
23308,7009.91259765625
23309,3560.75390625
23310,7316.52734375
23311,8375.7158203125
23312,6207.814453125
23313,12255.7041015625
23314,21803.18359375
23315,4059.096923828125
23316,5512.43798828125
23317,9970.5068359375
23318,4934.67138671875
23319,8898.6591796875
23320,7526.447265625
23321,8229.25
23322,5758.73681640625
23323,7050.9873046875
23324,6886.4326171875
23325,7684.02197265625
23326,10641.9296875
23327,7329.2607421875
23328,6685.78564453125
23329,7468.39453125
23330,5466.408203125
23331,5567.7568359375
23332,8320.505859375
23333,6872.0791015625
23334,5892.40625
23335,7382.48779296875
23336,5999.69140625
23337,6801.099609375
23338,6309.16259765625
23339,7656.2060546875
23340,10296.6435546875
23341,8944.1630859375
23342,8409.16015625
23343,6378.48779296875
23344,4025.3359375
23345,6176.6669921875
23346,6756.00341796875
23347,5817.623046875
23348,4724.681640625
23349,9399.2841796875
23350,7045.919921875
23351,10770.3505859375
23352,6883.90869140625
23353,5799.685546875
23354,5349.81396484375
23355,5220.88818359375
23356,10509.19140625
23357,6604.5478515625
23358,8759.7236328125
23359,14956.3232421875
23360,8401.4375
23361,7118.53271484375
23362,5773.91162109375
23363,4503.8408203125
23364,8305.451171875
23365,4738.88720703125
23366,5209.9052734375
23367,10633.326171875
23368,5596.28173828125
23369,16005.998046875
23370,13594.89453125
23371,5554.6171875
23372,7573.93896484375
23373,6538.15185546875
23374,7456.02294921875
23375,5872.94287109375
23376,11695.1337890625
23377,8534.0166015625
23378,10176.7138671875
23379,5392.43115234375
23380,8478.1474609375
23381,6653.41357421875
23382,9340.71875
23383,8237.7373046875
23384,6827.6953125
23385,7715.99267578125
23386,6339.20703125
23387,9613.767578125
23388,9654.7421875
23389,7480.41064453125
23390,10422.4853515625
23391,6942.19091796875
23392,9239.203125
23393,5952.7021484375
23394,5814.4267578125
23395,5907.416015625
23396,11279.0654296875
23397,7113.6083984375
23398,8687.765625
23399,7412.8720703125
23400,9074.8193359375
23401,6357.26611328125
23402,9774.6064453125
23403,6872.5625
23404,3874.727294921875
23405,13682.0830078125
23406,16958.484375
23407,8238.2001953125
23408,7963.21728515625
23409,9350.5634765625
23410,10696.185546875
23411,11700.1103515625
23412,6109.39794921875
23413,7612.08984375
23414,6756.5146484375
23415,9441.173828125
23416,4432.1376953125
23417,6769.86767578125
23418,6444.85693359375
23419,5890.2724609375
23420,7997.68115234375
23421,5734.8349609375
23422,5727.82470703125
23423,7728.97265625
23424,5341.9375
23425,5322.67626953125
23426,7169.8017578125
23427,7122.02783203125
23428,10546.7607421875
23429,9831.9873046875
23430,7307.12255859375
23431,7579.1064453125
23432,6697.9423828125
23433,11559.412109375
23434,7884.2099609375
23435,6119.0849609375
23436,5501.56787109375
23437,11325.97265625
23438,5598.65380859375
23439,7724.423828125
23440,3512.123046875
23441,5118.0302734375
23442,8079.34765625
23443,6875.41455078125
23444,6836.12255859375
23445,10265.2158203125
23446,10623.6875
23447,12211.5
23448,6831.95654296875
23449,9769.263671875
23450,2950.420166015625
23451,6170.68896484375
23452,7088.4912109375
23453,5274.63916015625
23454,9134.6328125
23455,5923.92138671875
23456,5337.32080078125
23457,9758.5537109375
23458,11577.53125
23459,8732.9755859375
23460,6031.30908203125
23461,5961.45166015625
23462,11657.5712890625
23463,8400.8134765625
23464,5934.85546875
23465,6724.32373046875
23466,8074.86376953125
23467,9631.7431640625
23468,4872.521484375
23469,5978.80517578125
23470,8751.7568359375
23471,9303.0
23472,12011.708984375
23473,6815.2314453125
23474,15119.3115234375
23475,7225.7021484375
23476,5504.50830078125
23477,3619.350341796875
23478,6238.23486328125
23479,6798.59912109375
23480,6572.42724609375
23481,9504.7802734375
23482,6011.29931640625
23483,4638.4638671875
23484,8238.3017578125
23485,4631.27294921875
23486,7204.8115234375
23487,7825.77880859375
23488,8223.9765625
23489,10023.689453125
23490,6281.7177734375
23491,10137.5029296875
23492,5684.662109375
23493,6149.73779296875
23494,6137.0615234375
23495,6010.71630859375
23496,10489.583984375
23497,6059.9208984375
23498,5596.7412109375
23499,7947.29443359375
23500,9784.921875
23501,8081.400390625
23502,6837.56884765625
23503,9395.1474609375
23504,5919.1142578125
23505,6574.40966796875
23506,6698.94384765625
23507,10600.6943359375
23508,5636.8388671875
23509,6691.45849609375
23510,6935.74755859375
23511,6490.37890625
23512,5456.06201171875
23513,5878.41552734375
23514,10130.7958984375
23515,9527.923828125
23516,11619.0078125
23517,12361.9658203125
23518,9338.0048828125
23519,7992.39306640625
23520,5116.9267578125
23521,11097.4931640625
23522,12200.0234375
23523,8429.900390625
23524,8803.21875
23525,9395.40625
23526,6141.91357421875
23527,3596.95556640625
23528,9781.458984375
23529,7611.859375
23530,7099.98681640625
23531,6556.0283203125
23532,3137.437255859375
23533,11853.287109375
23534,7536.3984375
23535,7016.54345703125
23536,6110.66845703125
23537,6291.60693359375
23538,6645.40283203125
23539,8201.2607421875
23540,7715.21435546875
23541,5590.03955078125
23542,5206.71875
23543,3877.171630859375
23544,3404.501220703125
23545,7557.39453125
23546,16982.6171875
23547,4619.73876953125
23548,6403.3173828125
23549,7276.9345703125
23550,5221.685546875
23551,5699.0576171875
23552,6104.0888671875
23553,3845.911865234375
23554,8436.9169921875
23555,7834.76806640625
23556,3875.0595703125
23557,9403.0908203125
23558,6369.5302734375
23559,5297.35888671875
23560,10942.9169921875
23561,7467.603515625
23562,10228.7158203125
23563,5663.9423828125
23564,6930.2138671875
23565,5024.0205078125
23566,5790.69189453125
23567,15967.1142578125
23568,11985.98046875
23569,7507.44287109375
23570,5926.62109375
23571,5824.7099609375
23572,6897.185546875
23573,4497.0244140625
23574,9742.294921875
23575,4994.09814453125
23576,6521.65283203125
23577,8545.2236328125
23578,5901.88134765625
23579,6705.65869140625
23580,8160.14599609375
23581,7607.20849609375
23582,7983.53955078125
23583,4240.81494140625
23584,5285.90966796875
23585,7864.49658203125
23586,9132.66015625
23587,8814.716796875
23588,7876.21337890625
23589,4748.05224609375
23590,8080.18994140625
23591,6101.7763671875
23592,5504.8095703125
23593,8098.17822265625
23594,7836.5888671875
23595,6716.9111328125
23596,7097.48193359375
23597,6351.70166015625
23598,7301.50048828125
23599,5932.18701171875
23600,7169.400390625
23601,7787.3271484375
23602,8141.3876953125
23603,11050.017578125
23604,6862.10400390625
23605,4968.57861328125
23606,13143.6201171875
23607,6283.7607421875
23608,4498.82470703125
23609,8531.2744140625
23610,10437.658203125
23611,11561.2275390625
23612,5135.00048828125
23613,6953.95556640625
23614,6172.59765625
23615,7717.18017578125
23616,7078.88037109375
23617,9360.974609375
23618,3700.34326171875
23619,6292.759765625
23620,6818.7421875
23621,5122.73486328125
23622,5735.8935546875
23623,7159.5927734375
23624,8086.18359375
23625,6605.95751953125
23626,9457.7587890625
23627,8123.080078125
23628,9264.59375
23629,6154.29345703125
23630,7350.36474609375
23631,7540.03955078125
23632,8731.234375
23633,8699.7841796875
23634,5132.05029296875
23635,8476.6708984375
23636,8640.70703125
23637,9014.4931640625
23638,5069.8623046875
23639,4258.9375
23640,9681.22265625
23641,6858.80712890625
23642,10086.3916015625
23643,7065.2138671875
23644,5570.2421875
23645,9039.0087890625
23646,5967.48779296875
23647,6783.10400390625
23648,7764.42822265625
23649,6145.33837890625
23650,9898.361328125
23651,10380.7548828125
23652,8321.943359375
23653,5327.19384765625
23654,6861.01806640625
23655,4174.287109375
23656,3132.90576171875
23657,7976.71240234375
23658,6096.96533203125
23659,9530.591796875
23660,5710.90625
23661,6876.60595703125
23662,6829.90771484375
23663,9899.435546875
23664,5978.1494140625
23665,5992.91845703125
23666,6486.88671875
23667,7757.61181640625
23668,5992.92236328125
23669,7902.080078125
23670,8840.66796875
23671,8090.37744140625
23672,8282.416015625
23673,7753.9453125
23674,6688.10546875
23675,5147.740234375
23676,5868.2021484375
23677,11704.3671875
23678,8601.9482421875
23679,9252.8681640625
23680,15692.98046875
23681,6793.04150390625
23682,5626.568359375
23683,6041.43994140625
23684,9692.564453125
23685,10731.0068359375
23686,7800.89990234375
23687,8112.2666015625
23688,9034.3935546875
23689,7455.8515625
23690,7496.40283203125
23691,6988.8837890625
23692,5564.54931640625
23693,6021.853515625
23694,3690.369140625
23695,5346.201171875
23696,8557.8720703125
23697,18125.0078125
23698,7496.93896484375
23699,5408.19873046875
23700,7974.44580078125
23701,4697.091796875
23702,7453.97412109375
23703,4768.1357421875
23704,9557.3359375
23705,7679.96484375
23706,7794.89404296875
23707,14027.2822265625
23708,12019.0244140625
23709,6338.02880859375
23710,7449.9892578125
23711,4259.3720703125
23712,5707.1640625
23713,5609.61572265625
23714,9467.7958984375
23715,5964.35107421875
23716,5447.07470703125
23717,5827.08544921875
23718,6316.4189453125
23719,8067.56396484375
23720,7676.6484375
23721,3700.03564453125
23722,8184.1357421875
23723,8503.076171875
23724,8112.890625
23725,5474.048828125
23726,5050.41259765625
23727,8730.5205078125
23728,4913.8330078125
23729,10148.884765625
23730,4541.9560546875
23731,6046.79833984375
23732,8005.953125
23733,6530.85009765625
23734,5336.91015625
23735,6133.4462890625
23736,7179.11474609375
23737,9618.2783203125
23738,9633.970703125
23739,6374.87353515625
23740,4037.11474609375
23741,5639.232421875
23742,6503.236328125
23743,5181.84912109375
23744,6098.66845703125
23745,6470.34228515625
23746,11704.59375
23747,8472.34375
23748,7251.861328125
23749,7323.12548828125
23750,4959.23291015625
23751,9690.9970703125
23752,5832.24365234375
23753,12187.7158203125
23754,6520.24951171875
23755,5709.83447265625
23756,7191.6552734375
23757,4912.6484375
23758,6764.69482421875
23759,21940.31640625
23760,5022.189453125
23761,6337.0322265625
23762,10984.1748046875
23763,6886.7265625
23764,8265.412109375
23765,9023.474609375
23766,6716.26806640625
23767,7237.09375
23768,5210.2509765625
23769,10067.2001953125
23770,6500.79833984375
23771,7461.0107421875
23772,8471.8642578125
23773,5441.59033203125
23774,8105.75732421875
23775,7383.33203125
23776,4108.3857421875
23777,9368.7607421875
23778,10936.2744140625
23779,4249.66259765625
23780,8974.056640625
23781,7457.791015625
23782,5982.4013671875
23783,9834.6123046875
23784,7797.22265625
23785,8808.4853515625
23786,4826.4443359375
23787,5088.7001953125
23788,7067.84521484375
23789,4309.453125
23790,8228.916015625
23791,4431.453125
23792,6354.03125
23793,5026.9853515625
23794,6925.35400390625
23795,5781.904296875
23796,7517.58935546875
23797,6961.88916015625
23798,8992.583984375
23799,7148.1591796875
23800,7499.43017578125
23801,6319.6708984375
23802,9831.001953125
23803,10556.1669921875
23804,8231.1591796875
23805,4383.0888671875
23806,6173.68798828125
23807,7763.271484375
23808,4218.44189453125
23809,12886.9814453125
23810,6312.765625
23811,8111.23583984375
23812,8592.6318359375
23813,7407.9482421875
23814,5100.185546875
23815,13113.0390625
23816,10681.8720703125
23817,6206.17333984375
23818,9176.1376953125
23819,10254.76171875
23820,7102.94140625
23821,5625.01123046875
23822,7323.900390625
23823,5141.91748046875
23824,5606.12255859375
23825,7786.6484375
23826,5004.3203125
23827,7166.37744140625
23828,8706.2578125
23829,6258.10009765625
23830,9065.3017578125
23831,6067.4052734375
23832,6297.58837890625
23833,5039.68994140625
23834,8610.5048828125
23835,8153.04541015625
23836,7098.068359375
23837,6543.91455078125
23838,7921.87060546875
23839,9611.107421875
23840,6527.607421875
23841,5410.83740234375
23842,7570.44921875
23843,7733.07275390625
23844,7629.40673828125
23845,4946.70361328125
23846,4443.5439453125
23847,7856.34765625
23848,7553.1875
23849,6327.5625
23850,9141.9404296875
23851,6990.13818359375
23852,6798.32275390625
23853,6277.701171875
23854,3631.55322265625
23855,7482.4873046875
23856,7604.27490234375
23857,7451.27587890625
23858,9414.396484375
23859,8825.4326171875
23860,4700.70703125
23861,8365.34765625
23862,4016.47314453125
23863,2267.62109375
23864,7784.90625
23865,11511.9677734375
23866,8909.6826171875
23867,7507.48828125
23868,5103.01220703125
23869,6971.578125
23870,8846.3740234375
23871,6510.5078125
23872,8761.080078125
23873,5318.681640625
23874,4606.5732421875
23875,5693.3896484375
23876,6202.4130859375
23877,5722.93408203125
23878,5464.39892578125
23879,5411.2529296875
23880,4539.02587890625
23881,7690.607421875
23882,8390.048828125
23883,6364.1142578125
23884,6150.81689453125
23885,8772.576171875
23886,6778.2021484375
23887,5821.3671875
23888,10631.8623046875
23889,8309.6630859375
23890,6350.3828125
23891,3489.2119140625
23892,13621.3193359375
23893,7220.38330078125
23894,6273.74169921875
23895,9528.84375
23896,8496.380859375
23897,7960.6796875
23898,6923.6103515625
23899,7184.22900390625
23900,10645.1650390625
23901,13976.791015625
23902,5788.08447265625
23903,4882.23095703125
23904,6090.97607421875
23905,6407.08740234375
23906,6351.73486328125
23907,8382.37109375
23908,9234.43359375
23909,6465.4013671875
23910,4546.3193359375
23911,6683.8857421875
23912,9963.8515625
23913,5787.50341796875
23914,8073.96630859375
23915,4769.23095703125
23916,7871.7861328125
23917,6951.9482421875
23918,7898.63818359375
23919,8126.8974609375
23920,7112.62451171875
23921,5340.25439453125
23922,6804.71240234375
23923,8184.84814453125
23924,8995.076171875
23925,7617.92724609375
23926,8988.94140625
23927,6596.08056640625
23928,5160.2548828125
23929,10405.0
23930,4321.90478515625
23931,9567.5673828125
23932,7160.765625
23933,5506.8701171875
23934,7401.15771484375
23935,6492.51220703125
23936,7929.65380859375
23937,8802.0791015625
23938,4615.12451171875
23939,4893.2265625
23940,7855.751953125
23941,8722.9345703125
23942,9228.458984375
23943,6190.09521484375
23944,6489.3173828125
23945,6958.63134765625
23946,6981.36669921875
23947,6140.32080078125
23948,10421.30859375
23949,9882.9072265625
23950,10235.044921875
23951,5247.7958984375
23952,6551.0478515625
23953,9382.1220703125
23954,9482.4013671875
23955,6534.98291015625
23956,11537.041015625
23957,6007.93994140625
23958,6996.68212890625
23959,6463.81787109375
23960,5874.15234375
23961,6046.052734375
23962,7142.5537109375
23963,5510.7900390625
23964,5802.03515625
23965,9495.787109375
23966,7516.19970703125
23967,25015.296875
23968,7873.8623046875
23969,4672.71826171875
23970,7869.99267578125
23971,10549.8369140625
23972,7484.94384765625
23973,7488.77734375
23974,5206.953125
23975,7509.84228515625
23976,8330.998046875
23977,5941.02392578125
23978,5346.4501953125
23979,7441.5380859375
23980,7519.82861328125
23981,7446.0283203125
23982,9492.509765625
23983,6579.51611328125
23984,5023.6875
23985,5634.7314453125
23986,9798.2607421875
23987,10698.228515625
23988,9358.998046875
23989,8037.0078125
23990,4367.00244140625
23991,6216.029296875
23992,3907.774169921875
23993,8029.6181640625
23994,10197.576171875
23995,9594.1328125
23996,5739.52783203125
23997,5156.9140625
23998,5072.857421875
23999,6320.13330078125
24000,10474.55078125
24001,6075.203125
24002,5333.2744140625
24003,5970.173828125
24004,8233.37890625
24005,3624.302978515625
24006,7599.38916015625
24007,4485.74365234375
24008,7616.515625
24009,7381.58837890625
24010,5807.95458984375
24011,7934.05224609375
24012,7065.5029296875
24013,5066.87353515625
24014,6614.822265625
24015,7915.2900390625
24016,11633.275390625
24017,6178.564453125
24018,8659.67578125
24019,7908.85400390625
24020,9657.3017578125
24021,6906.47412109375
24022,8944.462890625
24023,4859.91943359375
24024,5307.546875
24025,6249.63330078125
24026,6736.03173828125
24027,9903.1220703125
24028,8128.3408203125
24029,5423.33837890625
24030,7807.44677734375
24031,6403.64697265625
24032,9963.75
24033,4001.14013671875
24034,14050.2080078125
24035,4832.4287109375
24036,5854.6025390625
24037,8543.5556640625
24038,4877.94970703125
24039,6672.34716796875
24040,6541.2646484375
24041,8354.8173828125
24042,6993.45166015625
24043,5602.81494140625
24044,8172.5576171875
24045,8134.11865234375
24046,6766.65234375
24047,5054.77099609375
24048,7081.77783203125
24049,12250.728515625
24050,6379.904296875
24051,5574.43701171875
24052,7035.94921875
24053,5822.98828125
24054,5939.5859375
24055,7774.22802734375
24056,3923.02783203125
24057,8861.99609375
24058,6327.1220703125
24059,7061.005859375
24060,9276.5166015625
24061,4303.673828125
24062,5355.5029296875
24063,5302.04638671875
24064,8702.6787109375
24065,9032.3203125
24066,4830.01708984375
24067,4665.66015625
24068,6944.2783203125
24069,5782.736328125
24070,5761.396484375
24071,7320.8505859375
24072,6822.96044921875
24073,7639.11572265625
24074,5968.73046875
24075,4234.7041015625
24076,6263.0224609375
24077,10912.275390625
24078,8417.630859375
24079,8532.1552734375
24080,8281.8671875
24081,6345.3076171875
24082,10175.7451171875
24083,5679.97412109375
24084,6764.33154296875
24085,9430.4296875
24086,6600.7646484375
24087,10615.8701171875
24088,8273.3837890625
24089,7555.556640625
24090,6190.08642578125
24091,7618.55126953125
24092,8611.3818359375
24093,7654.38037109375
24094,3929.001953125
24095,6118.06640625
24096,7557.560546875
24097,5570.97705078125
24098,4386.88818359375
24099,8946.076171875
24100,5884.7587890625
24101,6046.5908203125
24102,5684.6884765625
24103,5396.93994140625
24104,8231.9091796875
24105,7149.6826171875
24106,6945.55712890625
24107,6031.95458984375
24108,4909.33251953125
24109,6996.30859375
24110,3090.107421875
24111,6600.08544921875
24112,7133.6201171875
24113,8640.8037109375
24114,6957.736328125
24115,6294.83349609375
24116,12048.7744140625
24117,5764.04248046875
24118,5247.564453125
24119,11368.68359375
24120,6612.078125
24121,8573.017578125
24122,7374.671875
24123,5804.03125
24124,6402.66748046875
24125,5047.79736328125
24126,9007.82421875
24127,11428.572265625
24128,7871.0771484375
24129,3782.17578125
24130,4599.57177734375
24131,8119.73681640625
24132,8521.9990234375
24133,6683.96875
24134,6783.76025390625
24135,4787.2333984375
24136,5863.900390625
24137,3152.233154296875
24138,5177.6162109375
24139,6457.7109375
24140,7901.82421875
24141,7287.4326171875
24142,11041.1875
24143,8455.599609375
24144,9512.953125
24145,7152.03369140625
24146,5811.869140625
24147,9815.3994140625
24148,10450.0029296875
24149,5888.6923828125
24150,7831.419921875
24151,6272.087890625
24152,7246.8544921875
24153,4428.45361328125
24154,7249.392578125
24155,5472.11572265625
24156,9085.8544921875
24157,7217.236328125
24158,9196.0009765625
24159,8685.9814453125
24160,5690.6865234375
24161,8754.119140625
24162,19401.9765625
24163,10798.830078125
24164,6920.8046875
24165,2923.209228515625
24166,6534.876953125
24167,8378.1826171875
24168,6086.5361328125
24169,11494.10546875
24170,20350.8359375
24171,3838.79052734375
24172,5478.470703125
24173,11235.5263671875
24174,4570.515625
24175,8997.4873046875
24176,6811.4912109375
24177,8285.7021484375
24178,5041.61474609375
24179,6026.96875
24180,6234.93212890625
24181,7394.68115234375
24182,10194.9296875
24183,6843.47021484375
24184,5995.40771484375
24185,7583.98193359375
24186,5268.68798828125
24187,5001.98095703125
24188,7336.61328125
24189,6382.36865234375
24190,5713.205078125
24191,7673.55859375
24192,6100.23388671875
24193,6878.15869140625
24194,6509.76611328125
24195,7453.82080078125
24196,9578.5390625
24197,8572.43359375
24198,8400.6396484375
24199,5796.58447265625
24200,3968.022705078125
24201,6061.5341796875
24202,6763.623046875
24203,5456.84619140625
24204,4386.10400390625
24205,9390.908203125
24206,7466.9599609375
24207,10295.5810546875
24208,6625.71630859375
24209,5460.47607421875
24210,5208.29736328125
24211,4659.8505859375
24212,10034.3623046875
24213,5225.298828125
24214,7889.48388671875
24215,15586.3349609375
24216,7632.2841796875
24217,9051.8359375
24218,5410.17138671875
24219,4680.00634765625
24220,7317.0927734375
24221,5031.15673828125
24222,5898.037109375
24223,10831.2119140625
24224,5192.958984375
24225,16316.052734375
24226,13636.40234375
24227,5214.5712890625
24228,6854.30322265625
24229,6235.4599609375
24230,6969.26611328125
24231,5793.60693359375
24232,11284.4140625
24233,7855.318359375
24234,10229.8671875
24235,6338.95751953125
24236,8207.66796875
24237,5626.263671875
24238,8641.1357421875
24239,7259.37890625
24240,6274.87255859375
24241,7430.89208984375
24242,5517.0927734375
24243,8827.21484375
24244,10025.4697265625
24245,6704.05322265625
24246,9976.123046875
24247,6627.12744140625
24248,9579.6640625
24249,5401.74365234375
24250,5708.3212890625
24251,5768.0126953125
24252,10810.404296875
24253,6504.953125
24254,8636.7587890625
24255,8040.494140625
24256,8319.4482421875
24257,5158.267578125
24258,9251.2783203125
24259,7471.25
24260,3676.23779296875
24261,13224.025390625
24262,17016.044921875
24263,7644.99560546875
24264,7553.9619140625
24265,9723.564453125
24266,11023.626953125
24267,11609.3232421875
24268,5928.1748046875
24269,7922.84716796875
24270,6436.65966796875
24271,8639.33984375
24272,4260.05126953125
24273,6722.54248046875
24274,6246.82470703125
24275,5468.9111328125
24276,7776.06689453125
24277,5928.25830078125
24278,4975.41455078125
24279,7277.26904296875
24280,4203.9765625
24281,5144.06103515625
24282,7624.994140625
24283,6366.876953125
24284,9865.73828125
24285,9416.123046875
24286,7337.43212890625
24287,6971.12255859375
24288,6690.84423828125
24289,11931.189453125
24290,8088.20751953125
24291,5151.97119140625
24292,5118.37060546875
24293,10575.462890625
24294,4708.25634765625
24295,7385.24072265625
24296,3433.262451171875
24297,5428.32177734375
24298,8538.544921875
24299,7616.30224609375
24300,6677.31982421875
24301,9955.7666015625
24302,10871.92578125
24303,11953.6044921875
24304,6478.24462890625
24305,9013.3330078125
24306,3098.501953125
24307,5664.77783203125
24308,6447.4755859375
24309,5358.47412109375
24310,8492.5615234375
24311,5257.7392578125
24312,4871.85107421875
24313,9195.255859375
24314,11255.291015625
24315,10439.1220703125
24316,5636.60498046875
24317,5969.33056640625
24318,11551.5185546875
24319,7897.619140625
24320,6609.23193359375
24321,6237.29345703125
24322,7096.13720703125
24323,9854.630859375
24324,4937.15478515625
24325,6307.26904296875
24326,8025.12744140625
24327,8803.0888671875
24328,13340.314453125
24329,6487.50244140625
24330,14890.6259765625
24331,7291.98486328125
24332,5257.48681640625
24333,4168.45166015625
24334,6355.11083984375
24335,6674.29345703125
24336,6219.77734375
24337,7775.6552734375
24338,5752.95703125
24339,4692.57421875
24340,8428.1259765625
24341,3770.947021484375
24342,7323.83642578125
24343,7358.39306640625
24344,8519.716796875
24345,8917.3330078125
24346,6022.39208984375
24347,9056.33203125
24348,5742.13623046875
24349,6192.9384765625
24350,5732.4580078125
24351,5212.2822265625
24352,10521.712890625
24353,6157.556640625
24354,5440.62646484375
24355,7510.55810546875
24356,9392.2548828125
24357,7902.642578125
24358,6180.73388671875
24359,9080.798828125
24360,5455.26416015625
24361,5408.38427734375
24362,6576.96044921875
24363,9402.4873046875
24364,7149.59912109375
24365,6694.3134765625
24366,5987.9326171875
24367,5901.47412109375
24368,5121.50244140625
24369,5604.83056640625
24370,9327.134765625
24371,9385.9287109375
24372,11027.4921875
24373,11958.7392578125
24374,8610.5185546875
24375,7492.7763671875
24376,4835.623046875
24377,10720.900390625
24378,11590.7080078125
24379,8289.91015625
24380,9105.9736328125
24381,8451.2626953125
24382,6015.41357421875
24383,3948.057861328125
24384,9581.1904296875
24385,7927.31201171875
24386,7276.841796875
24387,6245.98486328125
24388,3178.302490234375
24389,12447.6328125
24390,7635.12451171875
24391,7459.52099609375
24392,5002.203125
24393,6075.48095703125
24394,6214.96435546875
24395,8529.1748046875
24396,7709.1669921875
24397,5341.66357421875
24398,5263.02734375
24399,4268.44482421875
24400,2958.7021484375
24401,6994.49658203125
24402,16495.974609375
24403,4628.939453125
24404,5678.12353515625
24405,6939.74609375
24406,4705.75537109375
24407,5626.69287109375
24408,5334.17041015625
24409,3988.29833984375
24410,7965.8984375
24411,7453.4375
24412,3657.70947265625
24413,8796.81640625
24414,6087.7158203125
24415,4829.94921875
24416,10429.6943359375
24417,7156.416015625
24418,10076.0791015625
24419,5354.9345703125
24420,8123.43212890625
24421,5123.6650390625
24422,5461.56591796875
24423,16302.7060546875
24424,11718.7080078125
24425,6849.05712890625
24426,5525.02880859375
24427,5230.591796875
24428,5783.26708984375
24429,5487.50244140625
24430,11591.17578125
24431,4753.67626953125
24432,6083.46826171875
24433,8332.2548828125
24434,4936.85302734375
24435,6198.021484375
24436,8368.4248046875
24437,7382.46533203125
24438,7773.27587890625
24439,4392.5517578125
24440,4767.90087890625
24441,7250.77490234375
24442,8801.419921875
24443,9029.6435546875
24444,7242.45263671875
24445,4797.89111328125
24446,7774.19873046875
24447,6072.759765625
24448,4801.779296875
24449,7398.91064453125
24450,7793.47705078125
24451,6630.7724609375
24452,6466.34130859375
24453,5820.4794921875
24454,7050.9609375
24455,6063.146484375
24456,6841.705078125
24457,6810.138671875
24458,7788.32958984375
24459,10890.4814453125
24460,6326.43994140625
24461,4613.041015625
24462,12427.046875
24463,6682.18115234375
24464,4440.70849609375
24465,7899.7255859375
24466,8809.599609375
24467,11426.5166015625
24468,5168.44287109375
24469,6114.75
24470,5587.73388671875
24471,7421.61962890625
24472,6462.92578125
24473,8919.4462890625
24474,4337.6513671875
24475,5880.0576171875
24476,6552.59033203125
24477,5235.85302734375
24478,5632.89111328125
24479,6471.08935546875
24480,7919.06298828125
24481,5845.7900390625
24482,8923.5908203125
24483,7753.4267578125
24484,8770.7421875
24485,5937.3994140625
24486,7040.79638671875
24487,7554.5380859375
24488,8816.701171875
24489,7456.12158203125
24490,6178.75390625
24491,7949.2412109375
24492,8198.7021484375
24493,9010.4765625
24494,5048.6220703125
24495,4731.2294921875
24496,9551.68359375
24497,6487.802734375
24498,9519.8251953125
24499,6842.52490234375
24500,5777.24609375
24501,8792.05078125
24502,6551.22265625
24503,7163.478515625
24504,7582.20751953125
24505,6146.154296875
24506,9592.6962890625
24507,9670.587890625
24508,7775.48681640625
24509,5376.0
24510,6212.94677734375
24511,3980.427490234375
24512,3235.125732421875
24513,7596.5908203125
24514,5680.8759765625
24515,8980.0625
24516,5087.4091796875
24517,7117.19921875
24518,6388.19970703125
24519,9668.5478515625
24520,5307.404296875
24521,5761.88671875
24522,6200.875
24523,7654.34423828125
24524,5697.69140625
24525,7301.0400390625
24526,7835.6015625
24527,8265.1396484375
24528,7941.1904296875
24529,7621.3173828125
24530,6218.35693359375
24531,4695.5390625
24532,5509.24658203125
24533,10910.1884765625
24534,8323.6083984375
24535,9377.1015625
24536,14455.5673828125
24537,6564.7822265625
24538,5459.68359375
24539,6130.9033203125
24540,9219.240234375
24541,10632.5302734375
24542,7302.3330078125
24543,7943.19775390625
24544,8593.666015625
24545,6794.7275390625
24546,7270.20947265625
24547,6167.7763671875
24548,5086.9638671875
24549,5615.00439453125
24550,4024.916748046875
24551,5295.61669921875
24552,8885.728515625
24553,17599.716796875
24554,6890.802734375
24555,5010.52783203125
24556,7516.41845703125
24557,4743.58203125
24558,6921.048828125
24559,4551.35693359375
24560,10098.0185546875
24561,7036.39501953125
24562,6366.833984375
24563,13735.9599609375
24564,9939.73046875
24565,6444.91943359375
24566,6805.10986328125
24567,3928.16650390625
24568,5069.8310546875
24569,5389.16796875
24570,9031.8310546875
24571,5239.89599609375
24572,4891.123046875
24573,5557.2890625
24574,5867.14111328125
24575,7114.4697265625
24576,7662.47314453125
24577,3437.89306640625
24578,7400.5712890625
24579,8415.1162109375
24580,7777.615234375
24581,5195.53125
24582,4682.9775390625
24583,9060.28125
24584,4549.4765625
24585,9661.353515625
24586,4439.3203125
24587,5886.5341796875
24588,7990.267578125
24589,6723.0322265625
24590,5235.28857421875
24591,6240.6494140625
24592,7526.09033203125
24593,8597.70703125
24594,9226.5634765625
24595,5791.216796875
24596,3920.365966796875
24597,5464.875
24598,6408.654296875
24599,5255.09375
24600,6409.47802734375
24601,6227.294921875
24602,11353.1982421875
24603,8431.470703125
24604,6564.1123046875
24605,7484.0224609375
24606,4656.00732421875
24607,9855.205078125
24608,6546.63134765625
24609,13441.650390625
24610,6541.48876953125
24611,5531.22900390625
24612,7058.0322265625
24613,3928.7734375
24614,6885.0908203125
24615,20713.380859375
24616,4479.0595703125
24617,5031.31689453125
24618,10900.3818359375
24619,6194.02587890625
24620,8080.15185546875
24621,8438.6708984375
24622,6089.291015625
24623,6921.359375
24624,5319.53173828125
24625,9604.0107421875
24626,6076.5166015625
24627,7188.298828125
24628,7911.8359375
24629,4978.44091796875
24630,7484.318359375
24631,6599.17431640625
24632,4421.66455078125
24633,8914.8828125
24634,9450.296875
24635,4497.3193359375
24636,8554.3095703125
24637,6988.76806640625
24638,5499.43212890625
24639,9174.1318359375
24640,6991.19091796875
24641,8837.6865234375
24642,4277.22802734375
24643,5028.99169921875
24644,6980.5400390625
24645,4103.90576171875
24646,7883.4443359375
24647,4254.07861328125
24648,5989.47412109375
24649,4742.4501953125
24650,6367.61767578125
24651,6177.2021484375
24652,7425.54052734375
24653,7215.0078125
24654,8196.5205078125
24655,6463.10693359375
24656,7343.52587890625
24657,7499.24609375
24658,8628.52734375
24659,9914.5361328125
24660,7829.763671875
24661,3538.254638671875
24662,5497.27978515625
24663,7411.6669921875
24664,3966.681884765625
24665,11998.4150390625
24666,5903.8701171875
24667,8279.5078125
24668,8947.072265625
24669,7820.64208984375
24670,4860.220703125
24671,11784.7080078125
24672,10030.12109375
24673,5971.44091796875
24674,9306.90625
24675,10302.142578125
24676,6569.64990234375
24677,5105.3779296875
24678,6677.6474609375
24679,5082.5244140625
24680,5175.94921875
24681,6926.82666015625
24682,4679.5830078125
24683,7147.09326171875
24684,8264.5146484375
24685,6579.73193359375
24686,8578.759765625
24687,5807.71923828125
24688,6757.24169921875
24689,5528.43408203125
24690,8212.0908203125
24691,7264.28759765625
24692,6440.3466796875
24693,6594.29638671875
24694,7686.296875
24695,9343.671875
24696,5625.9765625
24697,5576.10498046875
24698,6866.79638671875
24699,7547.087890625
24700,7730.65771484375
24701,4224.88525390625
24702,4791.037109375
24703,7885.16796875
24704,6924.939453125
24705,5780.99755859375
24706,8487.05078125
24707,6278.08935546875
24708,6885.0830078125
24709,6029.9765625
24710,3695.2529296875
24711,7553.85107421875
24712,6695.47119140625
24713,6720.775390625
24714,9504.744140625
24715,8780.9072265625
24716,4606.33837890625
24717,9324.6640625
24718,4548.4013671875
24719,2838.4755859375
24720,8358.1298828125
24721,11066.517578125
24722,8593.986328125
24723,7264.3837890625
24724,5123.01806640625
24725,6604.9501953125
24726,8529.1708984375
24727,6861.31884765625
24728,8910.732421875
24729,5231.9072265625
24730,4817.0771484375
24731,5481.8359375
24732,5713.54345703125
24733,5511.4501953125
24734,5192.087890625
24735,4857.447265625
24736,4556.17822265625
24737,7199.6533203125
24738,7484.61181640625
24739,5922.12646484375
24740,6155.2724609375
24741,7846.70654296875
24742,6423.53955078125
24743,5834.8837890625
24744,10205.126953125
24745,7901.47021484375
24746,5885.3369140625
24747,3318.905029296875
24748,12350.2919921875
24749,6770.619140625
24750,5782.81689453125
24751,8984.033203125
24752,7612.4892578125
24753,7982.59326171875
24754,6205.7041015625
24755,7101.5537109375
24756,9246.2392578125
24757,13427.21875
24758,5221.685546875
24759,4941.01904296875
24760,5852.17626953125
24761,7315.6279296875
24762,6058.611328125
24763,8755.8564453125
24764,8788.1875
24765,6507.125
24766,4177.0654296875
24767,7007.20654296875
24768,10360.7265625
24769,4904.88134765625
24770,8342.3759765625
24771,4201.56005859375
24772,7682.70361328125
24773,7747.2109375
24774,7611.30908203125
24775,8346.1884765625
24776,6592.43505859375
24777,4987.0283203125
24778,6580.83349609375
24779,7365.05615234375
24780,8553.458984375
24781,7286.1572265625
24782,8329.26171875
24783,6229.41455078125
24784,4846.10693359375
24785,10143.796875
24786,4106.2646484375
24787,9353.7734375
24788,6435.35693359375
24789,4671.20068359375
24790,7677.25537109375
24791,6565.04541015625
24792,8035.65576171875
24793,8783.083984375
24794,4655.41162109375
24795,4288.3466796875
24796,8151.9560546875
24797,8954.6171875
24798,8605.41796875
24799,5648.14111328125
24800,6096.529296875
24801,7091.35400390625
24802,6511.6533203125
24803,5950.59326171875
24804,9282.9287109375
24805,8809.939453125
24806,9943.8125
24807,4725.7158203125
24808,6164.37841796875
24809,9174.2646484375
24810,9315.162109375
24811,5677.87353515625
24812,11051.7744140625
24813,5995.9384765625
24814,6517.3076171875
24815,5561.5869140625
24816,5442.30712890625
24817,5657.22216796875
24818,6594.486328125
24819,4729.40576171875
24820,5217.67431640625
24821,9295.052734375
24822,7867.7080078125
24823,24069.537109375
24824,7604.22705078125
24825,4586.74853515625
24826,8222.583984375
24827,10765.1552734375
24828,6680.06298828125
24829,7951.6865234375
24830,5196.80908203125
24831,8417.2685546875
24832,9530.99609375
24833,6754.255859375
24834,5831.71728515625
24835,7741.89599609375
24836,7903.00732421875
24837,8124.630859375
24838,8725.205078125
24839,6477.396484375
24840,4982.9619140625
24841,5646.24658203125
24842,11033.1259765625
24843,11353.052734375
24844,9335.451171875
24845,8810.0810546875
24846,4769.77099609375
24847,6130.9501953125
24848,4673.521484375
24849,9356.0
24850,11288.4091796875
24851,10672.3271484375
24852,6586.681640625
24853,5946.982421875
24854,5064.3701171875
24855,6758.42529296875
24856,11796.423828125
24857,6910.32958984375
24858,4749.626953125
24859,6215.763671875
24860,9039.2314453125
24861,3625.8828125
24862,7849.31982421875
24863,4348.71630859375
24864,7243.70654296875
24865,6549.53173828125
24866,6078.28125
24867,7812.99560546875
24868,7091.9189453125
24869,5455.8232421875
24870,7070.81982421875
24871,8128.71240234375
24872,11586.826171875
24873,6229.83642578125
24874,9036.380859375
24875,8777.8271484375
24876,10047.203125
24877,7124.291015625
24878,9565.3583984375
24879,5017.369140625
24880,5438.39208984375
24881,7022.044921875
24882,6332.92431640625
24883,9555.3466796875
24884,8276.8056640625
24885,5817.6533203125
24886,7394.0712890625
24887,7356.517578125
24888,9583.498046875
24889,4674.1494140625
24890,16009.8955078125
24891,5326.68408203125
24892,6646.8623046875
24893,9100.02734375
24894,5564.23388671875
24895,6694.00927734375
24896,7242.39892578125
24897,8617.525390625
24898,7250.4765625
24899,5801.66552734375
24900,8623.1953125
24901,8199.6845703125
24902,7647.49462890625
24903,5240.080078125
24904,7159.25
24905,11979.365234375
24906,6762.533203125
24907,5719.90185546875
24908,7013.77001953125
24909,5833.7275390625
24910,6112.44140625
24911,7712.82861328125
24912,4492.98486328125
24913,9098.8642578125
24914,6932.74755859375
24915,7592.62060546875
24916,9883.6865234375
24917,5009.5400390625
24918,5839.3017578125
24919,5576.56201171875
24920,9025.2080078125
24921,9527.431640625
24922,4647.2080078125
24923,4935.07666015625
24924,6802.23046875
24925,6125.56884765625
24926,5818.6201171875
24927,7219.06787109375
24928,7036.5419921875
24929,7782.310546875
24930,6108.55712890625
24931,4767.529296875
24932,6809.0927734375
24933,10727.755859375
24934,8494.5703125
24935,8886.169921875
24936,9109.2080078125
24937,6381.5517578125
24938,10329.9599609375
24939,6699.69140625
24940,7380.2802734375
24941,9559.13671875
24942,6657.39404296875
24943,11595.57421875
24944,9031.5947265625
24945,7534.5859375
24946,6474.154296875
24947,8300.4521484375
24948,8166.4267578125
24949,7393.32177734375
24950,3787.351806640625
24951,6238.3564453125
24952,8468.0400390625
24953,5967.8046875
24954,4734.8076171875
24955,9315.5634765625
24956,6332.98388671875
24957,6276.4951171875
24958,6058.9775390625
24959,6168.72119140625
24960,8741.6611328125
24961,7090.57080078125
24962,6871.37890625
24963,5710.22802734375
24964,5328.01611328125
24965,7491.69189453125
24966,3660.508056640625
24967,6634.04150390625
24968,6790.44970703125
24969,8815.8994140625
24970,6973.74462890625
24971,6117.02099609375
24972,12017.005859375
24973,6772.9345703125
24974,5380.28076171875
24975,12040.92578125
24976,7323.779296875
24977,8631.798828125
24978,7860.38671875
24979,5942.62255859375
24980,6379.50146484375
24981,4948.3662109375
24982,8474.81640625
24983,12373.71484375
24984,7331.94970703125
24985,3749.850341796875
24986,5859.0029296875
24987,8804.4267578125
24988,9314.0234375
24989,6647.470703125
24990,6538.61669921875
24991,5079.82177734375
24992,5667.80029296875
24993,3860.61767578125
24994,5535.96826171875
24995,6383.38916015625
24996,8204.896484375
24997,8442.685546875
24998,13672.4287109375
24999,8720.7880859375
25000,9979.52734375
25001,7520.12255859375
25002,6035.0712890625
25003,10120.568359375
25004,12392.2646484375
25005,6010.6162109375
25006,8338.7236328125
25007,6753.3544921875
25008,8047.2822265625
25009,4241.47705078125
25010,7998.61767578125
25011,6190.490234375
25012,9337.1728515625
25013,7611.2431640625
25014,9167.2734375
25015,9331.40625
25016,5721.26171875
25017,9660.17578125
25018,19979.779296875
25019,11339.8818359375
25020,7620.88818359375
25021,3140.122314453125
25022,7378.1435546875
25023,8900.216796875
25024,5987.21435546875
25025,12162.4169921875
25026,20818.044921875
25027,3923.440185546875
25028,5657.84619140625
25029,10245.7529296875
25030,5373.3515625
25031,10203.4755859375
25032,6912.1083984375
25033,8934.07421875
25034,5547.53955078125
25035,6568.5244140625
25036,6503.80322265625
25037,7416.2138671875
25038,10243.4130859375
25039,6932.4892578125
25040,5996.970703125
25041,6837.5869140625
25042,5629.86572265625
25043,5475.4482421875
25044,7619.6611328125
25045,6510.0947265625
25046,5677.99658203125
25047,8361.2744140625
25048,6322.662109375
25049,7515.693359375
25050,6618.5302734375
25051,7692.68603515625
25052,9159.4423828125
25053,8729.1591796875
25054,8047.580078125
25055,6120.556640625
25056,4136.2509765625
25057,6626.4208984375
25058,6827.9677734375
25059,5845.89697265625
25060,4438.337890625
25061,9423.4169921875
25062,7474.17529296875
25063,10434.966796875
25064,7007.62744140625
25065,5346.3671875
25066,5294.658203125
25067,4764.56201171875
25068,10214.400390625
25069,5135.50537109375
25070,7863.150390625
25071,15456.654296875
25072,7766.0625
25073,7398.349609375
25074,4952.80615234375
25075,5321.244140625
25076,7866.4990234375
25077,5074.18310546875
25078,5912.94384765625
25079,10979.53515625
25080,5660.82861328125
25081,17719.736328125
25082,14627.8662109375
25083,4737.83447265625
25084,7303.978515625
25085,6479.43017578125
25086,7137.85400390625
25087,6657.87451171875
25088,11143.1640625
25089,8598.5673828125
25090,10774.0712890625
25091,5577.6767578125
25092,8989.005859375
25093,5931.41748046875
25094,9545.4892578125
25095,7514.08447265625
25096,6332.1318359375
25097,7252.328125
25098,5854.75927734375
25099,9614.16796875
25100,9770.671875
25101,7015.7734375
25102,11053.4287109375
25103,6609.349609375
25104,10363.80859375
25105,5412.24853515625
25106,5895.11376953125
25107,5965.7265625
25108,11583.90625
25109,6539.287109375
25110,7900.798828125
25111,8154.7802734375
25112,8953.69140625
25113,5758.00048828125
25114,9097.4794921875
25115,7772.36279296875
25116,3809.869140625
25117,14452.7080078125
25118,16852.0859375
25119,7774.5234375
25120,8089.94921875
25121,9809.126953125
25122,11450.388671875
25123,12050.20703125
25124,6075.69970703125
25125,8308.068359375
25126,6819.53564453125
25127,8358.7314453125
25128,4546.771484375
25129,7182.2138671875
25130,6509.68994140625
25131,5758.30126953125
25132,8396.1806640625
25133,6290.20263671875
25134,5153.681640625
25135,7365.32275390625
25136,4332.341796875
25137,5389.88134765625
25138,7559.48828125
25139,7539.740234375
25140,9828.2275390625
25141,9359.724609375
25142,7532.1923828125
25143,7034.50146484375
25144,6721.94970703125
25145,12134.447265625
25146,8710.65625
25147,5464.81689453125
25148,5298.72314453125
25149,11108.3369140625
25150,4526.2705078125
25151,8000.8466796875
25152,4184.53076171875
25153,6264.0869140625
25154,8415.1640625
25155,7054.60302734375
25156,6339.8935546875
25157,9638.078125
25158,10568.2109375
25159,12916.115234375
25160,6659.19384765625
25161,8666.94921875
25162,3525.5634765625
25163,5797.1904296875
25164,6770.78955078125
25165,5163.466796875
25166,8869.5087890625
25167,5521.5439453125
25168,5271.6552734375
25169,9966.7705078125
25170,12202.2119140625
25171,9220.12109375
25172,5662.3857421875
25173,5574.43408203125
25174,13130.8349609375
25175,8403.5546875
25176,6861.81103515625
25177,6058.05078125
25178,7507.71533203125
25179,9922.2119140625
25180,5028.07861328125
25181,6817.82275390625
25182,8312.447265625
25183,9674.240234375
25184,13369.455078125
25185,6558.89306640625
25186,15318.40234375
25187,7112.66357421875
25188,5235.15771484375
25189,3923.744384765625
25190,6572.2373046875
25191,6495.2353515625
25192,6429.56787109375
25193,7651.087890625
25194,5960.14599609375
25195,4812.20068359375
25196,7875.501953125
25197,3546.29443359375
25198,7132.70849609375
25199,7542.12451171875
25200,8270.578125
25201,9504.90234375
25202,6110.89404296875
25203,9398.68359375
25204,5648.29248046875
25205,6508.3681640625
25206,5830.1767578125
25207,6302.03466796875
25208,10663.1708984375
25209,6395.8916015625
25210,5216.58984375
25211,8296.900390625
25212,9709.544921875
25213,8163.79833984375
25214,6710.42529296875
25215,9798.5634765625
25216,5579.5986328125
25217,5927.9931640625
25218,7156.43701171875
25219,9315.4375
25220,7272.345703125
25221,6971.828125
25222,6339.701171875
25223,6456.15869140625
25224,5360.7099609375
25225,5117.90380859375
25226,9303.662109375
25227,9289.9873046875
25228,11562.826171875
25229,12230.3916015625
25230,8591.890625
25231,8014.3916015625
25232,5262.90576171875
25233,11545.4248046875
25234,11765.046875
25235,8574.8994140625
25236,9389.3720703125
25237,9089.28125
25238,5834.380859375
25239,3743.010986328125
25240,9405.880859375
25241,8695.326171875
25242,8130.48974609375
25243,6426.650390625
25244,3648.416015625
25245,13051.90625
25246,8027.2236328125
25247,8564.7490234375
25248,5105.83447265625
25249,5571.35888671875
25250,6759.81396484375
25251,9723.564453125
25252,7246.9296875
25253,6115.25244140625
25254,5314.044921875
25255,5293.13671875
25256,3256.895751953125
25257,7341.20654296875
25258,17407.037109375
25259,4708.462890625
25260,6421.68017578125
25261,8399.712890625
25262,4928.9912109375
25263,5875.95361328125
25264,5557.90869140625
25265,4624.6142578125
25266,7414.1806640625
25267,7985.49267578125
25268,4084.254638671875
25269,9298.4716796875
25270,6060.552734375
25271,5044.4375
25272,10885.9765625
25273,7846.82470703125
25274,10310.484375
25275,5854.1640625
25276,6936.544921875
25277,5267.5322265625
25278,5522.54443359375
25279,18532.408203125
25280,11546.205078125
25281,6448.9931640625
25282,5732.96142578125
25283,5205.04150390625
25284,6148.72216796875
25285,4910.552734375
25286,9996.7060546875
25287,5326.10009765625
25288,5796.765625
25289,8297.6171875
25290,5027.33837890625
25291,6823.04736328125
25292,8224.9267578125
25293,7397.65576171875
25294,7691.6591796875
25295,4738.6015625
25296,5055.40283203125
25297,7146.8857421875
25298,9423.666015625
25299,8935.08984375
25300,7282.2509765625
25301,4884.859375
25302,7828.26171875
25303,6824.7431640625
25304,4600.32470703125
25305,7149.49365234375
25306,8172.873046875
25307,7186.59716796875
25308,6991.97509765625
25309,6325.38037109375
25310,7307.1513671875
25311,5984.919921875
25312,7136.75537109375
25313,6572.7451171875
25314,7553.79541015625
25315,10506.212890625
25316,6178.79931640625
25317,5241.21044921875
25318,13105.2236328125
25319,7136.79296875
25320,4693.53125
25321,7858.61083984375
25322,9256.203125
25323,11914.404296875
25324,5182.658203125
25325,6220.62548828125
25326,5868.99951171875
25327,8155.84375
25328,6789.02099609375
25329,9785.865234375
25330,3477.94140625
25331,6366.384765625
25332,7123.14892578125
25333,5537.86962890625
25334,5653.8408203125
25335,6813.32470703125
25336,8232.451171875
25337,6082.68994140625
25338,9565.984375
25339,8031.55615234375
25340,9070.7314453125
25341,6014.33203125
25342,7093.6142578125
25343,7428.4814453125
25344,8517.5390625
25345,8224.5556640625
25346,4360.43603515625
25347,8480.501953125
25348,8088.7548828125
25349,9527.80078125
25350,5191.3037109375
25351,4549.599609375
25352,9619.7724609375
25353,7120.62158203125
25354,10512.0517578125
25355,6546.814453125
25356,6159.08935546875
25357,8622.5537109375
25358,6707.03515625
25359,6999.595703125
25360,7839.9091796875
25361,6329.4462890625
25362,10176.5068359375
25363,10343.4033203125
25364,8194.2822265625
25365,5354.38623046875
25366,6269.322265625
25367,3955.12353515625
25368,3180.135498046875
25369,7826.64990234375
25370,5636.80615234375
25371,9998.9677734375
25372,4932.6484375
25373,7146.70068359375
25374,6127.37744140625
25375,11317.998046875
25376,5644.3935546875
25377,5786.86572265625
25378,6993.095703125
25379,7800.97314453125
25380,5547.11328125
25381,7907.73388671875
25382,8143.853515625
25383,8624.927734375
25384,8162.86328125
25385,7774.5849609375
25386,5924.7607421875
25387,4881.05224609375
25388,5157.42529296875
25389,11839.0576171875
25390,8978.8857421875
25391,9546.935546875
25392,15553.4541015625
25393,6844.97705078125
25394,5425.912109375
25395,6481.689453125
25396,9272.8671875
25397,10883.310546875
25398,7496.46435546875
25399,7962.25927734375
25400,9147.47265625
25401,7051.474609375
25402,7453.2470703125
25403,6236.7421875
25404,5410.60107421875
25405,5520.41357421875
25406,4419.0244140625
25407,5683.470703125
25408,9131.2041015625
25409,18418.546875
25410,7284.90966796875
25411,5246.421875
25412,8610.525390625
25413,4741.69775390625
25414,6652.01123046875
25415,4735.59326171875
25416,9563.3291015625
25417,7094.4677734375
25418,6505.26806640625
25419,14602.98828125
25420,11353.66796875
25421,6976.06201171875
25422,6800.20654296875
25423,4198.9970703125
25424,5384.29736328125
25425,5732.81689453125
25426,8770.8310546875
25427,5666.59619140625
25428,4894.291015625
25429,5959.6103515625
25430,6119.5166015625
25431,7836.1630859375
25432,8215.2724609375
25433,3553.774658203125
25434,7454.57666015625
25435,8832.7275390625
25436,8229.0107421875
25437,5810.77978515625
25438,5237.3037109375
25439,9274.3779296875
25440,4519.7548828125
25441,10865.3701171875
25442,4288.4228515625
25443,5468.37646484375
25444,7694.73388671875
25445,6409.25
25446,5157.79443359375
25447,6583.9091796875
25448,8119.27783203125
25449,9296.791015625
25450,10367.474609375
25451,5904.57080078125
25452,3885.067138671875
25453,5396.44873046875
25454,6010.46923828125
25455,5800.845703125
25456,6345.4130859375
25457,6464.62060546875
25458,11361.1083984375
25459,8303.59375
25460,6641.0166015625
25461,8092.61962890625
25462,4964.630859375
25463,10184.5322265625
25464,6002.17138671875
25465,14438.09375
25466,6838.3447265625
25467,5691.9140625
25468,7832.5078125
25469,3907.912109375
25470,7052.81494140625
25471,21155.2890625
25472,5329.02978515625
25473,5112.1328125
25474,10748.3408203125
25475,7322.67919921875
25476,7806.04248046875
25477,8991.6142578125
25478,6676.19091796875
25479,6845.408203125
25480,5048.96533203125
25481,10080.001953125
25482,6559.4951171875
25483,7442.44775390625
25484,8096.14697265625
25485,5235.2998046875
25486,8516.4833984375
25487,6651.2001953125
25488,4498.13720703125
25489,8952.9462890625
25490,9271.755859375
25491,4758.55029296875
25492,8917.884765625
25493,6686.0185546875
25494,5374.876953125
25495,8911.275390625
25496,6744.7705078125
25497,8878.3330078125
25498,4285.41650390625
25499,5239.75048828125
25500,7952.1142578125
25501,4427.46240234375
25502,8030.15087890625
25503,5075.146484375
25504,6339.30078125
25505,5067.1005859375
25506,6687.65625
25507,6709.4892578125
25508,7761.19091796875
25509,7381.43798828125
25510,8289.4013671875
25511,6565.14990234375
25512,8234.517578125
25513,7056.02734375
25514,10294.322265625
25515,10108.24609375
25516,7581.9697265625
25517,3965.286865234375
25518,5677.14892578125
25519,7737.79150390625
25520,4785.98486328125
25521,11844.3291015625
25522,6021.75927734375
25523,8958.638671875
25524,8975.03125
25525,7992.853515625
25526,4959.0517578125
25527,10937.3310546875
25528,10494.9111328125
25529,6189.38720703125
25530,9623.869140625
25531,10457.4873046875
25532,5933.7158203125
25533,6006.53466796875
25534,7189.77197265625
25535,5499.5390625
25536,5091.25
25537,7217.4638671875
25538,5033.134765625
25539,7300.91455078125
25540,8582.5166015625
25541,7031.60986328125
25542,9274.345703125
25543,6089.76025390625
25544,6973.75439453125
25545,5323.28369140625
25546,8058.619140625
25547,7813.779296875
25548,6218.072265625
25549,7322.30810546875
25550,7810.2080078125
25551,9659.25390625
25552,6009.7890625
25553,5766.47705078125
25554,6946.0
25555,8150.685546875
25556,8000.76123046875
25557,4787.5166015625
25558,4878.8720703125
25559,8616.5419921875
25560,7247.70947265625
25561,6089.6103515625
25562,8911.560546875
25563,6678.81982421875
25564,8019.7119140625
25565,6474.55810546875
25566,3594.23974609375
25567,7941.38818359375
25568,7316.736328125
25569,7160.43603515625
25570,9724.16015625
25571,10283.79296875
25572,5057.1845703125
25573,8935.46484375
25574,4973.5
25575,2777.895263671875
25576,8851.1865234375
25577,13456.90625
25578,8645.18359375
25579,7851.6083984375
25580,5091.5390625
25581,7158.2587890625
25582,9062.5341796875
25583,7270.84716796875
25584,8836.08203125
25585,5566.61083984375
25586,4667.40576171875
25587,5419.74560546875
25588,5785.87939453125
25589,6054.19384765625
25590,5559.14111328125
25591,5430.2177734375
25592,4296.44482421875
25593,7402.50927734375
25594,8186.294921875
25595,6338.84228515625
25596,6468.9755859375
25597,8437.248046875
25598,6675.75439453125
25599,5613.638671875
25600,10400.251953125
25601,8540.3076171875
25602,5893.15966796875
25603,3866.68701171875
25604,14041.130859375
25605,6607.12353515625
25606,6368.74462890625
25607,9511.126953125
25608,8429.154296875
25609,8698.0478515625
25610,6550.03564453125
25611,7158.126953125
25612,9962.876953125
25613,15543.234375
25614,5941.13525390625
25615,5194.00244140625
25616,6033.18505859375
25617,7548.2197265625
25618,6507.04248046875
25619,10389.36328125
25620,8844.4619140625
25621,6254.25
25622,4523.39208984375
25623,6555.470703125
25624,9964.2578125
25625,5358.0576171875
25626,8198.4677734375
25627,3962.23193359375
25628,7542.29931640625
25629,7450.53955078125
25630,8207.35546875
25631,9033.66015625
25632,6825.26953125
25633,4976.67529296875
25634,6377.8125
25635,7970.6181640625
25636,9089.34375
25637,7816.607421875
25638,8510.9677734375
25639,6783.1328125
25640,5419.07373046875
25641,11238.484375
25642,4020.30859375
25643,10046.078125
25644,6836.4716796875
25645,5208.9189453125
25646,8521.2490234375
25647,6335.18310546875
25648,8917.3583984375
25649,9184.1689453125
25650,4928.53662109375
25651,4534.248046875
25652,8309.2041015625
25653,9626.28515625
25654,9150.3046875
25655,6204.19677734375
25656,6129.66162109375
25657,6911.76953125
25658,6397.25537109375
25659,6365.92333984375
25660,9753.162109375
25661,9387.0390625
25662,10467.09375
25663,5049.10986328125
25664,6436.38525390625
25665,9536.2099609375
25666,9206.1201171875
25667,5919.76904296875
25668,10807.80078125
25669,5867.271484375
25670,6449.357421875
25671,5536.10009765625
25672,5728.66015625
25673,5743.81494140625
25674,7031.84619140625
25675,5280.29931640625
25676,5578.0810546875
25677,10276.0712890625
25678,6779.5546875
25679,24495.01171875
25680,7158.33251953125
25681,4683.17138671875
25682,8642.91015625
25683,12490.2919921875
25684,7531.95458984375
25685,8447.4599609375
25686,5895.8798828125
25687,8152.96240234375
25688,9208.2626953125
25689,6378.14892578125
25690,6256.04736328125
25691,7655.75048828125
25692,8416.1142578125
25693,8557.572265625
25694,9376.943359375
25695,7125.10693359375
25696,5532.81982421875
25697,6182.8232421875
25698,11225.4580078125
25699,12059.73046875
25700,10957.251953125
25701,9390.912109375
25702,5284.9619140625
25703,6344.6435546875
25704,4785.9580078125
25705,9841.189453125
25706,12184.8017578125
25707,10665.6328125
25708,7222.7001953125
25709,6132.9833984375
25710,4829.40576171875
25711,7460.7021484375
25712,11590.7802734375
25713,7391.77294921875
25714,5092.36279296875
25715,6531.81884765625
25716,8541.4580078125
25717,3854.95654296875
25718,8145.89990234375
25719,4675.34619140625
25720,6903.8837890625
25721,6708.22607421875
25722,6135.4384765625
25723,7746.33203125
25724,7343.98486328125
25725,5111.03759765625
25726,8018.744140625
25727,7703.8974609375
25728,11894.4638671875
25729,6411.7529296875
25730,9486.61328125
25731,8333.6318359375
25732,10419.712890625
25733,7776.72265625
25734,10838.7529296875
25735,5812.1513671875
25736,5719.333984375
25737,7152.70654296875
25738,6665.89208984375
25739,10075.8662109375
25740,8701.78125
25741,6475.62841796875
25742,8217.9423828125
25743,7609.7763671875
25744,10679.7451171875
25745,4888.19580078125
25746,15802.9619140625
25747,5599.22998046875
25748,7271.80517578125
25749,9561.6162109375
25750,5794.59521484375
25751,7015.51025390625
25752,8091.25048828125
25753,9153.1787109375
25754,7110.57275390625
25755,6161.40673828125
25756,9009.4912109375
25757,8384.734375
25758,7997.72900390625
25759,5467.88232421875
25760,7677.06689453125
25761,13118.48828125
25762,7353.880859375
25763,5881.390625
25764,7144.25
25765,5872.140625
25766,6456.95458984375
25767,7772.96630859375
25768,4531.39208984375
25769,9771.1767578125
25770,6898.93701171875
25771,7953.5419921875
25772,9764.0078125
25773,6168.7666015625
25774,6327.841796875
25775,5726.39208984375
25776,9184.40234375
25777,11299.0263671875
25778,5120.2978515625
25779,5060.953125
25780,7046.220703125
25781,6317.4912109375
25782,6311.55908203125
25783,8609.001953125
25784,8147.88330078125
25785,8327.7529296875
25786,6468.41552734375
25787,5002.81103515625
25788,7641.42431640625
25789,10197.98828125
25790,9633.7431640625
25791,8776.15625
25792,9235.24609375
25793,7160.07763671875
25794,10641.73046875
25795,6903.31982421875
25796,8141.2744140625
25797,9957.9609375
25798,7236.638671875
25799,12411.365234375
25800,8428.125
25801,8491.24609375
25802,6792.84375
25803,8459.4453125
25804,8860.9638671875
25805,8358.173828125
25806,4580.99951171875
25807,5915.43603515625
25808,8926.87109375
25809,6214.03955078125
25810,4808.41455078125
25811,10263.8505859375
25812,7010.58154296875
25813,6730.96533203125
25814,6446.47021484375
25815,6313.7568359375
25816,9231.509765625
25817,7546.8291015625
25818,8619.34375
25819,5620.76708984375
25820,6024.05029296875
25821,7813.51611328125
25822,4751.3291015625
25823,8302.638671875
25824,7545.0380859375
25825,9411.9912109375
25826,7954.10302734375
25827,6922.34033203125
25828,12473.1728515625
25829,7015.5029296875
25830,5420.6259765625
25831,12494.3740234375
25832,7398.98388671875
25833,8758.6044921875
25834,8512.1044921875
25835,6120.71630859375
25836,6724.85009765625
25837,5692.48291015625
25838,9130.8203125
25839,13287.19921875
25840,7558.08251953125
25841,4021.938720703125
25842,5205.400390625
25843,8942.6875
25844,9635.68359375
25845,8274.0966796875
25846,8046.42626953125
25847,5099.03466796875
25848,6065.6474609375
25849,3739.1904296875
25850,6067.47900390625
25851,6792.86328125
25852,8284.654296875
25853,9622.994140625
25854,14063.7216796875
25855,8268.7802734375
25856,9794.1259765625
25857,7880.99951171875
25858,6099.3642578125
25859,10732.8935546875
25860,12884.728515625
25861,6907.931640625
25862,8474.8544921875
25863,6473.6611328125
25864,7961.666015625
25865,5057.90869140625
25866,9190.900390625
25867,6247.005859375
25868,9952.3125
25869,8219.453125
25870,9695.2509765625
25871,10115.453125
25872,6009.0126953125
25873,9820.591796875
25874,21190.630859375
25875,11645.07421875
25876,7827.6865234375
25877,3268.5927734375
25878,7083.1748046875
25879,9632.857421875
25880,6691.88671875
25881,12518.0859375
25882,20760.4375
25883,4256.53125
25884,6271.31787109375
25885,10400.2802734375
25886,5321.95849609375
25887,11104.0380859375
25888,8871.615234375
25889,9320.1982421875
25890,5811.125
25891,7462.501953125
25892,6498.15283203125
25893,7749.92333984375
25894,10679.2080078125
25895,6931.94921875
25896,5901.8212890625
25897,7722.1552734375
25898,6408.794921875
25899,5628.13134765625
25900,8196.357421875
25901,6646.90478515625
25902,6028.08544921875
25903,9164.28515625
25904,7068.4072265625
25905,7481.2509765625
25906,7452.90234375
25907,8286.5712890625
25908,9824.390625
25909,8718.7431640625
25910,8837.0126953125
25911,6079.02197265625
25912,4020.174560546875
25913,6916.29931640625
25914,7143.724609375
25915,5829.89013671875
25916,4940.1728515625
25917,11117.1181640625
25918,8020.7861328125
25919,10582.919921875
25920,7572.3486328125
25921,6081.1767578125
25922,5603.9248046875
25923,4601.7607421875
25924,11409.7314453125
25925,5785.46875
25926,7929.94921875
25927,16749.76953125
25928,7964.55859375
25929,7714.3984375
25930,5436.2216796875
25931,5559.12353515625
25932,8575.1435546875
25933,4937.23779296875
25934,6342.83349609375
25935,12271.2509765625
25936,5636.65771484375
25937,17543.28515625
25938,16684.474609375
25939,4935.0458984375
25940,7339.380859375
25941,6792.96533203125
25942,7468.82177734375
25943,7091.55126953125
25944,11762.474609375
25945,9085.4814453125
25946,11534.9599609375
25947,6763.10009765625
25948,8895.341796875
25949,6134.32568359375
25950,9995.7060546875
25951,7967.29638671875
25952,6838.3037109375
25953,7302.7431640625
25954,6216.9912109375
25955,9747.8212890625
25956,10217.6142578125
25957,7241.84326171875
25958,11351.5380859375
25959,6566.884765625
25960,11215.8994140625
25961,6066.34765625
25962,5887.05126953125
25963,6326.87744140625
25964,11812.4794921875
25965,6755.0390625
25966,8504.072265625
25967,8502.6640625
25968,9093.15234375
25969,5882.10205078125
25970,10107.2763671875
25971,8328.96484375
25972,4067.219482421875
25973,15509.302734375
25974,17417.837890625
25975,8328.2373046875
25976,8375.4638671875
25977,10989.947265625
25978,12172.0087890625
25979,13325.1474609375
25980,6775.89208984375
25981,8918.4189453125
25982,6969.2822265625
25983,9178.19140625
25984,4844.3828125
25985,7428.52001953125
25986,6367.37841796875
25987,6293.81591796875
25988,8950.75
25989,6490.705078125
25990,5817.7138671875
25991,7522.58203125
25992,5549.8447265625
25993,5169.2158203125
25994,7927.0009765625
25995,8142.4091796875
25996,10335.4072265625
25997,9947.7470703125
25998,7812.255859375
25999,6968.7001953125
26000,6870.79443359375
26001,12595.9677734375
26002,9131.7802734375
26003,5964.58203125
26004,5761.90185546875
26005,10974.822265625
26006,4785.05419921875
26007,8038.5166015625
26008,3776.6845703125
26009,6622.47900390625
26010,9758.748046875
26011,7335.34228515625
26012,6322.896484375
26013,9731.9892578125
26014,10583.216796875
26015,13585.1259765625
26016,7113.18798828125
26017,9148.564453125
26018,3515.531005859375
26019,6174.3642578125
26020,6966.50830078125
26021,5353.1064453125
26022,8827.9296875
26023,5880.20947265625
26024,5503.080078125
26025,9991.3779296875
26026,13392.9482421875
26027,9379.06640625
26028,6315.47607421875
26029,6237.2373046875
26030,13155.763671875
26031,8007.4013671875
26032,7144.3828125
26033,6314.22314453125
26034,7939.10400390625
26035,11752.67578125
26036,4932.55517578125
26037,7434.974609375
26038,8872.48828125
26039,9911.111328125
26040,15192.048828125
26041,7126.302734375
26042,15793.2900390625
26043,7542.912109375
26044,5657.67236328125
26045,4333.8681640625
26046,7541.556640625
26047,7028.95849609375
26048,6774.9755859375
26049,7279.45703125
26050,6320.98779296875
26051,5218.18359375
26052,8208.63671875
26053,4169.34619140625
26054,8341.900390625
26055,7962.181640625
26056,9518.798828125
26057,10176.5419921875
26058,6160.34521484375
26059,10062.373046875
26060,6362.63330078125
26061,6937.783203125
26062,6079.5146484375
26063,5798.87353515625
26064,11948.64453125
26065,6829.09423828125
26066,6513.40771484375
26067,8216.0068359375
26068,9819.8798828125
26069,8552.552734375
26070,7650.359375
26071,9817.8583984375
26072,5844.7060546875
26073,5876.4453125
26074,7500.5009765625
26075,9060.943359375
26076,7838.08349609375
26077,7630.88037109375
26078,6566.55126953125
26079,6521.15185546875
26080,5590.7587890625
26081,5406.51123046875
26082,9343.5322265625
26083,9819.048828125
26084,11993.6533203125
26085,12773.8974609375
26086,9342.3916015625
26087,8642.5498046875
26088,5584.58447265625
26089,11834.7568359375
26090,12056.064453125
26091,9397.5791015625
26092,10022.986328125
26093,10106.7880859375
26094,6283.07275390625
26095,4301.3291015625
26096,10097.3876953125
26097,8760.353515625
26098,8366.8310546875
26099,7102.57470703125
26100,3244.280517578125
26101,13560.310546875
26102,8174.22607421875
26103,10101.1875
26104,5395.0556640625
26105,5652.884765625
26106,7271.3798828125
26107,10670.2783203125
26108,7502.26416015625
26109,5907.56884765625
26110,5610.908203125
26111,4958.5380859375
26112,3502.45654296875
26113,8256.5234375
26114,18716.896484375
26115,5119.50439453125
26116,6096.53369140625
26117,7996.96533203125
26118,5388.7919921875
26119,6113.48974609375
26120,5501.66748046875
26121,4691.1845703125
26122,8157.57373046875
26123,7765.43994140625
26124,4428.3818359375
26125,10093.08984375
26126,7244.45947265625
26127,5269.28125
26128,11394.7080078125
26129,8651.130859375
26130,11218.8974609375
26131,6611.69677734375
26132,7738.56298828125
26133,5361.20166015625
26134,6019.728515625
26135,17718.40625
26136,11896.01171875
26137,6884.87890625
26138,6001.8349609375
26139,5095.98388671875
26140,6308.046875
26141,5100.0849609375
26142,10333.0810546875
26143,5308.77490234375
26144,6453.44677734375
26145,8068.10107421875
26146,5348.98193359375
26147,7218.50146484375
26148,9389.5693359375
26149,7918.82421875
26150,8020.9423828125
26151,5084.02587890625
26152,5798.71142578125
26153,6986.482421875
26154,10602.2529296875
26155,9476.916015625
26156,7776.1376953125
26157,4916.4296875
26158,7705.79638671875
26159,7006.80322265625
26160,4534.822265625
26161,7869.826171875
26162,8240.2734375
26163,7828.82568359375
26164,7520.2958984375
26165,6679.50244140625
26166,7728.6083984375
26167,6415.92041015625
26168,7513.17236328125
26169,6976.27685546875
26170,8619.0625
26171,10722.1943359375
26172,6711.708984375
26173,5552.7939453125
26174,13483.62109375
26175,7215.17431640625
26176,4328.93701171875
26177,8903.2080078125
26178,9419.2353515625
26179,13488.83984375
26180,5435.9541015625
26181,6702.42333984375
26182,6616.1875
26183,8264.564453125
26184,6527.07275390625
26185,10036.830078125
26186,3878.761474609375
26187,7113.359375
26188,6810.57177734375
26189,6012.2900390625
26190,6516.2431640625
26191,7070.57373046875
26192,9649.2578125
26193,6542.517578125
26194,11362.24609375
26195,8384.2158203125
26196,9709.1806640625
26197,5490.888671875
26198,7450.458984375
26199,8408.6318359375
26200,8693.3408203125
26201,8415.51171875
26202,4712.865234375
26203,8788.0556640625
26204,8644.3505859375
26205,9572.62890625
26206,5544.48876953125
26207,4807.26611328125
26208,10197.6494140625
26209,7569.6025390625
26210,10521.6318359375
26211,7328.03271484375
26212,6636.08935546875
26213,9223.1630859375
26214,7926.88671875
26215,8588.3154296875
26216,8389.6337890625
26217,6749.5693359375
26218,10176.900390625
26219,10954.287109375
26220,8958.37890625
26221,5670.80517578125
26222,7388.09912109375
26223,4507.39306640625
26224,3755.835693359375
26225,8420.46875
26226,5926.5439453125
26227,10590.8291015625
26228,5327.3720703125
26229,6963.69189453125
26230,7013.88818359375
26231,11149.7734375
26232,5670.03564453125
26233,5606.64794921875
26234,6830.36474609375
26235,8440.806640625
26236,5607.392578125
26237,7758.32080078125
26238,8217.072265625
26239,8861.017578125
26240,8192.0185546875
26241,7909.5966796875
26242,6323.2890625
26243,5204.65673828125
26244,5523.939453125
26245,13123.5615234375
26246,9374.0029296875
26247,9808.62890625
26248,15658.66015625
26249,7716.4365234375
26250,5917.42578125
26251,7228.00048828125
26252,9960.3232421875
26253,11230.8193359375
26254,8318.515625
26255,9277.314453125
26256,9452.5947265625
26257,8040.205078125
26258,7714.7763671875
26259,6852.42431640625
26260,6144.431640625
26261,6296.2353515625
26262,4496.255859375
26263,6011.4736328125
26264,9254.619140625
26265,18248.30078125
26266,7583.0400390625
26267,5458.1220703125
26268,8474.189453125
26269,4718.58056640625
26270,6950.9228515625
26271,4804.95947265625
26272,10357.6396484375
26273,7309.42529296875
26274,6947.94287109375
26275,15105.6591796875
26276,11147.9287109375
26277,6899.51513671875
26278,7375.05322265625
26279,4435.63427734375
26280,5576.56689453125
26281,5899.15087890625
26282,8689.0361328125
26283,5993.17578125
26284,5019.90869140625
26285,7046.63427734375
26286,6344.197265625
26287,8474.3671875
26288,8339.65234375
26289,3859.95361328125
26290,7876.53515625
26291,9488.2705078125
26292,8281.26171875
26293,6256.19384765625
26294,5176.54248046875
26295,9856.33984375
26296,5232.13330078125
26297,11139.4423828125
26298,4712.00634765625
26299,6171.5595703125
26300,8509.201171875
26301,7892.01025390625
26302,5458.26611328125
26303,7227.57177734375
26304,8799.064453125
26305,9812.751953125
26306,10932.662109375
26307,6226.7958984375
26308,4148.6572265625
26309,5627.43310546875
26310,7124.89208984375
26311,6146.9755859375
26312,7290.0498046875
26313,6532.90087890625
26314,11781.484375
26315,8944.005859375
26316,7119.50244140625
26317,8297.7470703125
26318,5813.8876953125
26319,10375.9599609375
26320,6743.30517578125
26321,15234.1318359375
26322,7562.62109375
26323,5599.3330078125
26324,8400.9912109375
26325,4413.8408203125
26326,7511.96337890625
26327,21548.8984375
26328,5065.43310546875
26329,5552.443359375
26330,11865.6533203125
26331,6983.310546875
26332,8252.33203125
26333,9546.1044921875
26334,7279.4580078125
26335,6921.880859375
26336,5739.22900390625
26337,10831.9560546875
26338,6818.2626953125
26339,8025.5029296875
26340,8897.33984375
26341,6074.04150390625
26342,9058.103515625
26343,7392.3974609375
26344,4274.6826171875
26345,9799.3251953125
26346,10532.91015625
26347,4539.77099609375
26348,9101.64453125
26349,7119.86474609375
26350,5706.42724609375
26351,9714.2861328125
26352,6961.9697265625
26353,9017.693359375
26354,4694.11865234375
26355,5777.45751953125
26356,7726.87060546875
26357,5176.77880859375
26358,8631.740234375
26359,4957.20361328125
26360,6962.2197265625
26361,5733.75830078125
26362,7129.74658203125
26363,6874.32373046875
26364,8315.34765625
26365,7883.0869140625
26366,8711.9833984375
26367,7788.4169921875
26368,7920.00927734375
26369,6786.96826171875
26370,10480.681640625
26371,10509.5791015625
26372,8084.5751953125
26373,3775.923583984375
26374,7100.013671875
26375,8489.7060546875
26376,4743.15869140625
26377,11821.07421875
26378,6190.69140625
26379,9753.8857421875
26380,8992.6357421875
26381,8636.7021484375
26382,4963.2978515625
26383,12124.501953125
26384,10734.115234375
26385,6409.60400390625
26386,11006.818359375
26387,11933.1455078125
26388,6163.71923828125
26389,6494.88427734375
26390,7918.90869140625
26391,5781.54443359375
26392,5650.96484375
26393,7529.119140625
26394,5449.8818359375
26395,8121.8203125
26396,8396.552734375
26397,7411.048828125
26398,9690.537109375
26399,6601.50048828125
26400,7661.31787109375
26401,5641.13916015625
26402,9127.845703125
26403,8072.318359375
26404,6878.232421875
26405,7766.07861328125
26406,8710.6962890625
26407,10625.841796875
26408,6463.73681640625
26409,6358.2412109375
26410,7544.490234375
26411,7854.00341796875
26412,8516.4072265625
26413,5033.06591796875
26414,5138.36376953125
26415,8493.1884765625
26416,7323.0517578125
26417,6759.5908203125
26418,9236.9912109375
26419,6754.53076171875
26420,7993.025390625
26421,6385.33251953125
26422,3957.068359375
26423,8661.4580078125
26424,7561.9111328125
26425,8469.8515625
26426,9824.47265625
26427,10346.8466796875
26428,5239.1669921875
26429,9251.107421875
26430,4814.97998046875
26431,3219.718017578125
26432,8900.8642578125
26433,12812.26953125
26434,8994.0693359375
26435,8243.7724609375
26436,6182.37841796875
26437,7981.39892578125
26438,9607.978515625
26439,7990.91015625
26440,9492.3046875
26441,5566.79931640625
26442,4758.76513671875
26443,5936.61865234375
26444,5987.5615234375
26445,6424.47119140625
26446,6152.5478515625
26447,5657.79833984375
26448,4686.6865234375
26449,8499.6767578125
26450,9555.35546875
26451,6535.5615234375
26452,7182.6513671875
26453,8573.9267578125
26454,6682.59326171875
26455,6295.88037109375
26456,10361.2734375
26457,8647.01171875
26458,5906.03466796875
26459,3977.580810546875
26460,15121.7978515625
26461,7010.85595703125
26462,6909.091796875
26463,10030.2763671875
26464,8360.5771484375
26465,9033.1142578125
26466,7035.03271484375
26467,7575.26806640625
26468,11806.9453125
26469,15520.5546875
26470,6529.12060546875
26471,5955.20361328125
26472,5653.6533203125
26473,7172.37548828125
26474,6598.7451171875
26475,9132.4169921875
26476,9599.5751953125
26477,6732.37255859375
26478,4876.62646484375
26479,7732.42333984375
26480,10414.4189453125
26481,5433.677734375
26482,8517.0400390625
26483,5362.54443359375
26484,7837.25341796875
26485,8427.1201171875
26486,8320.517578125
26487,9726.443359375
26488,7291.265625
26489,5087.037109375
26490,6610.45654296875
26491,8934.9853515625
26492,9757.8486328125
26493,7582.90966796875
26494,8634.2626953125
26495,6976.4140625
26496,5540.29833984375
26497,11479.873046875
26498,4679.55224609375
26499,10799.216796875
26500,7236.8984375
26501,5490.44677734375
26502,9099.21875
26503,7038.89794921875
26504,8430.2900390625
26505,9687.2255859375
26506,4605.4580078125
26507,5115.66455078125
26508,8827.328125
26509,10805.921875
26510,9947.5576171875
26511,6200.45703125
26512,7197.50634765625
26513,7824.4658203125
26514,6920.2080078125
26515,6638.154296875
26516,10315.2294921875
26517,9852.7490234375
26518,11585.78515625
26519,5411.94677734375
26520,6679.88623046875
26521,9473.6572265625
26522,9961.470703125
26523,6772.6982421875
26524,11573.38671875
26525,6655.2841796875
26526,7038.81689453125
26527,6314.74609375
26528,5859.8740234375
26529,6186.2060546875
26530,7984.2958984375
26531,5704.48828125
26532,6370.15087890625
26533,10967.1845703125
26534,6766.93212890625
26535,25076.751953125
26536,6982.3623046875
26537,5550.74169921875
26538,9366.0146484375
26539,13964.9794921875
26540,8595.513671875
26541,11051.51171875
26542,6687.27880859375
26543,10480.8359375
26544,11162.919921875
26545,7904.373046875
26546,7376.37158203125
26547,9537.7158203125
26548,10122.9921875
26549,10065.201171875
26550,10324.35546875
26551,8835.986328125
26552,6798.4541015625
26553,8491.5302734375
26554,14618.005859375
26555,13426.7333984375
26556,12570.03125
26557,12915.2568359375
26558,6088.302734375
26559,8222.2939453125
26560,6002.78955078125
26561,11687.0537109375
26562,15607.8232421875
26563,12836.39453125
26564,9938.48046875
26565,8129.802734375
26566,5153.82421875
26567,8818.7900390625
26568,14425.892578125
26569,9254.15234375
26570,7327.7626953125
26571,8980.564453125
26572,10196.84765625
26573,4695.5322265625
26574,10055.4453125
26575,6677.8720703125
26576,9477.7529296875
26577,9323.0556640625
26578,7323.310546875
26579,9761.107421875
26580,10078.833984375
26581,7020.72509765625
26582,9171.1044921875
26583,10410.8076171875
26584,15079.16796875
26585,7736.18896484375
26586,11571.1513671875
26587,9704.861328125
26588,12883.1865234375
26589,10081.375
26590,12958.69140625
26591,7702.94189453125
26592,6677.61865234375
26593,8792.7734375
26594,8298.5791015625
26595,12993.4892578125
26596,10775.8876953125
26597,8009.91162109375
26598,10454.75390625
26599,8441.3759765625
26600,12111.017578125
26601,5829.78466796875
26602,18336.50390625
26603,6442.88037109375
26604,8370.880859375
26605,11369.4775390625
26606,7252.201171875
26607,9173.5107421875
26608,9331.0927734375
26609,12546.26171875
26610,9116.6259765625
26611,7940.12060546875
26612,10684.9296875
26613,10209.603515625
26614,9777.2568359375
26615,7390.98046875
26616,9442.884765625
26617,15997.390625
26618,8604.158203125
26619,7019.48486328125
26620,8937.4736328125
26621,7368.052734375
26622,7959.30859375
26623,9715.1123046875
26624,5915.53662109375
26625,13677.3662109375
26626,8915.8466796875
26627,9811.7255859375
26628,12675.953125
26629,6280.6552734375
26630,8241.49609375
26631,7800.58251953125
26632,11914.4453125
26633,11424.744140625
26634,6352.5048828125
26635,7027.9716796875
26636,9035.3505859375
26637,8320.265625
26638,8410.7138671875
26639,10121.623046875
26640,9356.5888671875
26641,9641.453125
26642,8288.638671875
26643,6132.568359375
26644,10070.583984375
26645,11906.9052734375
26646,10824.708984375
26647,12062.4267578125
26648,12326.2080078125
26649,8650.6533203125
26650,13901.9267578125
26651,8646.4775390625
26652,10264.0302734375
26653,13217.4892578125
26654,8940.3603515625
26655,14991.318359375
26656,9261.9951171875
26657,11377.826171875
26658,8179.34814453125
26659,9790.546875
26660,12280.041015625
26661,10578.734375
26662,5255.4091796875
26663,7554.01416015625
26664,11461.646484375
26665,7609.57958984375
26666,6190.6171875
26667,13483.1591796875
26668,7800.0595703125
26669,7829.1865234375
26670,7713.68994140625
26671,8260.580078125
26672,11108.400390625
26673,9569.619140625
26674,9974.5771484375
26675,8601.1767578125
26676,7600.9033203125
26677,10242.7685546875
26678,5237.4228515625
26679,8817.970703125
26680,10061.4501953125
26681,11182.234375
26682,9144.326171875
26683,8013.30419921875
26684,14812.1123046875
26685,8449.158203125
26686,7651.0615234375
26687,14881.294921875
26688,9059.9228515625
26689,12105.4775390625
26690,9580.26953125
26691,7793.0771484375
26692,8657.3828125
26693,6927.935546875
26694,11006.318359375
26695,16562.958984375
26696,9835.8828125
26697,5217.90478515625
26698,6469.55712890625
26699,10259.8955078125
26700,11608.904296875
26701,9572.294921875
26702,8999.4990234375
26703,5940.73876953125
26704,7282.55224609375
26705,4750.5068359375
26706,7069.23046875
26707,8282.9072265625
26708,10770.7998046875
26709,10034.05859375
26710,14991.544921875
26711,10991.4443359375
26712,12616.5185546875
26713,9370.212890625
26714,7548.2578125
26715,12103.3193359375
26716,17387.623046875
26717,8881.173828125
26718,9981.2880859375
26719,8669.5166015625
26720,9762.9873046875
26721,7409.767578125
26722,10493.4638671875
26723,9207.970703125
26724,11624.9560546875
26725,9554.447265625
26726,13369.388671875
26727,12144.26171875
26728,7447.939453125
26729,13079.6259765625
26730,24289.61328125
26731,15303.6669921875
26732,10551.8251953125
26733,4974.3583984375
26734,9355.5341796875
26735,11507.658203125
26736,7465.54443359375
26737,12706.208984375
26738,21546.248046875
26739,5627.62451171875
26740,8395.7705078125
26741,12214.18359375
26742,7073.0048828125
26743,13799.826171875
26744,9780.2451171875
26745,12281.67578125
26746,6700.49853515625
26747,9031.173828125
26748,8414.572265625
26749,9959.4169921875
26750,15120.017578125
26751,8211.5634765625
26752,7658.07763671875
26753,8866.423828125
26754,7739.111328125
26755,6796.39794921875
26756,9570.6845703125
26757,9588.73828125
26758,7959.2744140625
26759,11550.98046875
26760,7759.99267578125
26761,9244.7548828125
26762,9415.171875
26763,10597.6845703125
26764,12026.5693359375
26765,11006.54296875
26766,10543.6796875
26767,7524.10888671875
26768,5809.92236328125
26769,7745.36865234375
26770,8719.2197265625
26771,8355.2177734375
26772,6017.29296875
26773,12277.6552734375
26774,10014.1650390625
26775,13993.654296875
26776,8728.103515625
26777,7984.7880859375
26778,7194.86083984375
26779,6220.59912109375
26780,14785.724609375
26781,7078.21240234375
26782,9911.8212890625
26783,20018.6171875
26784,10067.830078125
26785,8956.4716796875
26786,7272.1298828125
26787,6478.7880859375
26788,10091.59375
26789,6298.69970703125
26790,7733.185546875
26791,13137.6865234375
26792,7674.70556640625
26793,21116.705078125
26794,18612.3046875
26795,6695.6728515625
26796,9434.443359375
26797,8150.48046875
26798,9724.1015625
26799,8182.7001953125
26800,13602.037109375
26801,10611.5947265625
26802,13756.212890625
26803,8430.5107421875
26804,10477.775390625
26805,8557.775390625
26806,11839.615234375
26807,10318.9375
26808,8737.2880859375
26809,9337.07421875
26810,6878.36767578125
26811,12997.7958984375
26812,12289.0009765625
26813,9820.3916015625
26814,15551.544921875
26815,8533.841796875
26816,13362.41796875
26817,6641.3857421875
26818,7644.81640625
26819,8636.478515625
26820,15982.041015625
26821,9021.671875
26822,10851.826171875
26823,11163.73828125
26824,11729.55859375
26825,8316.0966796875
26826,10711.224609375
26827,9799.7587890625
26828,5396.54541015625
26829,17190.943359375
26830,20110.478515625
26831,10719.2001953125
26832,10887.6533203125
26833,13330.2607421875
26834,15290.28125
26835,14364.0263671875
26836,8573.9423828125
26837,11851.5322265625
26838,8839.26171875
26839,11707.8369140625
26840,5539.9814453125
26841,9483.849609375
26842,8724.94921875
26843,7940.03759765625
26844,10594.0703125
26845,8248.1064453125
26846,7808.88818359375
26847,9656.8388671875
26848,6346.28857421875
26849,6993.72509765625
26850,9012.8330078125
26851,9784.8837890625
26852,13636.9462890625
26853,12501.623046875
26854,9697.1103515625
26855,9493.814453125
26856,8495.5078125
26857,14918.09375
26858,10017.3525390625
26859,7974.5029296875
26860,7101.5390625
26861,12919.560546875
26862,5992.34375
26863,10442.720703125
26864,6100.17626953125
26865,7696.67578125
26866,12220.5517578125
26867,8974.9169921875
26868,8461.5126953125
26869,12561.017578125
26870,13548.8544921875
26871,14810.3623046875
26872,8067.31298828125
26873,11398.7353515625
26874,4664.8896484375
26875,7550.181640625
26876,8616.044921875
26877,6978.953125
26878,10072.453125
26879,7123.1796875
26880,7197.4580078125
26881,12471.8046875
26882,15910.57421875
26883,10893.5673828125
26884,7390.810546875
26885,8663.736328125
26886,15949.6103515625
26887,9590.1103515625
26888,8808.568359375
26889,7658.72119140625
26890,9958.4208984375
26891,13994.59375
26892,6554.15869140625
26893,9242.9951171875
26894,11584.763671875
26895,12118.5615234375
26896,16571.421875
26897,9022.51171875
26898,17637.5546875
26899,9365.2763671875
26900,7320.21728515625
26901,5117.84228515625
26902,8914.091796875
26903,9312.3486328125
26904,9360.4150390625
26905,9420.3291015625
26906,8019.994140625
26907,6575.60693359375
26908,9777.8408203125
26909,5451.6435546875
26910,9036.5126953125
26911,10524.236328125
26912,11224.609375
26913,13100.0888671875
26914,8071.95751953125
26915,11426.017578125
26916,7004.26025390625
26917,8670.880859375
26918,7898.6103515625
26919,7083.71875
26920,14401.4375
26921,8752.8935546875
26922,7064.3857421875
26923,10930.4169921875
26924,12984.5126953125
26925,11271.017578125
26926,9370.349609375
26927,11886.568359375
26928,7025.30908203125
26929,7623.76025390625
26930,9824.8994140625
26931,11505.8896484375
26932,9301.3662109375
26933,9871.01953125
26934,9377.7763671875
26935,9017.013671875
26936,7212.8798828125
26937,6715.5517578125
26938,11493.8916015625
26939,11925.7197265625
26940,14395.89453125
26941,16697.88671875
26942,11481.64453125
26943,10095.744140625
26944,6943.16796875
26945,13412.6943359375
26946,15884.845703125
26947,12483.30859375
26948,12037.8955078125
26949,11459.2763671875
26950,7870.2314453125
26951,5467.99072265625
26952,11598.4189453125
26953,11812.8984375
26954,10942.517578125
26955,8379.5166015625
26956,4900.07177734375
26957,17149.11328125
26958,10609.0478515625
26959,13192.1435546875
26960,6467.98876953125
26961,7499.7451171875
26962,8488.412109375
26963,13538.6328125
26964,8860.201171875
26965,7714.37109375
26966,6735.8046875
26967,6376.56787109375
26968,3630.552734375
26969,9819.794921875
26970,19831.25
26971,5549.75146484375
26972,8040.74609375
26973,10216.138671875
26974,6253.48095703125
26975,7761.5166015625
26976,7416.26025390625
26977,6106.78955078125
26978,10099.8583984375
26979,10166.2451171875
26980,5466.9384765625
26981,12418.46484375
26982,9750.6591796875
26983,6835.1083984375
26984,14105.2333984375
26985,11232.1279296875
26986,12851.78515625
26987,8411.9306640625
26988,8993.3671875
26989,6859.79296875
26990,7383.80810546875
26991,20493.30078125
26992,16072.4970703125
26993,8392.6865234375
26994,8341.7724609375
26995,6917.546875
26996,7897.51611328125
26997,6069.20751953125
26998,12754.25390625
26999,6542.96533203125
27000,7376.02734375
27001,10500.55859375
27002,6516.0810546875
27003,8102.12255859375
27004,10220.5556640625
27005,10187.8876953125
27006,9869.3583984375
27007,6907.72314453125
27008,6536.5439453125
27009,10122.15234375
27010,12632.2890625
27011,11162.4150390625
27012,10365.81640625
27013,6242.13037109375
27014,9888.271484375
27015,7566.98876953125
27016,5937.94677734375
27017,9339.3515625
27018,10984.68359375
27019,9746.921875
27020,9451.5517578125
27021,8502.787109375
27022,9793.9736328125
27023,7743.7509765625
27024,8570.576171875
27025,8483.3369140625
27026,11112.3671875
27027,12664.458984375
27028,8154.265625
27029,6751.13134765625
27030,16936.80859375
27031,8854.8271484375
27032,5677.5732421875
27033,9942.958984375
27034,11231.779296875
27035,14503.333984375
27036,6668.7265625
27037,8839.9326171875
27038,7475.00390625
27039,9938.615234375
27040,8592.1201171875
27041,13669.013671875
27042,4917.79150390625
27043,8718.146484375
27044,9607.556640625
27045,7314.88623046875
27046,7737.25
27047,8943.7490234375
27048,11673.0322265625
27049,7492.6708984375
27050,11575.4345703125
27051,10744.46875
27052,13059.6484375
27053,6939.84375
27054,9467.8662109375
27055,9911.880859375
27056,11438.5517578125
27057,10699.005859375
27058,6317.82373046875
27059,9159.4765625
27060,11383.958984375
27061,11757.3515625
27062,6651.8798828125
27063,6082.0927734375
27064,13967.7373046875
27065,9467.595703125
27066,12952.744140625
27067,9749.01171875
27068,7643.77685546875
27069,12031.3271484375
27070,9895.248046875
27071,11775.3271484375
27072,9717.873046875
27073,9581.1728515625
27074,12123.2470703125
27075,14343.4912109375
27076,10037.68359375
27077,7539.033203125
27078,8791.44140625
27079,5980.89892578125
27080,4338.78955078125
27081,11110.91796875
27082,7173.53125
27083,12927.2275390625
27084,6961.9970703125
27085,8752.1962890625
27086,8660.568359375
27087,12290.8271484375
27088,7598.54736328125
27089,7198.85400390625
27090,8869.630859375
27091,9960.9189453125
27092,8043.15478515625
27093,9612.62890625
27094,10294.322265625
27095,10469.740234375
27096,10518.57421875
27097,9979.0986328125
27098,7709.96533203125
27099,6375.48583984375
27100,6622.6806640625
27101,16467.83203125
27102,11737.9052734375
27103,12579.337890625
27104,16238.1962890625
27105,9102.8486328125
27106,7757.70263671875
27107,9029.21875
27108,12323.1337890625
27109,15038.484375
27110,9976.06640625
27111,11116.255859375
27112,12557.654296875
27113,9138.44140625
27114,10519.767578125
27115,8689.8759765625
27116,7467.4521484375
27117,7606.93408203125
27118,5955.05419921875
27119,8090.97509765625
27120,12220.4658203125
27121,21074.0546875
27122,9517.9296875
27123,6511.6611328125
27124,10558.1572265625
27125,7091.2841796875
27126,8711.267578125
27127,5709.982421875
27128,12584.23828125
27129,9503.673828125
27130,9449.701171875
27131,19804.77734375
27132,11989.1630859375
27133,9025.4833984375
27134,9311.0888671875
27135,5658.8857421875
27136,6372.0673828125
27137,7288.6162109375
27138,11217.4052734375
27139,7732.2509765625
27140,6775.7177734375
27141,7740.912109375
27142,8765.88671875
27143,9580.7529296875
27144,11214.333984375
27145,4694.05517578125
27146,10161.0087890625
27147,12655.779296875
27148,11128.623046875
27149,8843.765625
27150,6972.68505859375
27151,11977.1591796875
27152,6410.12060546875
27153,13527.4296875
27154,6188.4580078125
27155,8143.06201171875
27156,10653.5859375
27157,9810.4072265625
27158,6972.90185546875
27159,9207.2255859375
27160,10721.7001953125
27161,12161.6904296875
27162,14122.16796875
27163,8107.6337890625
27164,5329.93310546875
27165,7044.6181640625
27166,8411.060546875
27167,7319.638671875
27168,9257.2060546875
27169,8340.732421875
27170,14880.771484375
27171,12099.3427734375
27172,8359.3408203125
27173,9690.697265625
27174,6730.56005859375
27175,12645.345703125
27176,7819.87939453125
27177,16248.93359375
27178,9411.431640625
27179,7898.25244140625
27180,10613.2578125
27181,5492.0068359375
27182,8893.392578125
27183,26034.80859375
27184,6832.71337890625
27185,6397.83935546875
27186,13613.67578125
27187,8876.7392578125
27188,9453.8486328125
27189,11545.5537109375
27190,9319.3759765625
27191,7429.83935546875
27192,6703.1611328125
27193,12726.2587890625
27194,8143.0771484375
27195,9289.21484375
27196,10314.6953125
27197,6639.89404296875
27198,10958.486328125
27199,8555.333984375
27200,6115.0078125
27201,11135.51171875
27202,11861.251953125
27203,5538.0107421875
27204,11048.0849609375
27205,9349.9970703125
27206,7164.9130859375
27207,12049.6298828125
27208,9317.6044921875
27209,10690.3935546875
27210,5887.7666015625
27211,7159.26171875
27212,8443.9560546875
27213,6206.32421875
27214,10110.3623046875
27215,6549.45263671875
27216,7816.00048828125
27217,6781.52490234375
27218,9282.8642578125
27219,7671.76806640625
27220,9892.6865234375
27221,9538.0869140625
27222,11094.5185546875
27223,9500.974609375
27224,9709.7041015625
27225,7644.61474609375
27226,13186.501953125
27227,13014.369140625
27228,9665.224609375
27229,5236.12890625
27230,8061.23583984375
27231,10640.9501953125
27232,5928.43798828125
27233,15428.150390625
27234,8719.1591796875
27235,11018.7626953125
27236,11084.5576171875
27237,8716.853515625
27238,6685.248046875
27239,14192.5634765625
27240,13433.4267578125
27241,7255.27734375
27242,12231.658203125
27243,12289.28125
27244,8099.14990234375
27245,6779.79248046875
27246,9671.6533203125
27247,7713.3369140625
27248,7129.642578125
27249,9410.5673828125
27250,6901.01611328125
27251,8098.4462890625
27252,11219.1162109375
27253,9976.0654296875
27254,12767.732421875
27255,7868.02978515625
27256,9040.796875
27257,7397.92578125
27258,10356.529296875
27259,10004.888671875
27260,8686.443359375
27261,9137.2353515625
27262,10374.67578125
27263,13387.169921875
27264,8550.6298828125
27265,7749.2998046875
27266,9607.4228515625
27267,9767.3212890625
27268,10151.322265625
27269,5906.30126953125
27270,6169.44970703125
27271,9520.708984375
27272,7832.52880859375
27273,8422.408203125
27274,11483.36328125
27275,7864.3818359375
27276,9672.6875
27277,8734.8896484375
27278,5621.52783203125
27279,10392.4267578125
27280,9494.208984375
27281,10493.443359375
27282,12762.796875
27283,12775.6845703125
27284,6383.85693359375
27285,11243.99609375
27286,5959.11181640625
27287,4117.34521484375
27288,11910.80078125
27289,14032.115234375
27290,10904.39453125
27291,10920.8876953125
27292,8300.375
27293,10293.837890625
27294,13064.822265625
27295,9542.42578125
27296,11857.142578125
27297,6923.28076171875
27298,5573.1455078125
27299,7097.89404296875
27300,7191.28515625
27301,7880.61767578125
27302,8461.177734375
27303,8509.6142578125
27304,5993.15283203125
27305,9472.6064453125
27306,10847.8037109375
27307,8843.73046875
27308,8559.8193359375
27309,10808.5693359375
27310,8390.212890625
27311,6609.84521484375
27312,13490.564453125
27313,10972.7177734375
27314,8046.38720703125
27315,5933.97216796875
27316,18524.576171875
27317,9039.33203125
27318,9695.2294921875
27319,14074.3310546875
27320,10437.63671875
27321,12470.7939453125
27322,8917.7294921875
27323,8756.689453125
27324,13095.1142578125
27325,20775.85546875
27326,8492.423828125
27327,7996.2373046875
27328,7388.07666015625
27329,9074.2734375
27330,8186.09619140625
27331,10255.7158203125
27332,12837.8603515625
27333,7552.43798828125
27334,6105.06640625
27335,9590.30078125
27336,13300.6044921875
27337,6974.49951171875
27338,10694.98828125
27339,4994.92919921875
27340,9799.306640625
27341,9069.4580078125
27342,10592.115234375
27343,11471.3544921875
27344,9789.4287109375
27345,7391.818359375
27346,8368.5439453125
27347,10721.859375
27348,11614.822265625
27349,9673.005859375
27350,10928.490234375
27351,8929.3134765625
27352,6858.5908203125
27353,12723.98046875
27354,5824.41357421875
27355,12668.7333984375
27356,8693.236328125
27357,7351.1240234375
27358,11296.01953125
27359,8751.4296875
27360,10261.7802734375
27361,11831.9091796875
27362,5382.771484375
27363,6832.24755859375
27364,11539.623046875
27365,12805.1123046875
27366,11137.755859375
27367,7973.93798828125
27368,8226.4833984375
27369,10502.2705078125
27370,9090.1064453125
27371,7310.48681640625
27372,13612.7890625
27373,13005.9697265625
27374,12569.4921875
27375,6177.1708984375
27376,8493.4453125
27377,10040.833984375
27378,13136.3134765625
27379,8647.7958984375
27380,15267.6396484375
27381,8166.912109375
27382,8651.80859375
27383,7788.95556640625
27384,9113.6982421875
27385,7124.50537109375
27386,10114.064453125
27387,7873.9033203125
27388,8121.6162109375
27389,15909.541015625
27390,8142.93212890625
27391,26867.21875
27392,10308.640625
27393,0.0
27394,0.0
27395,0.0
27396,0.0
27397,0.0
27398,0.0
27399,0.0
27400,0.0
27401,0.0
27402,0.0
27403,0.0
27404,0.0
27405,0.0
27406,0.0
27407,0.0
27408,0.0
27409,0.0
27410,0.0
27411,0.0
27412,0.0
27413,0.0
27414,0.0
27415,0.0
27416,0.0
27417,0.0
27418,0.0
27419,0.0
27420,0.0
27421,0.0
27422,0.0
27423,0.0
27424,0.0
27425,0.0
27426,0.0
27427,0.0
27428,0.0
27429,0.0
27430,0.0
27431,0.0
27432,0.0
27433,0.0
27434,0.0
27435,0.0
27436,0.0
27437,0.0
27438,0.0
27439,0.0
27440,0.0
27441,0.0
27442,0.0
27443,0.0
27444,0.0
27445,0.0
27446,0.0
27447,0.0
27448,0.0
27449,0.0
27450,0.0
27451,0.0
27452,0.0
27453,0.0
27454,0.0
27455,0.0
27456,0.0
27457,0.0
27458,0.0
27459,0.0
27460,0.0
27461,0.0
27462,0.0
27463,0.0
27464,0.0
27465,0.0
27466,0.0
27467,0.0
27468,0.0
27469,0.0
27470,0.0
27471,0.0
27472,0.0
27473,0.0
27474,0.0
27475,0.0
27476,0.0
27477,0.0
27478,0.0
27479,0.0
27480,0.0
27481,0.0
27482,0.0
27483,0.0
27484,5156.88623046875
27485,0.0
27486,0.0
27487,0.0
27488,0.0
27489,0.0
27490,0.0
27491,0.0
27492,0.0
27493,0.0
27494,0.0
27495,0.0
27496,0.0
27497,0.0
27498,0.0
27499,0.0
27500,0.0
27501,0.0
27502,0.0
27503,0.0
27504,0.0
27505,0.0
27506,0.0
27507,0.0
27508,0.0
27509,0.0
27510,0.0
27511,0.0
27512,0.0
27513,0.0
27514,0.0
27515,0.0
27516,0.0
27517,0.0
27518,0.0
27519,0.0
27520,0.0
27521,0.0
27522,0.0
27523,0.0
27524,0.0
27525,0.0
27526,0.0
27527,0.0
27528,0.0
27529,0.0
27530,0.0
27531,0.0
27532,0.0
27533,0.0
27534,0.0
27535,0.0
27536,0.0
27537,0.0
27538,0.0
27539,0.0
27540,0.0
27541,0.0
27542,0.0
27543,0.0
27544,0.0
27545,0.0
27546,0.0
27547,0.0
27548,0.0
27549,0.0
27550,0.0
27551,0.0
27552,3343.822265625
27553,0.0
27554,0.0
27555,0.0
27556,0.0
27557,0.0
27558,0.0
27559,0.0
27560,0.0
27561,0.0
27562,0.0
27563,0.0
27564,0.0
27565,0.0
27566,0.0
27567,0.0
27568,0.0
27569,0.0
27570,0.0
27571,0.0
27572,0.0
27573,0.0
27574,0.0
27575,0.0
27576,0.0
27577,0.0
27578,0.0
27579,0.0
27580,0.0
27581,0.0
27582,0.0
27583,0.0
27584,0.0
27585,0.0
27586,0.0
27587,0.0
27588,0.0
27589,0.0
27590,0.0
27591,0.0
27592,0.0
27593,17218.9375
27594,32317.634765625
27595,0.0
27596,0.0
27597,0.0
27598,0.0
27599,0.0
27600,0.0
27601,0.0
27602,7895.43994140625
27603,0.0
27604,0.0
27605,0.0
27606,0.0
27607,0.0
27608,0.0
27609,0.0
27610,0.0
27611,0.0
27612,0.0
27613,0.0
27614,0.0
27615,0.0
27616,0.0
27617,0.0
27618,0.0
27619,0.0
27620,0.0
27621,5578.74755859375
27622,0.0
27623,0.0
27624,0.0
27625,0.0
27626,0.0
27627,0.0
27628,0.0
27629,0.0
27630,0.0
27631,3398.91064453125
27632,0.0
27633,0.0
27634,0.0
27635,0.0
27636,0.0
27637,0.0
27638,0.0
27639,0.0
27640,0.0
27641,0.0
27642,0.0
27643,0.0
27644,0.0
27645,0.0
27646,0.0
27647,0.0
27648,0.0
27649,9123.6923828125
27650,0.0
27651,0.0
27652,0.0
27653,0.0
27654,0.0
27655,0.0
27656,0.0
27657,0.0
27658,0.0
27659,0.0
27660,0.0
27661,0.0
27662,0.0
27663,0.0
27664,0.0
27665,0.0
27666,9897.76171875
27667,0.0
27668,0.0
27669,0.0
27670,0.0
27671,0.0
27672,0.0
27673,0.0
27674,0.0
27675,0.0
27676,0.0
27677,0.0
27678,0.0
27679,0.0
27680,0.0
27681,0.0
27682,0.0
27683,0.0
27684,0.0
27685,0.0
27686,0.0
27687,0.0
27688,0.0
27689,0.0
27690,0.0
27691,0.0
27692,0.0
27693,0.0
27694,0.0
27695,0.0
27696,0.0
27697,0.0
27698,0.0
27699,0.0
27700,0.0
27701,0.0
27702,0.0
27703,0.0
27704,0.0
27705,0.0
27706,0.0
27707,0.0
27708,0.0
27709,0.0
27710,0.0
27711,0.0
27712,0.0
27713,0.0
27714,0.0
27715,0.0
27716,0.0
27717,0.0
27718,0.0
27719,0.0
27720,0.0
27721,0.0
27722,0.0
27723,0.0
27724,0.0
27725,0.0
27726,0.0
27727,0.0
27728,1838.9793701171875
27729,0.0
27730,0.0
27731,0.0
27732,0.0
27733,0.0
27734,0.0
27735,0.0
27736,0.0
27737,0.0
27738,0.0
27739,0.0
27740,0.0
27741,0.0
27742,6527.12451171875
27743,0.0
27744,0.0
27745,0.0
27746,0.0
27747,0.0
27748,0.0
27749,0.0
27750,0.0
27751,0.0
27752,0.0
27753,0.0
27754,0.0
27755,0.0
27756,0.0
27757,0.0
27758,0.0
27759,0.0
27760,0.0
27761,0.0
27762,0.0
27763,0.0
27764,0.0
27765,0.0
27766,0.0
27767,0.0
27768,0.0
27769,0.0
27770,0.0
27771,0.0
27772,0.0
27773,0.0
27774,0.0
27775,0.0
27776,0.0
27777,0.0
27778,0.0
27779,0.0
27780,0.0
27781,0.0
27782,0.0
27783,0.0
27784,0.0
27785,8644.841796875
27786,0.0
27787,0.0
27788,0.0
27789,0.0
27790,0.0
27791,0.0
27792,0.0
27793,0.0
27794,0.0
27795,2624.435546875
27796,0.0
27797,0.0
27798,0.0
27799,6216.6708984375
27800,0.0
27801,0.0
27802,0.0
27803,0.0
27804,0.0
27805,0.0
27806,0.0
27807,0.0
27808,0.0
27809,0.0
27810,0.0
27811,0.0
27812,0.0
27813,0.0
27814,0.0
27815,0.0
27816,0.0
27817,0.0
27818,0.0
27819,0.0
27820,0.0
27821,0.0
27822,0.0
27823,0.0
27824,0.0
27825,0.0
27826,20644.388671875
27827,0.0
27828,0.0
27829,0.0
27830,0.0
27831,0.0
27832,0.0
27833,0.0
27834,0.0
27835,0.0
27836,0.0
27837,0.0
27838,0.0
27839,0.0
27840,7417.25927734375
27841,0.0
27842,0.0
27843,0.0
27844,0.0
27845,0.0
27846,0.0
27847,0.0
27848,0.0
27849,0.0
27850,0.0
27851,0.0
27852,0.0
27853,0.0
27854,0.0
27855,0.0
27856,0.0
27857,0.0
27858,0.0
27859,0.0
27860,0.0
27861,0.0
27862,0.0
27863,0.0
27864,0.0
27865,0.0
27866,0.0
27867,0.0
27868,0.0
27869,0.0
27870,0.0
27871,0.0
27872,0.0
27873,0.0
27874,0.0
27875,0.0
27876,0.0
27877,0.0
27878,0.0
27879,0.0
27880,0.0
27881,0.0
27882,0.0
27883,0.0
27884,0.0
27885,0.0
27886,0.0
27887,0.0
27888,0.0
27889,0.0
27890,0.0
27891,0.0
27892,0.0
27893,0.0
27894,0.0
27895,0.0
27896,0.0
27897,0.0
27898,0.0
27899,0.0
27900,0.0
27901,0.0
27902,0.0
27903,0.0
27904,0.0
27905,0.0
27906,0.0
27907,0.0
27908,0.0
27909,0.0
27910,0.0
27911,0.0
27912,0.0
27913,0.0
27914,0.0
27915,13713.90625
27916,0.0
27917,0.0
27918,0.0
27919,0.0
27920,0.0
27921,0.0
27922,0.0
27923,0.0
27924,0.0
27925,0.0
27926,0.0
27927,0.0
27928,0.0
27929,0.0
27930,0.0
27931,0.0
27932,0.0
27933,0.0
27934,0.0
27935,0.0
27936,0.0
27937,0.0
27938,0.0
27939,0.0
27940,0.0
27941,0.0
27942,0.0
27943,0.0
27944,0.0
27945,0.0
27946,0.0
27947,0.0
27948,0.0
27949,0.0
27950,0.0
27951,0.0
27952,0.0
27953,0.0
27954,0.0
27955,0.0
27956,0.0
27957,0.0
27958,0.0
27959,5584.109375
27960,16543.802734375
27961,0.0
27962,0.0
27963,0.0
27964,0.0
27965,0.0
27966,0.0
27967,0.0
27968,0.0
27969,0.0
27970,0.0
27971,0.0
27972,0.0
27973,0.0
27974,0.0
27975,0.0
27976,0.0
27977,0.0
27978,0.0
27979,0.0
27980,0.0
27981,0.0
27982,0.0
27983,0.0
27984,0.0
27985,0.0
27986,0.0
27987,0.0
27988,11415.31640625
27989,0.0
27990,0.0
27991,0.0
27992,0.0
27993,0.0
27994,0.0
27995,0.0
27996,0.0
27997,0.0
27998,0.0
27999,0.0
28000,0.0
28001,0.0
28002,0.0
28003,0.0
28004,0.0
28005,0.0
28006,0.0
28007,0.0
28008,0.0
28009,0.0
28010,0.0
28011,0.0
28012,0.0
28013,0.0
28014,0.0
28015,0.0
28016,0.0
28017,0.0
28018,0.0
28019,0.0
28020,0.0
28021,0.0
28022,0.0
28023,0.0
28024,0.0
28025,0.0
28026,0.0
28027,0.0
28028,0.0
28029,0.0
28030,0.0
28031,0.0
28032,0.0
28033,0.0
28034,0.0
28035,0.0
28036,0.0
28037,0.0
28038,0.0
28039,0.0
28040,0.0
28041,0.0
28042,0.0
28043,0.0
28044,0.0
28045,0.0
28046,0.0
28047,0.0
28048,0.0
28049,0.0
28050,0.0
28051,0.0
28052,0.0
28053,0.0
28054,0.0
28055,0.0
28056,0.0
28057,0.0
28058,2855.077880859375
28059,0.0
28060,0.0
28061,0.0
28062,2385.28125
28063,0.0
28064,0.0
28065,0.0
28066,0.0
28067,0.0
28068,0.0
28069,0.0
28070,0.0
28071,0.0
28072,0.0
28073,0.0
28074,0.0
28075,0.0
28076,0.0
28077,0.0
28078,0.0
28079,0.0
28080,0.0
28081,0.0
28082,0.0
28083,0.0
28084,0.0
28085,0.0
28086,0.0
28087,0.0
28088,0.0
28089,0.0
28090,0.0
28091,0.0
28092,0.0
28093,0.0
28094,0.0
28095,0.0
28096,0.0
28097,0.0
28098,0.0
28099,0.0
28100,0.0
28101,0.0
28102,0.0
28103,0.0
28104,0.0
28105,0.0
28106,0.0
28107,0.0
28108,0.0
28109,0.0
28110,0.0
28111,0.0
28112,0.0
28113,3788.269775390625
28114,0.0
28115,0.0
28116,0.0
28117,0.0
28118,0.0
28119,0.0
28120,0.0
28121,0.0
28122,0.0
28123,0.0
28124,0.0
28125,0.0
28126,0.0
28127,0.0
28128,11283.9833984375
28129,0.0
28130,0.0
28131,0.0
28132,0.0
28133,0.0
28134,0.0
28135,0.0
28136,0.0
28137,0.0
28138,0.0
28139,0.0
28140,0.0
28141,0.0
28142,0.0
28143,0.0
28144,0.0
28145,0.0
28146,0.0
28147,0.0
28148,0.0
28149,0.0
28150,0.0
28151,0.0
28152,0.0
28153,0.0
28154,0.0
28155,0.0
28156,0.0
28157,0.0
28158,0.0
28159,0.0
28160,0.0
28161,0.0
28162,0.0
28163,0.0
28164,0.0
28165,0.0
28166,0.0
28167,0.0
28168,0.0
28169,0.0
28170,0.0
28171,0.0
28172,0.0
28173,0.0
28174,0.0
28175,0.0
28176,0.0
28177,0.0
28178,0.0
28179,0.0
28180,0.0
28181,0.0
28182,0.0
28183,0.0
28184,0.0
28185,0.0
28186,0.0
28187,0.0
28188,0.0
28189,0.0
28190,0.0
28191,0.0
28192,4957.2626953125
28193,0.0
28194,0.0
28195,0.0
28196,0.0
28197,0.0
28198,0.0
28199,0.0
28200,0.0
28201,0.0
28202,0.0
28203,0.0
28204,0.0
28205,0.0
28206,0.0
28207,0.0
28208,0.0
28209,0.0
28210,0.0
28211,0.0
28212,0.0
28213,0.0
28214,0.0
28215,0.0
28216,0.0
28217,0.0
28218,0.0
28219,0.0
28220,0.0
28221,0.0
28222,0.0
28223,0.0
28224,0.0
28225,0.0
28226,0.0
28227,0.0
28228,0.0
28229,0.0
28230,0.0
28231,0.0
28232,0.0
28233,13280.4130859375
28234,5495.05517578125
28235,0.0
28236,0.0
28237,0.0
28238,0.0
28239,0.0
28240,0.0
28241,0.0
28242,0.0
28243,0.0
28244,0.0
28245,0.0
28246,0.0
28247,0.0
28248,0.0
28249,4434.7490234375
28250,3539.373779296875
28251,7265.7900390625
28252,3344.138916015625
28253,6143.85595703125
28254,4634.01220703125
28255,5440.21875
28256,6214.07275390625
28257,0.0
28258,2955.005615234375
28259,5575.90576171875
28260,5418.95751953125
28261,3871.95751953125
28262,0.0
28263,6125.7041015625
28264,0.0
28265,4459.12646484375
28266,7072.8466796875
28267,8708.150390625
28268,6559.3271484375
28269,7389.2109375
28270,3473.831298828125
28271,5676.66357421875
28272,0.0
28273,7835.68212890625
28274,7863.92529296875
28275,0.0
28276,6214.025390625
28277,2346.15966796875
28278,4108.6103515625
28279,0.0
28280,6972.23046875
28281,3916.87353515625
28282,5543.96484375
28283,0.0
28284,5612.7548828125
28285,2518.781982421875
28286,7620.181640625
28287,4519.01123046875
28288,0.0
28289,0.0
28290,3745.817626953125
28291,8736.9208984375
28292,4694.494140625
28293,4568.81298828125
28294,3828.20947265625
28295,7744.62158203125
28296,10276.265625
28297,5780.5634765625
28298,5679.47607421875
28299,8076.17138671875
28300,7464.5078125
28301,5764.38623046875
28302,5595.1015625
28303,657.4043579101562
28304,3017.964599609375
28305,4501.07763671875
28306,6387.89794921875
28307,6909.3916015625
28308,7526.19140625
28309,4359.33935546875
28310,8470.7060546875
28311,0.0
28312,4692.37548828125
28313,3329.55615234375
28314,10766.650390625
28315,3284.663818359375
28316,0.0
28317,7157.50634765625
28318,4206.7119140625
28319,5836.1708984375
28320,2853.99365234375
28321,6066.73486328125
28322,5314.9306640625
28323,0.0
28324,0.0
28325,6905.1220703125
28326,4669.1884765625
28327,3125.121826171875
28328,7695.1533203125
28329,0.0
28330,5951.53662109375
28331,3969.330810546875
28332,6352.54150390625
28333,5652.9775390625
28334,0.0
28335,0.0
28336,2255.770263671875
28337,8271.6123046875
28338,4922.88671875
28339,3978.608642578125
28340,8427.00390625
28341,2514.918701171875
28342,3838.7724609375
28343,4654.21337890625
28344,7770.15576171875
28345,0.0
28346,3882.433837890625
28347,4654.75439453125
28348,0.0
28349,6122.3193359375
28350,0.0
28351,0.0
28352,0.0
28353,5893.83349609375
28354,4482.048828125
28355,3101.2412109375
28356,5384.4716796875
28357,0.0
28358,0.0
28359,7273.95556640625
28360,8276.66796875
28361,0.0
28362,8197.5693359375
28363,3148.937744140625
28364,3631.788818359375
28365,7836.0810546875
28366,5249.3193359375
28367,7527.33740234375
28368,8998.2392578125
28369,4821.39208984375
28370,5131.9970703125
28371,6865.44287109375
28372,7321.9248046875
28373,3509.169677734375
28374,0.0
28375,5327.45166015625
28376,5136.2666015625
28377,5289.01904296875
28378,3069.67333984375
28379,5754.49609375
28380,0.0
28381,0.0
28382,5854.806640625
28383,3089.49462890625
28384,6623.0654296875
28385,6899.552734375
28386,2090.922607421875
28387,5670.3515625
28388,0.0
28389,5724.6396484375
28390,0.0
28391,4318.99267578125
28392,5755.08154296875
28393,7261.22607421875
28394,0.0
28395,0.0
28396,0.0
28397,4317.845703125
28398,5247.8125
28399,10469.923828125
28400,5694.73388671875
28401,7474.556640625
28402,6331.4423828125
28403,6706.56103515625
28404,6444.83203125
28405,0.0
28406,4509.3232421875
28407,8140.44189453125
28408,5274.40185546875
28409,3217.686767578125
28410,3473.68994140625
28411,7294.0087890625
28412,8578.890625
28413,0.0
28414,6286.52587890625
28415,4496.416015625
28416,0.0
28417,2031.053955078125
28418,3721.841064453125
28419,6117.06298828125
28420,7297.5009765625
28421,4936.3916015625
28422,4636.22509765625
28423,8154.66064453125
28424,7509.015625
28425,7383.65283203125
28426,0.0
28427,7926.201171875
28428,8925.4736328125
28429,3356.9736328125
28430,5390.11572265625
28431,5781.9794921875
28432,7134.69482421875
28433,3338.71826171875
28434,4489.93603515625
28435,4764.53369140625
28436,8937.1123046875
28437,6101.77392578125
28438,7340.2333984375
28439,6766.89794921875
28440,5058.837890625
28441,8234.1533203125
28442,16565.95703125
28443,8413.380859375
28444,4573.5283203125
28445,3324.782958984375
28446,6719.83544921875
28447,6291.802734375
28448,0.0
28449,9464.4091796875
28450,18217.37109375
28451,0.0
28452,3437.287353515625
28453,11194.90234375
28454,3247.03466796875
28455,6294.49462890625
28456,3321.34130859375
28457,6257.919921875
28458,5466.70361328125
28459,0.0
28460,0.0
28461,5264.4921875
28462,8005.99462890625
28463,5991.69482421875
28464,6321.95263671875
28465,0.0
28466,0.0
28467,6611.5283203125
28468,0.0
28469,0.0
28470,5708.5517578125
28471,4210.48876953125
28472,3530.557373046875
28473,5481.794921875
28474,5281.3125
28475,4973.40673828125
28476,0.0
28477,9469.0595703125
28478,7466.130859375
28479,4585.19580078125
28480,3995.0859375
28481,4315.89404296875
28482,4752.57177734375
28483,6024.46533203125
28484,0.0
28485,6457.9873046875
28486,5411.296875
28487,7065.216796875
28488,5728.9921875
28489,4250.18603515625
28490,3019.22900390625
28491,2830.846923828125
28492,8337.986328125
28493,0.0
28494,5304.83154296875
28495,12517.2197265625
28496,7581.1103515625
28497,4208.56591796875
28498,5593.61181640625
28499,2810.563232421875
28500,3640.574951171875
28501,3971.6162109375
28502,4097.7744140625
28503,8808.4140625
28504,4794.36572265625
28505,8471.494140625
28506,10514.2568359375
28507,5699.45703125
28508,5184.904296875
28509,4992.7734375
28510,5384.36279296875
28511,4895.43017578125
28512,0.0
28513,6325.333984375
28514,6833.00537109375
28515,0.0
28516,6012.74462890625
28517,5578.18994140625
28518,0.0
28519,7153.80029296875
28520,5430.30029296875
28521,6905.66796875
28522,5428.43115234375
28523,8705.078125
28524,7038.958984375
28525,6866.35302734375
28526,9237.501953125
28527,7245.263671875
28528,8855.794921875
28529,2860.3896484375
28530,0.0
28531,5709.2822265625
28532,9145.9072265625
28533,7442.11572265625
28534,7351.87841796875
28535,7352.0732421875
28536,7620.05322265625
28537,5684.85400390625
28538,6353.11767578125
28539,6609.7880859375
28540,3178.861083984375
28541,10094.6923828125
28542,16402.0625
28543,0.0
28544,5948.9736328125
28545,7109.19970703125
28546,8251.453125
28547,8341.88671875
28548,2909.090576171875
28549,4610.39697265625
28550,6075.01220703125
28551,8730.3994140625
28552,3039.431884765625
28553,4216.64306640625
28554,5708.208984375
28555,0.0
28556,5151.646484375
28557,3097.9716796875
28558,2715.427001953125
28559,7408.1884765625
28560,0.0
28561,5084.814453125
28562,6009.904296875
28563,4923.6083984375
28564,9397.36328125
28565,0.0
28566,0.0
28567,7729.55810546875
28568,6981.56201171875
28569,10270.380859375
28570,3903.54052734375
28571,2620.3115234375
28572,0.0
28573,12397.427734375
28574,4398.1083984375
28575,7234.63525390625
28576,2642.939453125
28577,3856.051513671875
28578,6483.13671875
28579,0.0
28580,0.0
28581,0.0
28582,9189.4443359375
28583,8329.81640625
28584,4317.1728515625
28585,0.0
28586,1935.889892578125
28587,3731.61328125
28588,6557.86181640625
28589,5002.86328125
28590,10416.3505859375
28591,2375.460693359375
28592,5075.599609375
28593,5700.0849609375
28594,8843.1201171875
28595,8357.1953125
28596,4535.48486328125
28597,3099.4609375
28598,9738.5439453125
28599,9176.34765625
28600,4411.7119140625
28601,0.0
28602,9218.2763671875
28603,6272.94189453125
28604,4861.14453125
28605,3669.58349609375
28606,7654.66357421875
28607,4341.74072265625
28608,11996.646484375
28609,7741.00830078125
28610,11880.728515625
28611,0.0
28612,4697.3447265625
28613,2213.640625
28614,6256.75
28615,0.0
28616,5413.75048828125
28617,9102.255859375
28618,0.0
28619,2217.6923828125
28620,6500.39013671875
28621,3642.431396484375
28622,0.0
28623,7069.9912109375
28624,4957.84375
28625,7806.28564453125
28626,5003.7236328125
28627,7451.35791015625
28628,0.0
28629,5916.21875
28630,0.0
28631,0.0
28632,9118.3037109375
28633,6354.3291015625
28634,3580.640625
28635,4820.34033203125
28636,8412.83203125
28637,5553.63623046875
28638,4219.5087890625
28639,5202.4892578125
28640,5524.51806640625
28641,7776.1201171875
28642,0.0
28643,9193.103515625
28644,3928.809326171875
28645,3993.302001953125
28646,3983.504150390625
28647,5906.06103515625
28648,3460.50537109375
28649,5149.21142578125
28650,6622.39599609375
28651,7356.8818359375
28652,10356.033203125
28653,8186.1953125
28654,7607.9560546875
28655,7002.001953125
28656,4411.19775390625
28657,9874.7890625
28658,8038.02734375
28659,5721.82861328125
28660,5345.39404296875
28661,5377.67236328125
28662,4703.26123046875
28663,2224.906982421875
28664,0.0
28665,0.0
28666,6078.26123046875
28667,0.0
28668,1798.22314453125
28669,7527.09716796875
28670,0.0
28671,10544.8125
28672,3911.041748046875
28673,6045.7958984375
28674,5352.8916015625
28675,4451.96484375
28676,9769.5224609375
28677,5505.3583984375
28678,0.0
28679,3732.774169921875
28680,2736.2421875
28681,4896.5986328125
28682,13175.4873046875
28683,3073.262451171875
28684,5735.75146484375
28685,5278.451171875
28686,3638.692138671875
28687,3372.95166015625
28688,5913.93603515625
28689,2557.113525390625
28690,0.0
28691,5758.1123046875
28692,0.0
28693,8433.61328125
28694,357.1960144042969
28695,3895.380126953125
28696,10280.912109375
28697,7306.21044921875
28698,8700.537109375
28699,2473.65966796875
28700,4842.34375
28701,4441.95458984375
28702,4504.20947265625
28703,16152.0390625
28704,0.0
28705,5347.01611328125
28706,3460.734375
28707,5475.14453125
28708,4190.01953125
28709,2686.814697265625
28710,7645.85400390625
28711,5028.10205078125
28712,0.0
28713,7007.22412109375
28714,5058.94677734375
28715,4866.20458984375
28716,5667.052734375
28717,0.0
28718,7050.310546875
28719,3059.790771484375
28720,0.0
28721,5944.0166015625
28722,7898.208984375
28723,5256.171875
28724,7269.67138671875
28725,0.0
28726,0.0
28727,5077.14208984375
28728,2985.00048828125
28729,4116.79052734375
28730,4472.7919921875
28731,4531.16162109375
28732,6785.03857421875
28733,3710.13232421875
28734,0.0
28735,4965.40478515625
28736,7646.33837890625
28737,0.0
28738,4095.4287109375
28739,0.0
28740,0.0
28741,2543.626708984375
28742,11175.498046875
28743,3037.2578125
28744,3131.928466796875
28745,5597.97509765625
28746,0.0
28747,10068.455078125
28748,0.0
28749,4579.478515625
28750,0.0
28751,7035.6748046875
28752,4159.8466796875
28753,6971.74462890625
28754,2633.24658203125
28755,3692.221923828125
28756,4016.573974609375
28757,3421.4130859375
28758,0.0
28759,7105.3154296875
28760,6363.56591796875
28761,6016.90625
28762,5319.68603515625
28763,8353.1416015625
28764,8299.3662109375
28765,0.0
28766,0.0
28767,0.0
28768,7319.49951171875
28769,4932.48388671875
28770,1997.0498046875
28771,7156.73193359375
28772,0.0
28773,5710.58154296875
28774,5544.49365234375
28775,2894.61767578125
28776,0.0
28777,2763.754638671875
28778,9408.7001953125
28779,5330.65673828125
28780,4409.98681640625
28781,8162.44970703125
28782,3541.408203125
28783,4648.822265625
28784,0.0
28785,2691.336181640625
28786,7297.59375
28787,8934.8623046875
28788,6758.23046875
28789,2684.27734375
28790,0.0
28791,0.0
28792,2259.5234375
28793,4361.7978515625
28794,0.0
28795,5408.3427734375
28796,0.0
28797,5766.26416015625
28798,0.0
28799,8126.43603515625
28800,5293.26953125
28801,0.0
28802,5643.6181640625
28803,5757.857421875
28804,0.0
28805,6310.74658203125
28806,7594.4775390625
28807,7260.85009765625
28808,7875.74609375
28809,5794.8505859375
28810,5443.39794921875
28811,2988.225341796875
28812,5941.31591796875
28813,8737.4560546875
28814,5583.4541015625
28815,7757.2880859375
28816,14361.291015625
28817,3070.263916015625
28818,0.0
28819,4501.6533203125
28820,8528.8955078125
28821,0.0
28822,7693.50537109375
28823,7282.1669921875
28824,7831.833984375
28825,0.0
28826,6666.02734375
28827,5164.65478515625
28828,2903.260009765625
28829,0.0
28830,3379.236328125
28831,3196.337890625
28832,6757.72509765625
28833,16007.75390625
28834,5532.31787109375
28835,3072.962646484375
28836,4677.62060546875
28837,4668.08203125
28838,5980.828125
28839,2418.8515625
28840,6596.96337890625
28841,0.0
28842,3704.836669921875
28843,11213.8388671875
28844,11343.2314453125
28845,3611.94775390625
28846,0.0
28847,4062.462158203125
28848,3850.31201171875
28849,4294.62060546875
28850,0.0
28851,4137.4169921875
28852,4704.2314453125
28853,0.0
28854,5534.91357421875
28855,3942.24853515625
28856,7393.73583984375
28857,3314.791015625
28858,8115.248046875
28859,6748.853515625
28860,4569.48193359375
28861,4297.4990234375
28862,3788.5380859375
28863,4936.21337890625
28864,0.0
28865,9589.404296875
28866,4061.36474609375
28867,3969.640869140625
28868,6334.35791015625
28869,6312.72021484375
28870,0.0
28871,0.0
28872,0.0
28873,9888.4169921875
28874,6787.30908203125
28875,6012.15673828125
28876,3861.428466796875
28877,4624.83740234375
28878,0.0
28879,3951.300537109375
28880,4222.16357421875
28881,5143.65966796875
28882,0.0
28883,7092.056640625
28884,4447.068359375
28885,5662.6220703125
28886,0.0
28887,6451.32421875
28888,5834.3466796875
28889,9059.02734375
28890,6777.84375
28891,4796.615234375
28892,3474.116943359375
28893,1785.7611083984375
28894,3740.685791015625
28895,0.0
28896,2084.8671875
28897,5209.0615234375
28898,6148.70849609375
28899,6802.62255859375
28900,5311.24169921875
28901,8454.123046875
28902,5711.50390625
28903,0.0
28904,2994.489013671875
28905,7961.7802734375
28906,4126.92041015625
28907,6722.0908203125
28908,9133.1171875
28909,0.0
28910,0.0
28911,6800.06640625
28912,3639.11474609375
28913,5922.13134765625
28914,7030.0166015625
28915,2685.099365234375
28916,8861.01171875
28917,6397.05712890625
28918,5247.38916015625
28919,8399.6708984375
28920,8054.666015625
28921,5700.548828125
28922,4317.4794921875
28923,4514.63623046875
28924,5349.4658203125
28925,0.0
28926,5938.6064453125
28927,2388.842041015625
28928,5506.0869140625
28929,2898.577880859375
28930,0.0
28931,5358.978515625
28932,4592.2275390625
28933,5583.4296875
28934,8969.9716796875
28935,0.0
28936,7643.03955078125
28937,0.0
28938,6080.85986328125
28939,9062.1796875
28940,7568.0576171875
28941,4130.00341796875
28942,0.0
28943,5337.2509765625
28944,0.0
28945,0.0
28946,0.0
28947,6407.75
28948,7152.09619140625
28949,6668.1015625
28950,2214.044921875
28951,0.0
28952,8066.9580078125
28953,6954.76123046875
28954,7585.52587890625
28955,6779.52392578125
28956,0.0
28957,4782.76953125
28958,4081.84619140625
28959,0.0
28960,0.0
28961,7394.42822265625
28962,2777.560302734375
28963,7515.35693359375
28964,6925.57958984375
28965,4787.263671875
28966,7062.66650390625
28967,4557.78955078125
28968,6909.10302734375
28969,4181.04248046875
28970,3998.1201171875
28971,4514.39990234375
28972,3617.393798828125
28973,6053.099609375
28974,5695.103515625
28975,7704.73583984375
28976,6025.30712890625
28977,0.0
28978,5926.9111328125
28979,6840.890625
28980,7651.7890625
28981,2966.02685546875
28982,3904.318603515625
28983,8606.7861328125
28984,6549.95263671875
28985,3886.001953125
28986,7415.6826171875
28987,0.0
28988,5060.248046875
28989,4576.24267578125
28990,1683.5634765625
28991,7464.0732421875
28992,6050.8310546875
28993,5301.77294921875
28994,8364.2373046875
28995,6853.3173828125
28996,3582.937744140625
28997,5479.32763671875
28998,3081.07763671875
28999,331.2763671875
29000,5526.27685546875
29001,0.0
29002,5205.1953125
29003,4474.63134765625
29004,1915.76416015625
29005,4794.603515625
29006,7380.65771484375
29007,6090.93701171875
29008,8656.638671875
29009,3451.997802734375
29010,4834.890625
29011,0.0
29012,6091.6220703125
29013,3248.39453125
29014,2804.658203125
29015,4444.44091796875
29016,4088.802001953125
29017,0.0
29018,4320.7998046875
29019,0.0
29020,5288.90234375
29021,8302.5869140625
29022,5314.91259765625
29023,0.0
29024,9978.5712890625
29025,6583.76806640625
29026,0.0
29027,1578.2005615234375
29028,6709.9375
29029,5443.79296875
29030,3683.00927734375
29031,7390.8447265625
29032,8730.1494140625
29033,6579.5478515625
29034,6482.18359375
29035,6070.90380859375
29036,7220.6298828125
29037,10147.4580078125
29038,3574.6298828125
29039,4012.37744140625
29040,4738.68310546875
29041,5562.06884765625
29042,0.0
29043,7623.01708984375
29044,5294.43603515625
29045,0.0
29046,2702.956298828125
29047,6419.27392578125
29048,8088.15966796875
29049,3338.972900390625
29050,6228.3291015625
29051,0.0
29052,6317.333984375
29053,6044.4541015625
29054,5168.78076171875
29055,5922.6650390625
29056,3776.71044921875
29057,3857.561279296875
29058,7082.146484375
29059,4568.35400390625
29060,8466.9619140625
29061,4886.11328125
29062,9003.6484375
29063,5066.12353515625
29064,3703.444580078125
29065,8370.525390625
29066,0.0
29067,8834.7236328125
29068,0.0
29069,4872.361328125
29070,7646.853515625
29071,4655.2431640625
29072,4664.66552734375
29073,6512.82763671875
29074,2978.66015625
29075,2952.649658203125
29076,6335.53271484375
29077,6297.34619140625
29078,0.0
29079,6106.17626953125
29080,6329.3466796875
29081,3839.229736328125
29082,6399.529296875
29083,2990.78125
29084,10115.72265625
29085,7340.4775390625
29086,0.0
29087,0.0
29088,4466.30908203125
29089,7707.1376953125
29090,7961.138671875
29091,2977.513427734375
29092,9075.498046875
29093,0.0
29094,6382.77099609375
29095,0.0
29096,4862.84423828125
29097,3184.8330078125
29098,5159.6298828125
29099,0.0
29100,2676.0029296875
29101,7502.76416015625
29102,5881.806640625
29103,23093.71875
29104,7750.076171875
29105,3997.241455078125
29106,5474.42919921875
29107,10009.13671875
29108,5103.8486328125
29109,6764.34716796875
29110,5283.11083984375
29111,6756.611328125
29112,6738.796875
29113,4821.36328125
29114,4807.27978515625
29115,5894.23828125
29116,7159.7724609375
29117,5821.49169921875
29118,7362.69091796875
29119,4570.4150390625
29120,4337.484375
29121,5008.25732421875
29122,8726.0458984375
29123,10756.3935546875
29124,6920.44384765625
29125,7179.92578125
29126,3343.65380859375
29127,6016.486328125
29128,3208.33056640625
29129,7429.2568359375
29130,8753.494140625
29131,10227.4501953125
29132,4988.50341796875
29133,3253.82177734375
29134,3674.9638671875
29135,6018.75537109375
29136,8326.05859375
29137,5596.763671875
29138,4844.84814453125
29139,5296.5458984375
29140,6485.87451171875
29141,3300.275390625
29142,7334.60302734375
29143,3950.744873046875
29144,6738.96240234375
29145,6359.99755859375
29146,5570.28515625
29147,8419.140625
29148,5801.630859375
29149,4288.17236328125
29150,6179.31201171875
29151,6647.45068359375
29152,9954.8720703125
29153,6048.806640625
29154,6828.0302734375
29155,7775.85302734375
29156,8756.3076171875
29157,6299.92333984375
29158,7905.669921875
29159,3332.066650390625
29160,4522.41259765625
29161,5109.7470703125
29162,6515.95068359375
29163,9403.818359375
29164,7313.65576171875
29165,4776.4677734375
29166,6645.98583984375
29167,6236.31201171875
29168,8261.7060546875
29169,4042.209228515625
29170,12343.6494140625
29171,3654.802490234375
29172,5393.52392578125
29173,7406.9501953125
29174,4388.8505859375
29175,5083.12548828125
29176,5365.84619140625
29177,6861.97021484375
29178,5374.7900390625
29179,4953.6318359375
29180,7439.583984375
29181,6932.8359375
29182,5176.09619140625
29183,4553.9560546875
29184,6933.0703125
29185,11754.5693359375
29186,6432.76123046875
29187,4929.8720703125
29188,6360.88330078125
29189,6100.10107421875
29190,6302.47607421875
29191,7491.87646484375
29192,3636.458984375
29193,7502.74658203125
29194,5490.04736328125
29195,6365.1259765625
29196,9086.119140625
29197,4541.509765625
29198,4214.9404296875
29199,4718.25439453125
29200,7539.599609375
29201,7817.3798828125
29202,4256.212890625
29203,4144.42138671875
29204,6205.345703125
29205,5718.2412109375
29206,4661.82421875
29207,8313.5908203125
29208,6358.7236328125
29209,6398.484375
29210,4980.3623046875
29211,4269.59765625
29212,5429.1328125
29213,8091.33984375
29214,6930.76611328125
29215,7711.3095703125
29216,8121.267578125
29217,5380.85400390625
29218,8630.0869140625
29219,4406.8984375
29220,4943.025390625
29221,8340.70703125
29222,5664.3369140625
29223,9417.58203125
29224,8840.560546875
29225,6698.703125
29226,5542.3515625
29227,7258.7548828125
29228,7112.39013671875
29229,6161.64208984375
29230,3490.697021484375
29231,4825.99658203125
29232,6919.98388671875
29233,5819.16796875
29234,3727.27392578125
29235,6930.71630859375
29236,5776.1787109375
29237,5077.8515625
29238,5120.6005859375
29239,4711.505859375
29240,6361.93408203125
29241,6075.31591796875
29242,5126.6376953125
29243,5206.6376953125
29244,4859.3076171875
29245,6396.6435546875
29246,2237.467041015625
29247,6560.29345703125
29248,5716.46875
29249,7905.1943359375
29250,6499.66357421875
29251,5673.19970703125
29252,11272.3095703125
29253,4068.404541015625
29254,5060.9541015625
29255,9406.322265625
29256,6269.525390625
29257,7645.9130859375
29258,6866.271484375
29259,6077.2666015625
29260,5966.4130859375
29261,5467.94091796875
29262,6773.4736328125
29263,9363.033203125
29264,6556.9921875
29265,3410.911865234375
29266,4405.1943359375
29267,7179.083984375
29268,8189.5283203125
29269,6320.396484375
29270,6038.962890625
29271,4534.98876953125
29272,4297.1435546875
29273,3116.65771484375
29274,4363.23974609375
29275,6377.8447265625
29276,6887.13427734375
29277,5689.263671875
29278,5843.24853515625
29279,7873.55322265625
29280,8212.2265625
29281,7031.84375
29282,4364.8125
29283,8456.748046875
29284,9243.408203125
29285,4464.30712890625
29286,6539.98193359375
29287,5366.44384765625
29288,7010.1796875
29289,3729.274169921875
29290,6151.7109375
29291,4378.076171875
29292,8510.974609375
29293,6821.15625
29294,7221.77685546875
29295,7500.92578125
29296,5530.3974609375
29297,7455.31298828125
29298,16793.583984375
29299,8931.482421875
29300,5371.12939453125
29301,2976.78759765625
29302,6057.716796875
29303,5893.4033203125
29304,5557.369140625
29305,11680.302734375
29306,20441.798828125
29307,3927.033447265625
29308,5214.294921875
29309,8820.421875
29310,4257.50537109375
29311,6914.71826171875
29312,5103.85107421875
29313,6902.20263671875
29314,5824.232421875
29315,7104.9697265625
29316,6473.00830078125
29317,7000.93310546875
29318,8905.078125
29319,6610.0361328125
29320,6141.20166015625
29321,6091.64306640625
29322,4275.44775390625
29323,4750.59423828125
29324,7546.85205078125
29325,5151.61376953125
29326,5249.34619140625
29327,6306.62841796875
29328,4991.97607421875
29329,5123.98779296875
29330,6235.560546875
29331,5715.02099609375
29332,9454.34765625
29333,9182.056640625
29334,7389.4599609375
29335,5784.3115234375
29336,3257.718994140625
29337,5755.6162109375
29338,5909.72314453125
29339,4870.45703125
29340,4529.83154296875
29341,7749.0869140625
29342,5935.83642578125
29343,8763.11328125
29344,5765.10205078125
29345,4838.7890625
29346,4079.6484375
29347,4467.83447265625
29348,8757.673828125
29349,5060.90478515625
29350,7968.8818359375
29351,13178.42578125
29352,7286.42431640625
29353,5372.02392578125
29354,5402.88037109375
29355,4426.353515625
29356,6197.13330078125
29357,3843.566650390625
29358,5076.638671875
29359,9135.798828125
29360,4993.43896484375
29361,12809.3603515625
29362,10837.328125
29363,5644.4853515625
29364,6020.7919921875
29365,5914.5068359375
29366,6237.65966796875
29367,5540.5947265625
29368,9907.8662109375
29369,7333.3046875
29370,7638.62890625
29371,4788.982421875
29372,7413.15771484375
29373,5776.58056640625
29374,7369.39453125
29375,6342.271484375
29376,5575.33056640625
29377,6847.9521484375
29378,7100.18896484375
29379,8453.5654296875
29380,8678.5849609375
29381,6829.7109375
29382,8877.6826171875
29383,6771.71826171875
29384,8255.56640625
29385,5050.61083984375
29386,4675.80322265625
29387,4897.29248046875
29388,8623.53125
29389,6503.15380859375
29390,7585.9892578125
29391,6815.44873046875
29392,7247.9833984375
29393,5550.357421875
29394,7819.9580078125
29395,6556.62255859375
29396,3720.30322265625
29397,9918.8310546875
29398,15001.583984375
29399,6441.4482421875
29400,6257.13818359375
29401,7789.11083984375
29402,8799.1826171875
29403,9837.865234375
29404,4618.1708984375
29405,6181.8466796875
29406,6023.568359375
29407,8081.56298828125
29408,4272.14599609375
29409,5011.0947265625
29410,5333.1630859375
29411,5016.6240234375
29412,7272.8232421875
29413,4818.5576171875
29414,3347.7255859375
29415,6842.5390625
29416,3929.38916015625
29417,4282.21728515625
29418,6052.38916015625
29419,5353.94287109375
29420,8673.7685546875
29421,8570.9951171875
29422,6468.59423828125
29423,6735.4814453125
29424,6270.6552734375
29425,9693.296875
29426,5301.287109375
29427,4957.06201171875
29428,4856.1337890625
29429,10455.9365234375
29430,4073.609619140625
29431,6958.01318359375
29432,3910.14697265625
29433,4284.94384765625
29434,6271.3583984375
29435,5982.0048828125
29436,5300.4052734375
29437,9601.443359375
29438,9488.576171875
29439,10873.708984375
29440,6057.09130859375
29441,9044.9140625
29442,2817.91064453125
29443,5037.47705078125
29444,6360.47607421875
29445,4352.4990234375
29446,8285.75
29447,3858.40576171875
29448,5039.822265625
29449,8525.08203125
29450,9415.912109375
29451,7151.49462890625
29452,4853.52734375
29453,4869.25732421875
29454,11047.4306640625
29455,7838.916015625
29456,5174.3486328125
29457,5509.9482421875
29458,6605.44140625
29459,7840.5087890625
29460,4955.3544921875
29461,5119.369140625
29462,7205.85693359375
29463,7775.11962890625
29464,11594.3681640625
29465,6115.6025390625
29466,10595.4638671875
29467,6538.0537109375
29468,5023.43115234375
29469,3072.71484375
29470,5767.9482421875
29471,5637.93212890625
29472,5343.42236328125
29473,8114.65087890625
29474,5125.1533203125
29475,3647.66015625
29476,6599.3837890625
29477,3240.351806640625
29478,6564.9296875
29479,6403.771484375
29480,8139.9052734375
29481,7910.029296875
29482,5321.7451171875
29483,8837.896484375
29484,5490.18603515625
29485,5644.96875
29486,5848.13623046875
29487,4793.03515625
29488,9001.955078125
29489,6064.20751953125
29490,4320.02587890625
29491,5881.158203125
29492,8438.1376953125
29493,6623.94482421875
29494,5391.1787109375
29495,8075.8583984375
29496,5274.587890625
29497,7510.8701171875
29498,5615.88427734375
29499,8718.59375
29500,4739.3291015625
29501,5831.72216796875
29502,4992.76611328125
29503,5344.7724609375
29504,4467.6875
29505,5137.29345703125
29506,8414.640625
29507,8323.9169921875
29508,10752.8662109375
29509,10001.1103515625
29510,8427.05078125
29511,8107.45263671875
29512,4654.625
29513,9650.9501953125
29514,9546.0595703125
29515,7498.26220703125
29516,7129.7109375
29517,7947.80615234375
29518,5130.86669921875
29519,3076.1669921875
29520,7741.10400390625
29521,7066.83447265625
29522,6205.43310546875
29523,5882.4375
29524,2168.44970703125
29525,8960.0029296875
29526,7722.37158203125
29527,8404.0712890625
29528,5128.64404296875
29529,5137.60791015625
29530,6382.033203125
29531,5821.30517578125
29532,6557.72265625
29533,5846.1533203125
29534,4671.6318359375
29535,3450.4853515625
29536,2735.648193359375
29537,6504.99267578125
29538,17075.74609375
29539,3189.09814453125
29540,5804.29931640625
29541,6399.95947265625
29542,4750.56591796875
29543,4471.6484375
29544,5328.51513671875
29545,3691.894287109375
29546,7403.87646484375
29547,6823.88330078125
29548,3552.890625
29549,8301.4228515625
29550,4190.2119140625
29551,4520.2451171875
29552,10724.77734375
29553,6564.65771484375
29554,9235.7744140625
29555,4330.755859375
29556,5321.03271484375
29557,4495.94140625
29558,5455.1357421875
29559,14647.287109375
29560,10370.853515625
29561,6634.15966796875
29562,4639.4931640625
29563,5102.26611328125
29564,5931.4990234375
29565,4143.00390625
29566,8692.759765625
29567,4834.5107421875
29568,4672.4521484375
29569,7179.3916015625
29570,4432.67138671875
29571,5632.47119140625
29572,6474.00048828125
29573,6861.7646484375
29574,7195.98486328125
29575,3838.937744140625
29576,5136.8173828125
29577,6370.892578125
29578,7720.109375
29579,7824.18115234375
29580,7059.23193359375
29581,4164.21630859375
29582,7729.39599609375
29583,5118.11181640625
29584,4459.68603515625
29585,6475.10302734375
29586,7160.537109375
29587,5355.005859375
29588,5734.27978515625
29589,5487.1689453125
29590,6624.55126953125
29591,5405.6953125
29592,6194.734375
29593,7034.3359375
29594,4772.39404296875
29595,10225.5869140625
29596,6361.8505859375
29597,4314.314453125
29598,11122.634765625
29599,4194.6875
29600,3624.793701171875
29601,7581.033203125
29602,9158.869140625
29603,8669.81640625
29604,4814.0517578125
29605,5627.32763671875
29606,5477.57958984375
29607,6929.04541015625
29608,5864.90380859375
29609,7333.82666015625
29610,3195.7705078125
29611,4472.86767578125
29612,5478.34716796875
29613,4571.0224609375
29614,4505.40380859375
29615,6363.15234375
29616,6005.22216796875
29617,5826.6787109375
29618,6516.37939453125
29619,6267.19287109375
29620,7802.65087890625
29621,5092.3974609375
29622,5950.84521484375
29623,6101.98876953125
29624,7177.34716796875
29625,7332.9287109375
29626,2974.76171875
29627,8884.787109375
29628,8167.66748046875
29629,8141.83642578125
29630,4789.5224609375
29631,3708.697021484375
29632,7376.2958984375
29633,4825.0498046875
29634,9000.8486328125
29635,6116.6142578125
29636,4987.98974609375
29637,8089.857421875
29638,5135.1875
29639,4699.33349609375
29640,6558.173828125
29641,4174.36572265625
29642,8003.083984375
29643,9027.2041015625
29644,6374.9228515625
29645,4154.7880859375
29646,4435.13134765625
29647,3920.012939453125
29648,3209.92041015625
29649,6089.75830078125
29650,5169.5966796875
29651,8889.279296875
29652,4164.68505859375
29653,5739.11083984375
29654,5745.4443359375
29655,7740.89697265625
29656,5079.32373046875
29657,5063.818359375
29658,5419.568359375
29659,6392.55859375
29660,5451.37158203125
29661,6617.60205078125
29662,7282.47021484375
29663,7365.37353515625
29664,7004.48046875
29665,7339.04296875
29666,6132.3017578125
29667,4041.234619140625
29668,5071.94287109375
29669,10203.7470703125
29670,6897.38427734375
29671,8759.4951171875
29672,15737.3740234375
29673,4716.33740234375
29674,4804.51953125
29675,5587.91064453125
29676,8704.2119140625
29677,9367.5234375
29678,6873.23486328125
29679,7340.455078125
29680,8172.6884765625
29681,6760.9931640625
29682,6030.232421875
29683,5040.86572265625
29684,4580.6533203125
29685,4547.5283203125
29686,3403.11328125
29687,4159.04248046875
29688,7321.07421875
29689,15671.865234375
29690,5980.24658203125
29691,4872.2001953125
29692,6512.95458984375
29693,4429.47216796875
29694,6350.85791015625
29695,4464.8662109375
29696,8284.376953125
29697,6599.34228515625
29698,6673.8876953125
29699,11426.4443359375
29700,13027.4326171875
29701,5114.5771484375
29702,6788.783203125
29703,4266.25927734375
29704,5004.84375
29705,5111.365234375
29706,7955.638671875
29707,4697.44482421875
29708,4709.7763671875
29709,4079.8046875
29710,5329.69677734375
29711,5667.37060546875
29712,6417.7939453125
29713,4163.20947265625
29714,7198.8642578125
29715,7400.08056640625
29716,5903.9072265625
29717,4373.34521484375
29718,3577.95751953125
29719,7280.6171875
29720,3744.8388671875
29721,9581.1494140625
29722,4010.10107421875
29723,5471.81689453125
29724,6039.34423828125
29725,6944.9140625
29726,4959.39794921875
29727,5869.4599609375
29728,5863.2626953125
29729,8687.583984375
29730,7805.3154296875
29731,5818.95166015625
29732,3841.219970703125
29733,4888.61767578125
29734,5009.04541015625
29735,5220.275390625
29736,4856.4599609375
29737,5588.90966796875
29738,10469.0947265625
29739,6884.189453125
29740,5867.35595703125
29741,6663.4794921875
29742,3592.109619140625
29743,8777.74609375
29744,4409.904296875
29745,10538.2783203125
29746,5883.3564453125
29747,4769.7353515625
29748,4622.01806640625
29749,3934.852294921875
29750,6054.96240234375
29751,21596.19921875
29752,3622.12646484375
29753,5264.3310546875
29754,8747.3408203125
29755,5805.4267578125
29756,6244.1728515625
29757,7892.65576171875
29758,5558.86181640625
29759,5395.8642578125
29760,3954.22607421875
29761,8680.8369140625
29762,5276.5068359375
29763,6123.18408203125
29764,7640.1318359375
29765,4327.5576171875
29766,8190.96923828125
29767,6504.603515625
29768,3888.87060546875
29769,8040.6669921875
29770,9888.9501953125
29771,3667.328857421875
29772,8103.8779296875
29773,6668.08251953125
29774,5559.68603515625
29775,8334.94921875
29776,6706.61474609375
29777,7738.259765625
29778,4164.9072265625
29779,4861.169921875
29780,6446.54736328125
29781,4342.4453125
29782,7044.23681640625
29783,3538.327392578125
29784,5575.5361328125
29785,4574.39453125
29786,5891.892578125
29787,5549.36767578125
29788,6509.984375
29789,6556.6484375
29790,8407.8466796875
29791,5470.298828125
29792,6818.18603515625
29793,5857.248046875
29794,8022.18896484375
29795,8812.5126953125
29796,7171.55419921875
29797,3988.866943359375
29798,5580.98388671875
29799,6216.19091796875
29800,4886.1357421875
29801,11303.80078125
29802,5215.306640625
29803,7820.9697265625
29804,6572.7744140625
29805,7061.2470703125
29806,3514.984619140625
29807,13737.0498046875
29808,9273.041015625
29809,5623.65380859375
29810,6895.6044921875
29811,8438.3916015625
29812,6326.9453125
29813,5101.83251953125
29814,6392.91552734375
29815,4392.9462890625
29816,4356.0
29817,7081.650390625
29818,4349.74951171875
29819,6473.388671875
29820,7242.28466796875
29821,5863.572265625
29822,7224.755859375
29823,5533.52197265625
29824,5776.59521484375
29825,4835.99267578125
29826,7199.65185546875
29827,6411.09765625
29828,6148.96044921875
29829,5909.09765625
29830,5389.17333984375
29831,8324.380859375
29832,5557.8134765625
29833,4849.9189453125
29834,5690.4912109375
29835,7334.978515625
29836,6739.37646484375
29837,4396.9814453125
29838,3809.94775390625
29839,6576.658203125
29840,7882.3837890625
29841,5291.396484375
29842,7202.58837890625
29843,6707.802734375
29844,4494.583984375
29845,4764.30908203125
29846,2860.515625
29847,7172.369140625
29848,7009.11962890625
29849,6090.04296875
29850,8055.57861328125
29851,6590.96435546875
29852,4563.89892578125
29853,7068.03173828125
29854,3472.21044921875
29855,1775.3758544921875
29856,6412.548828125
29857,9243.455078125
29858,6913.0009765625
29859,6316.037109375
29860,3628.344482421875
29861,5785.8359375
29862,7129.734375
29863,5270.2216796875
29864,7632.47314453125
29865,3991.388671875
29866,4286.7353515625
29867,4715.54638671875
29868,5347.6884765625
29869,5100.2412109375
29870,4350.822265625
29871,4510.34619140625
29872,4332.935546875
29873,6653.56787109375
29874,6310.09619140625
29875,4991.80224609375
29876,5930.455078125
29877,7336.09033203125
29878,4956.51025390625
29879,4247.88671875
29880,8993.4892578125
29881,6245.9033203125
29882,5844.568359375
29883,2793.595458984375
29884,11278.140625
29885,6729.73046875
29886,4175.18603515625
29887,7272.869140625
29888,6953.3720703125
29889,6715.08544921875
29890,5976.87890625
29891,6367.08984375
29892,8828.5556640625
29893,10946.3994140625
29894,4649.2978515625
29895,4315.6181640625
29896,4912.5908203125
29897,5859.65087890625
29898,6194.30224609375
29899,6780.55419921875
29900,7164.2158203125
29901,5622.96630859375
29902,3866.029296875
29903,5529.80517578125
29904,9787.951171875
29905,4559.90966796875
29906,6756.4130859375
29907,3104.474365234375
29908,6689.6318359375
29909,6433.9384765625
29910,6432.0498046875
29911,7113.58447265625
29912,5636.36083984375
29913,4245.66650390625
29914,6019.9111328125
29915,6694.75634765625
29916,7688.443359375
29917,6105.3232421875
29918,7763.46923828125
29919,5379.9462890625
29920,4069.02001953125
29921,9076.6328125
29922,3752.186279296875
29923,8821.67578125
29924,6767.48876953125
29925,4575.08154296875
29926,6659.14453125
29927,5643.919921875
29928,7105.36669921875
29929,8055.91552734375
29930,3902.959228515625
29931,4123.0244140625
29932,5845.02490234375
29933,7949.78076171875
29934,8717.693359375
29935,5506.8583984375
29936,5943.81103515625
29937,4611.93212890625
29938,6386.97021484375
29939,4606.8583984375
29940,9734.02734375
29941,7969.00439453125
29942,9802.392578125
29943,4151.65673828125
29944,4974.76904296875
29945,9367.380859375
29946,9128.1416015625
29947,4294.31396484375
29948,9603.80078125
29949,4390.20263671875
29950,5779.89453125
29951,5376.64208984375
29952,4826.2890625
29953,4870.38671875
29954,5503.52880859375
29955,4373.36279296875
29956,4265.51123046875
29957,7326.2939453125
29958,6149.1494140625
29959,22363.26953125
29960,6496.62158203125
29961,3373.967529296875
29962,5836.41455078125
29963,9445.5419921875
29964,6023.3076171875
29965,6261.84033203125
29966,4858.4462890625
29967,6009.9970703125
29968,6152.4326171875
29969,4174.07861328125
29970,4582.2080078125
29971,5578.0791015625
29972,6596.4921875
29973,5303.63330078125
29974,8256.6044921875
29975,3611.182861328125
29976,3724.780029296875
29977,4561.26220703125
29978,7870.73291015625
29979,8934.7734375
29980,7104.46240234375
29981,6719.708984375
29982,4026.3759765625
29983,5342.55419921875
29984,2934.7685546875
29985,6760.330078125
29986,8079.3740234375
29987,8934.1005859375
29988,4743.18505859375
29989,3074.318115234375
29990,3872.68310546875
29991,5383.67431640625
29992,8007.4208984375
29993,4709.0859375
29994,4642.12353515625
29995,4181.822265625
29996,6085.103515625
29997,2847.22802734375
29998,6500.744140625
29999,3939.2802734375
30000,5936.64208984375
30001,5761.18408203125
30002,4813.28515625
30003,7419.30419921875
30004,5157.30078125
30005,4238.3359375
30006,5934.71533203125
30007,5870.75732421875
30008,9089.572265625
30009,5610.10791015625
30010,6493.19873046875
30011,7540.20751953125
30012,8333.6611328125
30013,5707.4609375
30014,7467.60009765625
30015,3278.161376953125
30016,4254.53125
30017,5279.5771484375
30018,5903.02783203125
30019,8457.6767578125
30020,7097.8701171875
30021,4367.30712890625
30022,6570.43603515625
30023,5295.89013671875
30024,8199.4072265625
30025,3691.972412109375
30026,11249.0576171875
30027,3405.451416015625
30028,4730.04931640625
30029,7124.45556640625
30030,4000.031494140625
30031,4572.70751953125
30032,4744.501953125
30033,6613.19384765625
30034,5060.1806640625
30035,4623.88818359375
30036,6940.390625
30037,6593.28759765625
30038,4622.28271484375
30039,4219.65185546875
30040,6416.544921875
30041,10793.599609375
30042,5560.79443359375
30043,4877.6201171875
30044,5547.92333984375
30045,5737.3037109375
30046,5388.13671875
30047,6736.67822265625
30048,3446.03271484375
30049,6923.84619140625
30050,4806.39404296875
30051,5226.52490234375
30052,9120.5009765625
30053,3775.899169921875
30054,3660.435791015625
30055,3750.953857421875
30056,6922.68408203125
30057,7347.29931640625
30058,4029.024658203125
30059,4101.068359375
30060,5699.38427734375
30061,4937.154296875
30062,4033.293701171875
30063,6862.1455078125
30064,5319.083984375
30065,6152.81005859375
30066,4482.1728515625
30067,3946.6943359375
30068,4968.55859375
30069,7801.1494140625
30070,6579.28125
30071,6787.150390625
30072,7161.27490234375
30073,5145.17138671875
30074,8386.173828125
30075,4177.78515625
30076,5013.0400390625
30077,8122.75830078125
30078,5058.66796875
30079,8593.37109375
30080,7359.83935546875
30081,6190.8095703125
30082,4981.42626953125
30083,6431.21435546875
30084,6019.84423828125
30085,5553.01220703125
30086,2877.95068359375
30087,4971.30078125
30088,6597.97705078125
30089,4817.59521484375
30090,3251.993408203125
30091,6819.67578125
30092,5186.400390625
30093,5245.3447265625
30094,4710.30908203125
30095,4525.84765625
30096,6167.2099609375
30097,6221.69580078125
30098,5091.6259765625
30099,4544.7138671875
30100,5132.5830078125
30101,5970.99462890625
30102,1936.868408203125
30103,5378.44287109375
30104,5122.5830078125
30105,7285.21240234375
30106,5717.5283203125
30107,4939.1416015625
30108,10180.2568359375
30109,4034.397705078125
30110,4421.634765625
30111,8908.4677734375
30112,5108.38818359375
30113,6892.3271484375
30114,6108.05517578125
30115,5118.54833984375
30116,5574.65087890625
30117,4651.7216796875
30118,6923.94189453125
30119,9249.0625
30120,6689.41455078125
30121,3121.00390625
30122,3698.53076171875
30123,6547.03857421875
30124,6674.166015625
30125,5626.404296875
30126,5575.541015625
30127,4327.1201171875
30128,4494.703125
30129,2932.6865234375
30130,4290.82666015625
30131,5870.0478515625
30132,6308.68310546875
30133,5414.06591796875
30134,5515.05078125
30135,7310.0166015625
30136,7463.27587890625
30137,6414.13916015625
30138,3878.192138671875
30139,8036.837890625
30140,8492.814453125
30141,4277.97021484375
30142,6410.80322265625
30143,4933.3564453125
30144,6094.73876953125
30145,3453.548828125
30146,6162.23095703125
30147,3892.305908203125
30148,8214.6416015625
30149,6119.48095703125
30150,6647.486328125
30151,7171.15087890625
30152,5196.8232421875
30153,6627.60107421875
30154,16806.494140625
30155,8662.7861328125
30156,5140.27734375
30157,2467.287109375
30158,5551.5361328125
30159,5805.91943359375
30160,5749.14306640625
30161,10542.578125
30162,18265.5390625
30163,3233.7685546875
30164,4964.32861328125
30165,10039.265625
30166,3989.42919921875
30167,6543.34716796875
30168,4806.30712890625
30169,6738.0234375
30170,4785.70458984375
30171,6212.9130859375
30172,5477.37841796875
30173,6480.5888671875
30174,7505.3349609375
30175,5918.95361328125
30176,5412.08984375
30177,5854.22265625
30178,3741.089111328125
30179,4627.20654296875
30180,6369.775390625
30181,4639.48681640625
30182,5171.568359375
30183,5978.63330078125
30184,5083.552734375
30185,4822.63037109375
30186,6146.7265625
30187,5726.21240234375
30188,8382.6455078125
30189,9283.974609375
30190,6818.49658203125
30191,5086.86669921875
30192,2974.66455078125
30193,5403.22802734375
30194,5671.294921875
30195,4598.4189453125
30196,3808.98193359375
30197,7100.814453125
30198,5978.89404296875
30199,7744.84130859375
30200,5667.87255859375
30201,4856.66064453125
30202,4216.04296875
30203,4607.7294921875
30204,7999.669921875
30205,4268.09912109375
30206,5992.42236328125
30207,13131.650390625
30208,6547.484375
30209,6821.6591796875
30210,5128.55615234375
30211,4341.06640625
30212,5542.05224609375
30213,3770.2880859375
30214,5135.4453125
30215,8960.20703125
30216,4418.314453125
30217,12599.466796875
30218,10797.3759765625
30219,5054.63037109375
30220,5389.94482421875
30221,5370.7724609375
30222,5612.34814453125
30223,5002.19287109375
30224,9364.5263671875
30225,6896.74755859375
30226,7543.08056640625
30227,4342.9697265625
30228,7041.1015625
30229,4898.275390625
30230,7591.9599609375
30231,5915.3046875
30232,5252.16455078125
30233,6088.2998046875
30234,6467.205078125
30235,7185.90576171875
30236,8947.173828125
30237,5710.65673828125
30238,8396.09375
30239,5935.4990234375
30240,8125.017578125
30241,4335.77294921875
30242,4284.55078125
30243,4490.86376953125
30244,8163.9384765625
30245,5746.17138671875
30246,7447.23876953125
30247,6287.2333984375
30248,6478.4150390625
30249,4682.69189453125
30250,7419.6572265625
30251,6391.224609375
30252,3542.304443359375
30253,9524.0234375
30254,15126.37109375
30255,5754.28564453125
30256,5189.65966796875
30257,7752.91552734375
30258,9027.087890625
30259,10101.169921875
30260,4486.56787109375
30261,6307.27001953125
30262,5452.3388671875
30263,7305.974609375
30264,3975.057373046875
30265,4978.7421875
30266,4399.490234375
30267,4604.13525390625
30268,6852.7099609375
30269,4540.00830078125
30270,3235.8837890625
30271,6098.390625
30272,3493.185546875
30273,3828.118408203125
30274,5711.734375
30275,4966.408203125
30276,8062.21630859375
30277,7615.11328125
30278,6313.53955078125
30279,6247.7099609375
30280,6229.5458984375
30281,9870.6923828125
30282,5276.6240234375
30283,3982.4287109375
30284,4711.6025390625
30285,9267.79296875
30286,3643.909423828125
30287,6246.78466796875
30288,3562.833984375
30289,4410.46533203125
30290,6171.00244140625
30291,5455.28759765625
30292,5183.2626953125
30293,8749.4111328125
30294,9145.55078125
30295,10988.75390625
30296,5884.78369140625
30297,7647.48388671875
30298,2770.378173828125
30299,4442.4033203125
30300,5749.10302734375
30301,3470.756103515625
30302,7231.68017578125
30303,3675.1171875
30304,4444.56884765625
30305,7885.052734375
30306,9390.388671875
30307,7661.923828125
30308,4409.50244140625
30309,4273.6220703125
30310,11911.2392578125
30311,7185.09716796875
30312,5245.48779296875
30313,5050.2216796875
30314,5809.3388671875
30315,7735.55615234375
30316,3961.609130859375
30317,5483.44873046875
30318,6708.15234375
30319,6728.55908203125
30320,12006.09375
30321,5494.458984375
30322,10012.3623046875
30323,6501.63037109375
30324,4637.34130859375
30325,3338.9736328125
30326,5259.92236328125
30327,5546.44482421875
30328,4807.27587890625
30329,6387.767578125
30330,4686.31396484375
30331,3487.135009765625
30332,6249.0068359375
30333,2711.71142578125
30334,6014.841796875
30335,5882.16455078125
30336,7403.75927734375
30337,7042.70849609375
30338,4662.576171875
30339,7643.25537109375
30340,5024.01171875
30341,5013.09326171875
30342,5057.5810546875
30343,4046.225341796875
30344,8247.36328125
30345,5890.6201171875
30346,4031.559814453125
30347,5542.2900390625
30348,7531.39990234375
30349,5866.35693359375
30350,5063.78662109375
30351,7373.21240234375
30352,4702.9248046875
30353,6397.1142578125
30354,5007.41796875
30355,7445.376953125
30356,5146.904296875
30357,5390.517578125
30358,3927.530029296875
30359,4462.83203125
30360,4045.827880859375
30361,4609.13720703125
30362,7532.6015625
30363,8127.34375
30364,9447.0693359375
30365,8814.6943359375
30366,7239.5341796875
30367,7737.40380859375
30368,4430.5634765625
30369,9454.91015625
30370,8893.9541015625
30371,6100.81005859375
30372,7221.75927734375
30373,6901.6923828125
30374,5082.7041015625
30375,3018.516357421875
30376,6951.99755859375
30377,5919.01904296875
30378,5911.8369140625
30379,5367.56591796875
30380,1983.4061279296875
30381,9109.3642578125
30382,6337.41552734375
30383,6111.73095703125
30384,4112.92626953125
30385,4370.826171875
30386,5742.39306640625
30387,5277.38427734375
30388,5475.94775390625
30389,5300.1357421875
30390,4211.48828125
30391,3239.134765625
30392,2538.04541015625
30393,6039.43701171875
30394,15924.4306640625
30395,3184.470947265625
30396,5182.9189453125
30397,5858.056640625
30398,3963.834228515625
30399,4200.47412109375
30400,4529.4296875
30401,3685.335205078125
30402,6443.8076171875
30403,5984.52392578125
30404,3068.589111328125
30405,7396.37744140625
30406,3616.8203125
30407,4108.60400390625
30408,10337.998046875
30409,6115.21484375
30410,8992.16796875
30411,4296.07470703125
30412,5154.66796875
30413,4100.4375
30414,4716.5341796875
30415,13470.92578125
30416,9532.2470703125
30417,6041.0166015625
30418,4194.9453125
30419,4118.25732421875
30420,4751.4970703125
30421,4947.208984375
30422,10094.931640625
30423,4524.94189453125
30424,3898.380859375
30425,6228.50390625
30426,3787.90869140625
30427,5528.66015625
30428,6565.11376953125
30429,6403.73046875
30430,6715.98388671875
30431,3607.28076171875
30432,4380.564453125
30433,5643.94091796875
30434,7574.01611328125
30435,7033.98388671875
30436,6404.732421875
30437,3705.54443359375
30438,7000.70947265625
30439,5139.39501953125
30440,4196.21240234375
30441,5723.9287109375
30442,6871.50927734375
30443,5278.15869140625
30444,5323.3173828125
30445,4948.6005859375
30446,5901.009765625
30447,5217.54052734375
30448,5855.87939453125
30449,6122.34912109375
30450,4606.07763671875
30451,10017.4453125
30452,5843.97998046875
30453,3884.043701171875
30454,10280.927734375
30455,4531.14794921875
30456,3440.18603515625
30457,6777.7373046875
30458,8462.52734375
30459,8079.1201171875
30460,4561.736328125
30461,5057.58642578125
30462,4602.478515625
30463,6413.24560546875
30464,5517.5810546875
30465,6633.65478515625
30466,2843.678466796875
30467,4078.164306640625
30468,5385.45068359375
30469,4420.2333984375
30470,3713.792236328125
30471,5944.0087890625
30472,5643.32470703125
30473,5127.376953125
30474,6082.34033203125
30475,5588.85107421875
30476,7253.40478515625
30477,4874.37744140625
30478,5209.59765625
30479,5422.07373046875
30480,6957.013671875
30481,6407.46484375
30482,4364.76171875
30483,8055.9296875
30484,7223.3056640625
30485,7688.36962890625
30486,4320.51220703125
30487,3549.766357421875
30488,6951.0185546875
30489,4933.12060546875
30490,8194.4658203125
30491,5690.71826171875
30492,5008.9111328125
30493,7289.3984375
30494,5388.06005859375
30495,4798.25244140625
30496,5819.60302734375
30497,4631.44287109375
30498,7518.02734375
30499,8116.7802734375
30500,6028.51123046875
30501,3710.02490234375
30502,4097.640625
30503,3799.5947265625
30504,3060.240478515625
30505,5592.82275390625
30506,4530.94482421875
30507,7703.61669921875
30508,3639.522705078125
30509,5143.03662109375
30510,5395.8642578125
30511,7230.6845703125
30512,4620.60498046875
30513,4605.71240234375
30514,4963.068359375
30515,6264.3212890625
30516,5327.89404296875
30517,6071.11669921875
30518,6088.107421875
30519,7082.74169921875
30520,6461.26708984375
30521,6772.80859375
30522,5505.7109375
30523,3710.348876953125
30524,4915.89794921875
30525,8823.8505859375
30526,6578.6259765625
30527,9055.4326171875
30528,14873.841796875
30529,4443.5849609375
30530,4147.40673828125
30531,5377.21923828125
30532,7965.43408203125
30533,8852.5146484375
30534,6280.79052734375
30535,6960.064453125
30536,7280.9716796875
30537,5651.583984375
30538,5713.15625
30539,4643.0498046875
30540,4333.5
30541,4352.25732421875
30542,3429.556396484375
30543,3996.375732421875
30544,7083.7529296875
30545,14299.4833984375
30546,5602.83740234375
30547,4596.9296875
30548,5692.81689453125
30549,3882.60107421875
30550,5832.78515625
30551,4342.49755859375
30552,8717.24609375
30553,5838.845703125
30554,5401.6181640625
30555,10823.55859375
30556,11074.46875
30557,4882.185546875
30558,6452.4912109375
30559,3811.557373046875
30560,4486.72119140625
30561,4807.7333984375
30562,7390.04052734375
30563,4186.34521484375
30564,4086.905517578125
30565,3689.480224609375
30566,4930.46826171875
30567,4913.8369140625
30568,5840.18115234375
30569,3855.556884765625
30570,6352.88330078125
30571,7064.00634765625
30572,5521.46435546875
30573,4110.818359375
30574,3328.546875
30575,7222.63623046875
30576,2992.932373046875
30577,8750.9287109375
30578,3720.4267578125
30579,5522.39599609375
30580,5396.998046875
30581,5783.40380859375
30582,4359.03466796875
30583,5408.81103515625
30584,5529.23681640625
30585,7908.35546875
30586,7547.03955078125
30587,5204.9638671875
30588,3693.83740234375
30589,4863.689453125
30590,4680.802734375
30591,4840.54150390625
30592,4848.08935546875
30593,5197.78564453125
30594,9389.12890625
30595,5467.775390625
30596,5365.5595703125
30597,6557.859375
30598,3109.204833984375
30599,8123.26806640625
30600,4397.125
30601,11058.4814453125
30602,5406.30322265625
30603,4333.92333984375
30604,3811.38671875
30605,3184.162353515625
30606,5627.04736328125
30607,18913.904296875
30608,3314.0869140625
30609,4402.904296875
30610,7967.67431640625
30611,5272.4384765625
30612,5850.14013671875
30613,7053.74365234375
30614,5022.59814453125
30615,4809.41796875
30616,3867.462158203125
30617,8365.052734375
30618,4845.970703125
30619,5860.03076171875
30620,6530.04248046875
30621,3573.63720703125
30622,7370.8125
30623,5444.361328125
30624,3652.27880859375
30625,7465.373046875
30626,8252.6708984375
30627,3570.992919921875
30628,7436.865234375
30629,6175.29736328125
30630,5114.0751953125
30631,7499.61376953125
30632,5909.44140625
30633,7281.05029296875
30634,3834.470703125
30635,4339.73486328125
30636,6190.859375
30637,4156.66162109375
30638,6566.3330078125
30639,3393.947509765625
30640,5618.693359375
30641,4320.36474609375
30642,5406.19091796875
30643,5776.30322265625
30644,6131.3134765625
30645,6117.6572265625
30646,7564.9033203125
30647,5068.4638671875
30648,6524.24755859375
30649,5838.77294921875
30650,6646.599609375
30651,8238.267578125
30652,6646.65234375
30653,2922.64453125
30654,4842.69775390625
30655,5877.97509765625
30656,4241.81640625
30657,10841.869140625
30658,4597.27587890625
30659,7782.55029296875
30660,6523.84375
30661,6938.10888671875
30662,3246.7333984375
30663,12487.0859375
30664,8689.0517578125
30665,5275.259765625
30666,6533.705078125
30667,8375.923828125
30668,5762.4453125
30669,4613.84326171875
30670,5689.7880859375
30671,4493.3828125
30672,3485.734375
30673,6334.42529296875
30674,4178.65185546875
30675,5734.94189453125
30676,5785.26953125
30677,5625.3125
30678,6137.884765625
30679,5258.033203125
30680,5889.748046875
30681,4795.54248046875
30682,6658.85693359375
30683,5576.60205078125
30684,5611.83056640625
30685,5712.8935546875
30686,4579.45263671875
30687,7784.404296875
30688,4667.52978515625
30689,4468.837890625
30690,5213.583984375
30691,6795.40234375
30692,6234.70361328125
30693,3927.0009765625
30694,3865.35205078125
30695,6590.4619140625
30696,6965.72021484375
30697,4732.07275390625
30698,6469.71875
30699,5631.4599609375
30700,4472.51708984375
30701,4419.17041015625
30702,3830.193603515625
30703,6656.3046875
30704,6041.794921875
30705,5371.583984375
30706,7747.90234375
30707,6435.9560546875
30708,4201.72216796875
30709,7592.8603515625
30710,3533.5166015625
30711,1847.9879150390625
30712,6089.9580078125
30713,8688.8515625
30714,6618.23828125
30715,5990.82958984375
30716,3327.17333984375
30717,5386.30126953125
30718,7167.57080078125
30719,5344.86181640625
30720,6823.9169921875
30721,3623.255615234375
30722,4798.86181640625
30723,4126.46435546875
30724,4697.50537109375
30725,4698.943359375
30726,3936.818115234375
30727,4137.85302734375
30728,3583.298828125
30729,5673.56494140625
30730,5693.7021484375
30731,4320.4306640625
30732,5930.68359375
30733,6017.96142578125
30734,4536.99072265625
30735,4102.408203125
30736,7920.2724609375
30737,5542.59716796875
30738,4663.1083984375
30739,2393.455810546875
30740,10148.9228515625
30741,5831.7119140625
30742,3538.803466796875
30743,6271.609375
30744,6277.10400390625
30745,6226.38818359375
30746,5156.60595703125
30747,6169.60986328125
30748,7262.49169921875
30749,10341.2470703125
30750,4154.6123046875
30751,3842.21826171875
30752,4611.98876953125
30753,6134.90966796875
30754,5523.4560546875
30755,6575.54443359375
30756,6671.13916015625
30757,5089.1513671875
30758,3506.1748046875
30759,5255.291015625
30760,10514.583984375
30761,3622.074951171875
30762,6289.25439453125
30763,3127.260009765625
30764,6530.22412109375
30765,6394.87939453125
30766,6109.8486328125
30767,6873.73583984375
30768,5121.20458984375
30769,3691.222412109375
30770,5573.43212890625
30771,5424.01953125
30772,7075.4892578125
30773,5739.16796875
30774,6906.84716796875
30775,4945.86181640625
30776,3800.435302734375
30777,8253.2490234375
30778,3704.415283203125
30779,8287.0986328125
30780,5893.1494140625
30781,3763.507568359375
30782,6261.041015625
30783,5500.3525390625
30784,6647.18505859375
30785,7629.78662109375
30786,3839.134033203125
30787,3792.107666015625
30788,5794.87255859375
30789,7868.28076171875
30790,7729.873046875
30791,4842.71142578125
30792,5875.20458984375
30793,4589.99658203125
30794,5751.69677734375
30795,4868.265625
30796,8603.5751953125
30797,7268.65478515625
30798,9307.70703125
30799,3711.541015625
30800,4351.0087890625
30801,8917.634765625
30802,8597.8603515625
30803,3810.518798828125
30804,9097.8828125
30805,3883.411865234375
30806,5075.2939453125
30807,4382.826171875
30808,4048.299072265625
30809,4537.0595703125
30810,4518.66064453125
30811,3290.2900390625
30812,3751.510009765625
30813,6567.55810546875
30814,6218.15478515625
30815,21159.255859375
30816,5706.560546875
30817,3369.235107421875
30818,5542.94677734375
30819,9536.8154296875
30820,5155.24609375
30821,6224.2451171875
30822,4813.41748046875
30823,6149.73486328125
30824,6108.93212890625
30825,4388.99169921875
30826,4579.7998046875
30827,5189.59716796875
30828,6650.23681640625
30829,5376.09619140625
30830,7420.513671875
30831,3868.16064453125
30832,3539.71044921875
30833,4250.642578125
30834,8114.341796875
30835,9218.4638671875
30836,7126.30224609375
30837,6494.37109375
30838,3716.078857421875
30839,4945.712890625
30840,3402.379150390625
30841,6814.7705078125
30842,7854.64697265625
30843,9069.064453125
30844,4663.5380859375
30845,3516.549560546875
30846,3756.933837890625
30847,4973.6259765625
30848,8515.45703125
30849,5046.53369140625
30850,3987.39013671875
30851,3871.225830078125
30852,6429.431640625
30853,2790.1318359375
30854,6350.80078125
30855,3464.66943359375
30856,5648.59521484375
30857,5080.0595703125
30858,4874.6396484375
30859,7009.7392578125
30860,5151.5224609375
30861,4630.56689453125
30862,5841.8056640625
30863,5398.853515625
30864,8514.5966796875
30865,4988.76171875
30866,6530.00146484375
30867,7638.88330078125
30868,7911.3857421875
30869,5304.02099609375
30870,7308.94775390625
30871,3160.6162109375
30872,3751.333251953125
30873,5516.4873046875
30874,5789.5390625
30875,8016.51904296875
30876,6288.7021484375
30877,4261.0078125
30878,5604.69384765625
30879,5320.244140625
30880,7723.84521484375
30881,3811.46142578125
30882,12198.65625
30883,3504.570556640625
30884,4714.14794921875
30885,7296.20458984375
30886,3941.6123046875
30887,4588.23388671875
30888,4744.01171875
30889,6351.05224609375
30890,4693.42529296875
30891,4418.79150390625
30892,6773.28466796875
30893,6324.37890625
30894,4924.71044921875
30895,4036.75
30896,6266.3125
30897,10593.9287109375
30898,5376.18798828125
30899,4940.77294921875
30900,5112.27294921875
30901,5449.77490234375
30902,5267.0205078125
30903,6163.9267578125
30904,3429.9208984375
30905,6457.3564453125
30906,4894.35693359375
30907,5517.83544921875
30908,9220.8857421875
30909,4201.5537109375
30910,3870.9892578125
30911,3680.84228515625
30912,6652.55615234375
30913,7129.232421875
30914,4001.0126953125
30915,4029.556640625
30916,5249.9697265625
30917,4772.2470703125
30918,4099.74169921875
30919,6217.6962890625
30920,5125.0625
30921,6089.044921875
30922,4209.98388671875
30923,4106.14306640625
30924,4955.0146484375
30925,7104.58837890625
30926,6343.42626953125
30927,6360.46533203125
30928,6860.82763671875
30929,4690.36376953125
30930,7872.57763671875
30931,4598.96240234375
30932,4988.4140625
30933,7411.27978515625
30934,4670.0498046875
30935,8609.748046875
30936,7699.96044921875
30937,5654.4951171875
30938,4482.51318359375
30939,6558.59228515625
30940,5241.97900390625
30941,5216.69189453125
30942,2694.381103515625
30943,4675.7568359375
30944,6707.48681640625
30945,4459.8720703125
30946,3209.1201171875
30947,6770.8408203125
30948,5162.4736328125
30949,5519.5830078125
30950,4605.49365234375
30951,4601.31103515625
30952,6145.8056640625
30953,5696.873046875
30954,4517.39599609375
30955,4216.31787109375
30956,5141.95947265625
30957,5725.09765625
30958,1750.0096435546875
30959,5060.2587890625
30960,4828.61376953125
30961,7099.423828125
30962,5684.8974609375
30963,4911.98876953125
30964,9676.197265625
30965,4658.45654296875
30966,4378.21923828125
30967,8963.3505859375
30968,5231.91064453125
30969,6358.69482421875
30970,6378.02880859375
30971,4363.9462890625
30972,5053.33056640625
30973,4331.02001953125
30974,5893.2734375
30975,9286.796875
30976,5941.591796875
30977,2815.634033203125
30978,4517.1103515625
30979,6404.4423828125
30980,6600.98583984375
30981,5183.57470703125
30982,5328.126953125
30983,4115.3330078125
30984,4292.353515625
30985,2883.974365234375
30986,4311.2646484375
30987,5398.40966796875
30988,5921.888671875
30989,5409.80615234375
30990,5572.13134765625
30991,7106.9677734375
30992,7081.02880859375
30993,6088.61572265625
30994,3616.626953125
30995,7947.8359375
30996,8463.8798828125
30997,3851.72509765625
30998,6397.2626953125
30999,4440.92822265625
31000,6010.908203125
31001,2947.377685546875
31002,6024.4140625
31003,4017.31640625
31004,7806.30029296875
31005,5820.93359375
31006,6548.92333984375
31007,7208.603515625
31008,4644.8251953125
31009,6565.9599609375
31010,16756.552734375
31011,8209.3857421875
31012,5130.68505859375
31013,2353.2998046875
31014,5271.97314453125
31015,5756.15087890625
31016,5677.5849609375
31017,10928.8056640625
31018,17676.287109375
31019,2980.839111328125
31020,4593.72509765625
31021,7783.9482421875
31022,4142.70556640625
31023,6551.1494140625
31024,4525.1767578125
31025,6413.134765625
31026,4888.435546875
31027,6078.60791015625
31028,5180.20068359375
31029,6123.08837890625
31030,7061.5302734375
31031,5196.373046875
31032,4833.82861328125
31033,5357.072265625
31034,3534.075927734375
31035,4433.08935546875
31036,6409.81884765625
31037,4147.599609375
31038,4564.42822265625
31039,5821.4013671875
31040,4838.85302734375
31041,4867.55712890625
31042,5990.96875
31043,5619.056640625
31044,7628.72900390625
31045,9152.6318359375
31046,6190.91455078125
31047,4939.9140625
31048,2778.79736328125
31049,5483.45068359375
31050,5643.45947265625
31051,4366.2783203125
31052,3836.297119140625
31053,7038.359375
31054,5346.23486328125
31055,7418.80908203125
31056,5478.34619140625
31057,4246.1796875
31058,3780.204833984375
31059,4338.71337890625
31060,7279.22314453125
31061,3868.014892578125
31062,5918.93798828125
31063,12901.4794921875
31064,6236.802734375
31065,5291.06982421875
31066,4286.4169921875
31067,4380.66748046875
31068,5195.58251953125
31069,3602.616943359375
31070,4815.0244140625
31071,8489.85546875
31072,4083.498291015625
31073,12841.29296875
31074,10887.7060546875
31075,4577.99658203125
31076,5338.10546875
31077,5249.37109375
31078,5296.04931640625
31079,5054.7197265625
31080,8776.5625
31081,6174.40087890625
31082,7500.47998046875
31083,3849.231689453125
31084,7051.1845703125
31085,4649.9716796875
31086,7195.4697265625
31087,5537.99169921875
31088,4976.77880859375
31089,5430.3974609375
31090,5845.93359375
31091,7167.134765625
31092,8287.822265625
31093,5898.796875
31094,8716.443359375
31095,5489.00830078125
31096,8292.4951171875
31097,4086.32421875
31098,4320.52880859375
31099,3947.47900390625
31100,7957.89111328125
31101,5177.287109375
31102,6052.185546875
31103,5864.12841796875
31104,5963.095703125
31105,4706.57861328125
31106,6732.576171875
31107,5980.091796875
31108,3208.055908203125
31109,10010.283203125
31110,14395.9130859375
31111,5377.82861328125
31112,5195.85888671875
31113,7502.09228515625
31114,8731.7001953125
31115,9896.9189453125
31116,4190.57275390625
31117,6215.90234375
31118,5063.96484375
31119,6811.9599609375
31120,3952.4296875
31121,4968.2412109375
31122,4199.5888671875
31123,4537.3662109375
31124,6993.0283203125
31125,4607.96826171875
31126,3138.87744140625
31127,5734.11962890625
31128,3066.87158203125
31129,3828.64599609375
31130,5146.01416015625
31131,5264.62451171875
31132,7402.75048828125
31133,6874.87744140625
31134,5925.017578125
31135,5432.8447265625
31136,5553.2626953125
31137,9232.9775390625
31138,5229.6162109375
31139,4176.931640625
31140,4335.5087890625
31141,8833.6904296875
31142,3770.59912109375
31143,6206.158203125
31144,3177.891845703125
31145,4777.1396484375
31146,5951.3330078125
31147,4995.25048828125
31148,4839.72216796875
31149,8342.759765625
31150,8311.43359375
31151,11026.857421875
31152,5677.8447265625
31153,7181.0556640625
31154,3045.26171875
31155,4433.9833984375
31156,5358.921875
31157,3387.6416015625
31158,7181.8017578125
31159,3472.492431640625
31160,4344.935546875
31161,7761.5517578125
31162,9659.587890625
31163,6566.3642578125
31164,4307.87548828125
31165,4059.92431640625
31166,12654.0107421875
31167,7368.7099609375
31168,5193.05615234375
31169,4506.3515625
31170,5854.5048828125
31171,7426.62646484375
31172,3774.262939453125
31173,5564.94921875
31174,6391.0791015625
31175,7077.39892578125
31176,11609.6103515625
31177,5167.818359375
31178,10065.861328125
31179,5551.02392578125
31180,4256.78857421875
31181,2979.546875
31182,5665.06884765625
31183,4608.75146484375
31184,4390.2890625
31185,6164.21337890625
31186,4325.32958984375
31187,3252.450439453125
31188,5653.76708984375
31189,2910.5966796875
31190,5853.79296875
31191,5540.83544921875
31192,6825.55224609375
31193,6538.2548828125
31194,3922.570068359375
31195,7528.8056640625
31196,4945.35546875
31197,4967.79150390625
31198,4963.98046875
31199,4735.52294921875
31200,8332.310546875
31201,5533.1162109375
31202,4028.7646484375
31203,5834.91259765625
31204,6944.0888671875
31205,5709.9423828125
31206,4854.80810546875
31207,7449.81689453125
31208,4650.6376953125
31209,6318.6591796875
31210,4856.5810546875
31211,7127.6328125
31212,4782.76611328125
31213,5313.23046875
31214,4083.182861328125
31215,4280.1240234375
31216,3903.073974609375
31217,4039.525146484375
31218,7003.56884765625
31219,7799.541015625
31220,9266.5771484375
31221,8694.4658203125
31222,6643.29150390625
31223,7777.69287109375
31224,4240.4375
31225,9877.091796875
31226,8556.47265625
31227,5416.9287109375
31228,7100.7646484375
31229,6596.40380859375
31230,5084.64013671875
31231,3054.873291015625
31232,6939.728515625
31233,5915.189453125
31234,6064.93505859375
31235,5194.68017578125
31236,1999.904296875
31237,9244.478515625
31238,5837.81396484375
31239,5391.703125
31240,4144.4423828125
31241,3978.041748046875
31242,5607.56201171875
31243,5329.529296875
31244,5501.2685546875
31245,5087.70654296875
31246,3852.1220703125
31247,3731.699462890625
31248,2426.6904296875
31249,6052.36328125
31250,15294.6025390625
31251,2867.332763671875
31252,4776.9423828125
31253,6128.6396484375
31254,3748.683349609375
31255,4533.36083984375
31256,4233.2509765625
31257,3736.484619140625
31258,5777.80126953125
31259,5557.42236328125
31260,2932.0048828125
31261,7092.66162109375
31262,3225.599609375
31263,3845.767822265625
31264,10039.9990234375
31265,6125.791015625
31266,8838.697265625
31267,3990.6845703125
31268,4741.81884765625
31269,3755.73974609375
31270,4077.71484375
31271,14583.0673828125
31272,8940.5830078125
31273,5403.34765625
31274,4335.09326171875
31275,3696.211181640625
31276,4617.0234375
31277,4172.1455078125
31278,8547.2001953125
31279,4449.9638671875
31280,3925.381103515625
31281,5997.30029296875
31282,3520.531494140625
31283,5353.330078125
31284,6003.9052734375
31285,5900.64501953125
31286,5907.24072265625
31287,3869.3486328125
31288,4273.54833984375
31289,5168.853515625
31290,7127.19189453125
31291,6880.2626953125
31292,5919.3994140625
31293,3587.860107421875
31294,6630.57080078125
31295,5314.8662109375
31296,3877.617431640625
31297,5236.54736328125
31298,6497.587890625
31299,5308.09716796875
31300,5218.44580078125
31301,4995.75
31302,5557.51416015625
31303,4885.78662109375
31304,5832.51025390625
31305,5712.947265625
31306,4509.326171875
31307,9291.439453125
31308,5253.412109375
31309,4009.48828125
31310,9987.9462890625
31311,4464.0205078125
31312,3733.1943359375
31313,6567.4716796875
31314,8217.783203125
31315,8243.7392578125
31316,4528.94580078125
31317,4650.64697265625
31318,4486.70849609375
31319,6678.26171875
31320,4969.25439453125
31321,6461.35205078125
31322,2625.361572265625
31323,4441.50390625
31324,5226.60693359375
31325,4191.9345703125
31326,3425.84619140625
31327,5645.39892578125
31328,5583.65869140625
31329,4989.2099609375
31330,6128.8515625
31331,5538.1171875
31332,6926.7421875
31333,4360.04931640625
31334,5458.17236328125
31335,5779.47021484375
31336,6863.63818359375
31337,6513.67822265625
31338,2663.79296875
31339,8151.70849609375
31340,6377.68359375
31341,7548.0986328125
31342,4434.64111328125
31343,3529.505615234375
31344,6560.9619140625
31345,5047.33154296875
31346,8141.70458984375
31347,5176.9775390625
31348,5043.2119140625
31349,6368.43896484375
31350,5070.0625
31351,3978.291259765625
31352,5713.103515625
31353,4342.37890625
31354,7761.275390625
31355,7948.02734375
31356,5954.09033203125
31357,3593.17138671875
31358,3795.8857421875
31359,3198.674072265625
31360,3001.1025390625
31361,5200.75341796875
31362,3809.89599609375
31363,7831.6416015625
31364,3218.56689453125
31365,4737.478515625
31366,4670.8310546875
31367,8005.97705078125
31368,4377.20751953125
31369,4482.52587890625
31370,4921.99560546875
31371,6118.13427734375
31372,4540.75048828125
31373,6382.27734375
31374,6100.75830078125
31375,7135.0751953125
31376,6128.7890625
31377,6401.888671875
31378,4938.04736328125
31379,3682.083740234375
31380,4295.61181640625
31381,8785.826171875
31382,6614.91064453125
31383,8799.390625
31384,14745.0947265625
31385,4334.54833984375
31386,3648.228515625
31387,5399.80419921875
31388,7525.2412109375
31389,8354.984375
31390,5774.06103515625
31391,6327.353515625
31392,6952.64013671875
31393,5461.83154296875
31394,5245.9970703125
31395,4223.53173828125
31396,4039.31689453125
31397,3913.07080078125
31398,3649.5615234375
31399,3904.44677734375
31400,6476.453125
31401,14358.5927734375
31402,5532.201171875
31403,4284.1328125
31404,6140.13232421875
31405,3406.22900390625
31406,5368.8955078125
31407,3984.45849609375
31408,8162.322265625
31409,5336.76171875
31410,5054.09521484375
31411,10516.99609375
31412,11182.6357421875
31413,4856.63037109375
31414,6022.91064453125
31415,3421.34521484375
31416,4770.109375
31417,4769.02294921875
31418,6649.47314453125
31419,4299.15966796875
31420,3816.7724609375
31421,3828.79248046875
31422,4771.18505859375
31423,4878.4638671875
31424,5507.24560546875
31425,3701.349365234375
31426,5758.13671875
31427,6913.4736328125
31428,5495.5419921875
31429,3896.58837890625
31430,3333.001953125
31431,6730.60302734375
31432,2876.51513671875
31433,8635.5615234375
31434,3132.07861328125
31435,4617.8837890625
31436,5191.65087890625
31437,4784.43359375
31438,3856.184814453125
31439,5045.421875
31440,5551.93408203125
31441,7615.61865234375
31442,7426.24755859375
31443,4614.99365234375
31444,3496.203125
31445,4534.37841796875
31446,4493.62353515625
31447,4504.15234375
31448,4428.37451171875
31449,4870.431640625
31450,8821.3349609375
31451,5082.96044921875
31452,4796.30810546875
31453,6463.23779296875
31454,3291.673583984375
31455,7786.40625
31456,4269.189453125
31457,11093.296875
31458,4936.02099609375
31459,4061.51220703125
31460,3808.964111328125
31461,2997.406005859375
31462,5709.46044921875
31463,18172.892578125
31464,3404.026611328125
31465,4025.496826171875
31466,7321.29296875
31467,5735.01904296875
31468,5638.50146484375
31469,6779.13720703125
31470,4793.03515625
31471,4459.4677734375
31472,3596.962158203125
31473,8345.962890625
31474,4832.57763671875
31475,5796.17724609375
31476,6354.751953125
31477,3356.723388671875
31478,7064.5986328125
31479,4982.8955078125
31480,3596.265869140625
31481,7152.826171875
31482,7868.11865234375
31483,3730.398681640625
31484,6717.921875
31485,5370.91650390625
31486,4692.16796875
31487,6439.1484375
31488,5314.77587890625
31489,7292.16064453125
31490,3656.17236328125
31491,4177.50732421875
31492,6712.01171875
31493,3845.48291015625
31494,6364.3984375
31495,3613.937255859375
31496,5312.90673828125
31497,4286.0087890625
31498,4985.47607421875
31499,5992.0712890625
31500,6014.9306640625
31501,5672.70556640625
31502,7054.134765625
31503,4601.861328125
31504,6883.935546875
31505,5813.6552734375
31506,7198.38623046875
31507,7879.767578125
31508,6477.353515625
31509,2892.983154296875
31510,4502.5009765625
31511,5583.28076171875
31512,4444.796875
31513,9758.7626953125
31514,4457.109375
31515,7301.37841796875
31516,6357.8701171875
31517,6329.83984375
31518,2953.431884765625
31519,12334.056640625
31520,8360.6103515625
31521,5173.41015625
31522,6375.93408203125
31523,7781.15869140625
31524,4741.18994140625
31525,4775.43994140625
31526,5553.23291015625
31527,4238.755859375
31528,3347.979736328125
31529,6017.1455078125
31530,3928.309326171875
31531,6439.30419921875
31532,5397.7587890625
31533,5606.86083984375
31534,5839.6611328125
31535,5158.978515625
31536,5938.98095703125
31537,4334.62109375
31538,6277.4658203125
31539,5621.939453125
31540,5254.68896484375
31541,5850.744140625
31542,4163.3525390625
31543,7509.64208984375
31544,4415.1650390625
31545,4340.412109375
31546,4690.88427734375
31547,6515.83740234375
31548,6098.8076171875
31549,3816.66845703125
31550,3566.228515625
31551,6905.83251953125
31552,7076.05126953125
31553,4598.03076171875
31554,6450.12060546875
31555,5769.2802734375
31556,5034.1572265625
31557,4094.79833984375
31558,2876.888427734375
31559,6460.8056640625
31560,5880.068359375
31561,5220.70458984375
31562,7790.96533203125
31563,7085.57763671875
31564,4354.7236328125
31565,6579.384765625
31566,3573.79345703125
31567,1989.7882080078125
31568,5992.45556640625
31569,9676.4873046875
31570,6043.3896484375
31571,5941.77978515625
31572,3217.7197265625
31573,5423.83544921875
31574,6876.4384765625
31575,4822.97265625
31576,6536.6708984375
31577,3547.322021484375
31578,4367.802734375
31579,4015.79736328125
31580,4572.123046875
31581,4801.9833984375
31582,4021.1640625
31583,3421.43798828125
31584,3651.1826171875
31585,5451.67138671875
31586,5789.79150390625
31587,3929.49462890625
31588,5597.58447265625
31589,5913.4775390625
31590,4709.2548828125
31591,4125.56494140625
31592,7523.6591796875
31593,5935.90771484375
31594,4380.6552734375
31595,2708.7421875
31596,10427.9326171875
31597,5533.69580078125
31598,3433.35595703125
31599,6046.5751953125
31600,6809.603515625
31601,6193.09228515625
31602,4877.287109375
31603,6056.125
31604,7350.34375
31605,10860.7841796875
31606,4368.99365234375
31607,3807.284912109375
31608,4187.9150390625
31609,5669.7607421875
31610,5074.07568359375
31611,7083.74560546875
31612,6157.609375
31613,4814.3603515625
31614,3366.634033203125
31615,4712.02685546875
31616,9772.2861328125
31617,3503.734619140625
31618,5648.10009765625
31619,3192.310302734375
31620,5958.84912109375
31621,6420.015625
31622,6105.07275390625
31623,6854.93017578125
31624,4995.5283203125
31625,3356.74267578125
31626,5031.29541015625
31627,5609.36376953125
31628,7015.73681640625
31629,5577.27685546875
31630,6387.12109375
31631,4540.95556640625
31632,3633.0830078125
31633,8515.962890625
31634,3424.17578125
31635,8403.6962890625
31636,5422.6220703125
31637,3995.188232421875
31638,6352.39599609375
31639,5085.95263671875
31640,6458.63525390625
31641,7484.35107421875
31642,3806.265380859375
31643,3633.629638671875
31644,5471.91259765625
31645,7104.52392578125
31646,7668.9541015625
31647,5217.515625
31648,5354.533203125
31649,4681.55712890625
31650,5280.5390625
31651,4968.37060546875
31652,8338.7998046875
31653,6904.62158203125
31654,8965.6259765625
31655,3362.616455078125
31656,4032.442138671875
31657,8825.3037109375
31658,8443.2412109375
31659,3982.84423828125
31660,8008.6689453125
31661,3825.301513671875
31662,4969.10986328125
31663,4502.3662109375
31664,4070.61279296875
31665,4092.81591796875
31666,4660.373046875
31667,3729.302978515625
31668,3671.639404296875
31669,6492.20263671875
31670,5463.48828125
31671,21167.880859375
31672,5580.8203125
31673,3541.469482421875
31674,5946.60791015625
31675,10264.90234375
31676,5402.59228515625
31677,5837.611328125
31678,5193.97900390625
31679,5760.751953125
31680,5520.5966796875
31681,4357.43603515625
31682,4552.07861328125
31683,5313.9375
31684,6877.88037109375
31685,5238.36865234375
31686,7649.6123046875
31687,3831.9013671875
31688,3935.09619140625
31689,4207.22021484375
31690,8177.78271484375
31691,9382.99609375
31692,7888.9775390625
31693,6404.00390625
31694,4116.9365234375
31695,4887.06982421875
31696,3444.00390625
31697,6463.9072265625
31698,7785.1962890625
31699,9088.390625
31700,4589.29296875
31701,3742.454345703125
31702,5037.34716796875
31703,5223.04345703125
31704,8290.919921875
31705,5288.0322265625
31706,3897.0068359375
31707,3787.8603515625
31708,6407.2119140625
31709,3041.561279296875
31710,6394.5
31711,3574.705078125
31712,5181.24072265625
31713,4760.98046875
31714,4871.96875
31715,6694.53515625
31716,5352.48193359375
31717,4340.99951171875
31718,5965.98681640625
31719,4993.13525390625
31720,8684.619140625
31721,4863.041015625
31722,6739.3525390625
31723,7371.32275390625
31724,7936.22607421875
31725,5390.5625
31726,7785.1513671875
31727,3176.55419921875
31728,4528.22607421875
31729,5177.49755859375
31730,5497.9599609375
31731,8452.7470703125
31732,6242.95751953125
31733,4578.21875
31734,6092.390625
31735,5239.3212890625
31736,7671.3134765625
31737,3273.37255859375
31738,11619.849609375
31739,3385.132080078125
31740,4617.10791015625
31741,6967.9912109375
31742,3772.4443359375
31743,4816.52001953125
31744,4933.095703125
31745,6157.54345703125
31746,4107.0595703125
31747,4259.1201171875
31748,7081.75732421875
31749,6120.7734375
31750,5171.8701171875
31751,4075.065185546875
31752,6450.57080078125
31753,9930.5263671875
31754,5837.1962890625
31755,5028.2998046875
31756,5107.48974609375
31757,5631.17919921875
31758,5372.4296875
31759,6288.724609375
31760,3259.53857421875
31761,6493.24658203125
31762,5186.5830078125
31763,5466.93896484375
31764,9249.8916015625
31765,3885.21337890625
31766,4030.46484375
31767,3553.312255859375
31768,6841.33203125
31769,7707.64453125
31770,3781.59326171875
31771,3436.4482421875
31772,5454.43798828125
31773,4863.837890625
31774,4125.81396484375
31775,6743.59326171875
31776,5580.501953125
31777,6398.61572265625
31778,4336.60205078125
31779,3912.2431640625
31780,5114.09619140625
31781,7351.2138671875
31782,7398.7890625
31783,6518.13525390625
31784,6277.38232421875
31785,5082.84619140625
31786,7570.60205078125
31787,4308.32421875
31788,5129.09912109375
31789,7488.33154296875
31790,4508.681640625
31791,8774.7724609375
31792,7440.52490234375
31793,6078.931640625
31794,4596.931640625
31795,6069.625
31796,5655.244140625
31797,5560.81689453125
31798,2945.704833984375
31799,5374.74560546875
31800,6808.8056640625
31801,4691.0947265625
31802,3660.564453125
31803,6511.732421875
31804,5685.73583984375
31805,5241.869140625
31806,4524.5439453125
31807,4275.52587890625
31808,5973.46826171875
31809,5655.26904296875
31810,5183.4619140625
31811,4603.9169921875
31812,5286.59423828125
31813,5150.25927734375
31814,2141.071044921875
31815,6408.4052734375
31816,4909.30859375
31817,7288.6396484375
31818,6021.85888671875
31819,5131.8974609375
31820,9756.3681640625
31821,4418.53515625
31822,4330.83154296875
31823,8571.244140625
31824,4884.22900390625
31825,6516.8173828125
31826,6652.1669921875
31827,4554.162109375
31828,5398.1982421875
31829,4354.97021484375
31830,6559.615234375
31831,9363.5517578125
31832,6490.83349609375
31833,2971.384521484375
31834,3866.673095703125
31835,6413.57080078125
31836,6943.1376953125
31837,5825.96435546875
31838,6102.27587890625
31839,4307.96533203125
31840,4698.23388671875
31841,2837.307861328125
31842,4436.26953125
31843,5409.7685546875
31844,6069.9716796875
31845,5469.076171875
31846,4535.7392578125
31847,7053.14892578125
31848,7114.74560546875
31849,6329.515625
31850,3557.771484375
31851,8392.255859375
31852,7919.56396484375
31853,4277.9248046875
31854,7104.36181640625
31855,3849.030517578125
31856,5319.14599609375
31857,3154.281982421875
31858,6424.0185546875
31859,3454.681640625
31860,8007.34130859375
31861,5925.490234375
31862,6571.06396484375
31863,7437.3818359375
31864,4641.47900390625
31865,6759.0078125
31866,16493.47265625
31867,8598.9140625
31868,5493.1904296875
31869,2345.664306640625
31870,4943.03369140625
31871,6700.33349609375
31872,5451.21337890625
31873,10736.7412109375
31874,17529.873046875
31875,3311.646484375
31876,4803.43115234375
31877,7680.53759765625
31878,3879.47705078125
31879,6355.9345703125
31880,4986.9658203125
31881,6083.44677734375
31882,4780.16552734375
31883,6302.26171875
31884,5400.89892578125
31885,6389.59423828125
31886,7773.25732421875
31887,5367.4931640625
31888,4849.12646484375
31889,5708.6494140625
31890,3741.473876953125
31891,4537.248046875
31892,6258.482421875
31893,4184.712890625
31894,4798.7578125
31895,5796.98681640625
31896,5465.29296875
31897,5051.14892578125
31898,5954.5673828125
31899,5898.34375
31900,7726.53857421875
31901,9294.2490234375
31902,6826.34814453125
31903,5140.26171875
31904,2664.66357421875
31905,5752.4990234375
31906,5864.33740234375
31907,4600.73046875
31908,4099.07568359375
31909,7282.07373046875
31910,5416.029296875
31911,7940.9755859375
31912,5935.56591796875
31913,4331.4619140625
31914,4065.764404296875
31915,4482.5009765625
31916,8036.82666015625
31917,4066.619384765625
31918,6104.9375
31919,13558.048828125
31920,6299.6357421875
31921,5490.6640625
31922,4518.64111328125
31923,4114.734375
31924,5574.44970703125
31925,3457.390869140625
31926,5305.12744140625
31927,8640.66796875
31928,4128.20751953125
31929,12317.5771484375
31930,11524.4365234375
31931,4500.9599609375
31932,5649.3271484375
31933,5535.75048828125
31934,5609.61328125
31935,4624.689453125
31936,8945.427734375
31937,6366.2958984375
31938,7885.708984375
31939,4460.16015625
31940,6698.00732421875
31941,4674.0625
31942,7273.68896484375
31943,5611.40234375
31944,5026.17919921875
31945,5634.6142578125
31946,5940.13623046875
31947,6509.62841796875
31948,8476.818359375
31949,5581.43359375
31950,8079.53125
31951,5385.8994140625
31952,8032.12744140625
31953,4659.25830078125
31954,4221.6416015625
31955,3930.42822265625
31956,8134.39208984375
31957,5344.05419921875
31958,6223.0869140625
31959,5779.009765625
31960,6380.86376953125
31961,4436.58984375
31962,7685.341796875
31963,6189.72216796875
31964,3389.56689453125
31965,9991.2802734375
31966,13964.5205078125
31967,5596.04931640625
31968,5386.53857421875
31969,8180.31396484375
31970,8616.0830078125
31971,10373.103515625
31972,4561.06396484375
31973,6030.11572265625
31974,4857.2861328125
31975,7055.13623046875
31976,3657.115234375
31977,5504.05224609375
31978,4173.16064453125
31979,4880.81103515625
31980,6773.6240234375
31981,4671.40283203125
31982,3263.10205078125
31983,5970.44189453125
31984,3461.9921875
31985,3900.630859375
31986,5697.3779296875
31987,4615.27734375
31988,7418.93896484375
31989,7147.326171875
31990,6180.7783203125
31991,5814.87109375
31992,5639.43994140625
31993,9745.591796875
31994,5521.0458984375
31995,3976.213134765625
31996,4472.27734375
31997,8781.4814453125
31998,3616.1181640625
31999,5747.10498046875
32000,2901.4091796875
32001,4487.19580078125
32002,6288.14404296875
32003,5225.11962890625
32004,4736.10302734375
32005,8327.89453125
32006,8135.30615234375
32007,10973.7265625
32008,5825.65380859375
32009,6918.20458984375
32010,2918.154052734375
32011,4763.93896484375
32012,4967.86962890625
32013,3158.662109375
32014,7162.59716796875
32015,3854.57568359375
32016,4489.8046875
32017,7449.15283203125
32018,9714.208984375
32019,6258.19580078125
32020,4462.16259765625
32021,4156.4345703125
32022,11929.47265625
32023,7036.68701171875
32024,5032.46484375
32025,4720.125
32026,5764.38330078125
32027,8117.16796875
32028,3657.23291015625
32029,5177.3994140625
32030,6428.03466796875
32031,6501.38037109375
32032,12618.693359375
32033,5009.0361328125
32034,9673.9345703125
32035,5705.287109375
32036,4196.2529296875
32037,2751.581298828125
32038,5094.71875
32039,4820.9580078125
32040,4363.9453125
32041,6145.6767578125
32042,4701.35546875
32043,3501.900390625
32044,5504.33447265625
32045,2792.876220703125
32046,6534.3564453125
32047,5799.73193359375
32048,7527.9892578125
32049,7044.7841796875
32050,4002.575439453125
32051,7967.81201171875
32052,5358.11474609375
32053,5042.9228515625
32054,5119.31103515625
32055,4025.418212890625
32056,8660.2978515625
32057,5459.1396484375
32058,4437.236328125
32059,5753.681640625
32060,6616.744140625
32061,5815.791015625
32062,5200.91064453125
32063,7167.814453125
32064,4658.4052734375
32065,6385.55908203125
32066,4878.111328125
32067,6775.91455078125
32068,5042.19677734375
32069,5339.24462890625
32070,3789.8720703125
32071,4291.46826171875
32072,4196.2861328125
32073,4105.677734375
32074,7276.9111328125
32075,8057.44970703125
32076,9161.4560546875
32077,9100.005859375
32078,6978.697265625
32079,7876.693359375
32080,4548.5
32081,9187.767578125
32082,9017.3291015625
32083,6228.75732421875
32084,7275.64501953125
32085,7435.671875
32086,5166.53466796875
32087,3527.11669921875
32088,7181.85400390625
32089,5907.8623046875
32090,5836.2890625
32091,5621.220703125
32092,1979.1314697265625
32093,8915.669921875
32094,5958.67529296875
32095,5205.02880859375
32096,4133.720703125
32097,3962.510498046875
32098,6012.85546875
32099,5992.95947265625
32100,5289.56396484375
32101,5407.84130859375
32102,4025.1650390625
32103,3396.268310546875
32104,2727.126953125
32105,6178.44873046875
32106,15067.5302734375
32107,3216.58154296875
32108,4879.51904296875
32109,5492.1220703125
32110,4248.94091796875
32111,4018.28076171875
32112,4444.26513671875
32113,3696.832275390625
32114,5962.9951171875
32115,5554.0380859375
32116,3361.399169921875
32117,7294.6943359375
32118,3965.187255859375
32119,4229.08447265625
32120,10456.296875
32121,6126.67333984375
32122,9218.1103515625
32123,4429.27490234375
32124,5427.5693359375
32125,3991.845947265625
32126,4174.83056640625
32127,13286.5126953125
32128,9235.03515625
32129,5580.40673828125
32130,4609.2666015625
32131,3898.289306640625
32132,5016.50048828125
32133,3671.861328125
32134,8921.7900390625
32135,4696.63525390625
32136,3955.362060546875
32137,5847.36083984375
32138,3876.806396484375
32139,5737.1943359375
32140,6715.9013671875
32141,6025.6455078125
32142,6039.6767578125
32143,3654.078125
32144,4514.552734375
32145,4886.3232421875
32146,7787.7646484375
32147,6954.337890625
32148,5957.8154296875
32149,3824.6708984375
32150,6650.908203125
32151,4870.9921875
32152,3616.29052734375
32153,5775.224609375
32154,6101.05078125
32155,4873.0556640625
32156,5077.064453125
32157,5042.7529296875
32158,5711.51806640625
32159,4970.16357421875
32160,6189.97705078125
32161,5821.9658203125
32162,4136.0908203125
32163,8914.7265625
32164,5366.52099609375
32165,3862.4775390625
32166,9514.3955078125
32167,4835.97265625
32168,3121.962158203125
32169,7322.9853515625
32170,7956.2998046875
32171,9132.8349609375
32172,4819.8193359375
32173,5002.962890625
32174,4717.83740234375
32175,6205.30517578125
32176,5114.45263671875
32177,6257.7705078125
32178,2866.592041015625
32179,4727.44677734375
32180,4783.35595703125
32181,4547.75341796875
32182,3818.6796875
32183,5553.09912109375
32184,5596.13037109375
32185,5489.15771484375
32186,6920.140625
32187,5182.8837890625
32188,6805.04833984375
32189,4187.3447265625
32190,5249.98583984375
32191,5845.53955078125
32192,6843.345703125
32193,6662.0166015625
32194,2853.591552734375
32195,7728.2958984375
32196,6133.38623046875
32197,5664.595703125
32198,4181.2568359375
32199,3894.511962890625
32200,6525.4052734375
32201,4606.5185546875
32202,6836.4033203125
32203,5408.34814453125
32204,4803.0693359375
32205,6095.6787109375
32206,5102.05322265625
32207,4320.18896484375
32208,5952.705078125
32209,4006.1923828125
32210,7572.15283203125
32211,7923.4775390625
32212,6611.6416015625
32213,4063.674072265625
32214,4204.5185546875
32215,3320.26904296875
32216,2945.234619140625
32217,5563.2041015625
32218,4232.82275390625
32219,7976.75634765625
32220,3633.04833984375
32221,4884.451171875
32222,5243.876953125
32223,7233.9375
32224,4358.85595703125
32225,4458.8291015625
32226,4730.384765625
32227,6606.2431640625
32228,4496.64111328125
32229,6151.92822265625
32230,6109.23046875
32231,7354.4580078125
32232,6236.07421875
32233,6274.55126953125
32234,5080.8173828125
32235,3887.873046875
32236,4472.5146484375
32237,9069.416015625
32238,6630.57763671875
32239,9345.5478515625
32240,13276.27734375
32241,4580.3642578125
32242,3716.73486328125
32243,5945.11767578125
32244,7171.451171875
32245,8114.13916015625
32246,6179.0810546875
32247,6900.14697265625
32248,6340.3984375
32249,5839.69140625
32250,5143.953125
32251,4121.759765625
32252,4468.9404296875
32253,4069.63623046875
32254,3281.67529296875
32255,4211.80126953125
32256,6629.5751953125
32257,14661.3388671875
32258,5683.77685546875
32259,4339.76025390625
32260,6184.77587890625
32261,3353.5830078125
32262,5421.86865234375
32263,4277.37646484375
32264,8078.99658203125
32265,5547.74853515625
32266,5487.0712890625
32267,10785.8056640625
32268,10791.232421875
32269,4516.38330078125
32270,6243.39208984375
32271,3364.952880859375
32272,4905.29150390625
32273,5090.72802734375
32274,6926.92626953125
32275,3712.539306640625
32276,3873.5595703125
32277,4059.58251953125
32278,4395.02099609375
32279,5125.3828125
32280,5571.1591796875
32281,4005.9501953125
32282,5968.98291015625
32283,7040.6650390625
32284,5554.65966796875
32285,3688.994384765625
32286,3176.45703125
32287,6782.76611328125
32288,3022.912353515625
32289,8066.5
32290,3273.57373046875
32291,5047.70947265625
32292,5138.70849609375
32293,4862.0986328125
32294,4063.92626953125
32295,4933.70849609375
32296,5337.89892578125
32297,7874.75
32298,7440.7421875
32299,4904.57275390625
32300,3761.567626953125
32301,4874.0263671875
32302,4971.15283203125
32303,4151.98095703125
32304,4718.4013671875
32305,5365.416015625
32306,9329.56640625
32307,5461.611328125
32308,5011.548828125
32309,6436.06103515625
32310,3411.534912109375
32311,7362.83642578125
32312,4519.8076171875
32313,10561.306640625
32314,5232.93896484375
32315,3986.633056640625
32316,4012.128662109375
32317,3350.391845703125
32318,6060.67822265625
32319,18750.634765625
32320,2903.971435546875
32321,4229.20068359375
32322,8282.9453125
32323,5972.34130859375
32324,6224.0029296875
32325,6838.16064453125
32326,5204.01708984375
32327,4479.572265625
32328,3734.164306640625
32329,8876.685546875
32330,4971.32373046875
32331,6158.62646484375
32332,6355.20849609375
32333,3843.387939453125
32334,7369.279296875
32335,5404.328125
32336,3724.833740234375
32337,7818.59814453125
32338,9280.1884765625
32339,3974.849853515625
32340,6165.2080078125
32341,5609.78369140625
32342,4797.14697265625
32343,7268.76904296875
32344,5493.25146484375
32345,7028.55224609375
32346,3933.72509765625
32347,4160.9033203125
32348,6733.43115234375
32349,4238.92626953125
32350,7014.45751953125
32351,3997.078125
32352,4806.455078125
32353,3980.829833984375
32354,5376.36572265625
32355,5454.955078125
32356,6048.92431640625
32357,5713.15673828125
32358,7148.5498046875
32359,5035.34765625
32360,7000.5810546875
32361,5878.90966796875
32362,6613.07177734375
32363,8167.4951171875
32364,6794.9521484375
32365,2881.265869140625
32366,5185.49169921875
32367,6181.478515625
32368,4546.451171875
32369,10184.478515625
32370,4659.275390625
32371,7013.181640625
32372,7013.181640625
32373,6613.61767578125
32374,3079.228271484375
32375,14063.6064453125
32376,8425.5517578125
32377,5192.2626953125
32378,6967.45361328125
32379,8732.8447265625
32380,4849.82373046875
32381,4488.216796875
32382,5515.87841796875
32383,4168.87255859375
32384,3471.073486328125
32385,5714.0185546875
32386,3797.157958984375
32387,6543.4482421875
32388,5376.52099609375
32389,5520.65673828125
32390,5782.56298828125
32391,5332.29052734375
32392,6109.76025390625
32393,4470.35400390625
32394,6472.9951171875
32395,5684.630859375
32396,5182.181640625
32397,5560.51953125
32398,4729.88671875
32399,8101.05517578125
32400,4257.44091796875
32401,4626.39111328125
32402,5126.28125
32403,6195.23876953125
32404,6373.02294921875
32405,3907.55419921875
32406,3803.0927734375
32407,6298.03466796875
32408,6594.736328125
32409,5004.76123046875
32410,6021.73681640625
32411,5608.85498046875
32412,4487.4404296875
32413,3990.330810546875
32414,2830.218505859375
32415,6669.6923828125
32416,5577.32080078125
32417,5255.1650390625
32418,7713.908203125
32419,6790.53125
32420,3948.24267578125
32421,7048.34619140625
32422,3738.5927734375
32423,2540.2001953125
32424,5967.3017578125
32425,9203.521484375
32426,6256.67578125
32427,5754.23486328125
32428,3589.78662109375
32429,5366.22119140625
32430,7089.99072265625
32431,5032.1494140625
32432,6564.84423828125
32433,3390.845947265625
32434,4170.3994140625
32435,4387.85986328125
32436,4320.30859375
32437,4345.037109375
32438,3748.150390625
32439,3825.93017578125
32440,3794.695068359375
32441,5652.81884765625
32442,6228.59814453125
32443,3892.742919921875
32444,5712.259765625
32445,5500.16015625
32446,4314.22412109375
32447,4196.91455078125
32448,7248.28955078125
32449,5660.69775390625
32450,4352.34814453125
32451,2804.90625
32452,11154.1240234375
32453,5571.9775390625
32454,4372.6015625
32455,5759.1435546875
32456,6813.85107421875
32457,5657.125
32458,4644.8173828125
32459,6590.5029296875
32460,7799.96923828125
32461,10890.0830078125
32462,4349.9501953125
32463,3625.274658203125
32464,4219.046875
32465,5263.92529296875
32466,5059.3046875
32467,6807.29931640625
32468,6674.32568359375
32469,4967.05029296875
32470,3583.476318359375
32471,5063.36376953125
32472,10336.0595703125
32473,3756.486083984375
32474,5888.37353515625
32475,3598.9921875
32476,5963.30322265625
32477,6387.21337890625
32478,6244.33642578125
32479,7408.47900390625
32480,5526.291015625
32481,3425.736572265625
32482,5030.27197265625
32483,6389.537109375
32484,7203.81591796875
32485,5450.26708984375
32486,6561.23779296875
32487,4514.6513671875
32488,3607.02587890625
32489,8312.6201171875
32490,3988.61865234375
32491,8365.41015625
32492,5692.357421875
32493,3745.7470703125
32494,6257.22607421875
32495,5795.6669921875
32496,6571.5625
32497,7964.5029296875
32498,3694.855224609375
32499,3613.662353515625
32500,5366.4296875
32501,7277.595703125
32502,7816.2490234375
32503,5200.80029296875
32504,5518.79150390625
32505,4906.8583984375
32506,5456.009765625
32507,4484.94091796875
32508,8760.9140625
32509,7306.77001953125
32510,9563.8134765625
32511,3204.8759765625
32512,4569.88330078125
32513,8294.7734375
32514,8739.056640625
32515,4104.61669921875
32516,8603.1611328125
32517,4037.6240234375
32518,4970.19287109375
32519,4500.951171875
32520,3953.8994140625
32521,4723.8017578125
32522,4731.25
32523,3848.0693359375
32524,3979.154052734375
32525,5886.0390625
32526,5427.51953125
32527,20855.068359375
32528,5670.12060546875
32529,4209.6787109375
32530,5880.283203125
32531,11037.705078125
32532,5951.2578125
32533,7528.556640625
32534,5528.51416015625
32535,6747.12646484375
32536,6754.80419921875
32537,4257.84814453125
32538,5008.17138671875
32539,6282.41845703125
32540,7695.20703125
32541,6178.64501953125
32542,7909.42626953125
32543,4304.7744140625
32544,4314.9033203125
32545,4701.95263671875
32546,8924.44921875
32547,10697.193359375
32548,7537.9365234375
32549,6833.65771484375
32550,4080.5126953125
32551,5224.77880859375
32552,3672.823486328125
32553,7800.61474609375
32554,8942.6103515625
32555,10250.6796875
32556,4982.7451171875
32557,3455.1689453125
32558,4306.8330078125
32559,5204.57958984375
32560,9579.21875
32561,6113.9697265625
32562,4691.9794921875
32563,5009.275390625
32564,7325.537109375
32565,3251.977294921875
32566,6619.89599609375
32567,4223.59912109375
32568,6692.8125
32569,5684.9404296875
32570,4939.58544921875
32571,7608.70361328125
32572,6424.1904296875
32573,5373.79296875
32574,6322.96630859375
32575,6365.50390625
32576,9658.677734375
32577,5941.9072265625
32578,7664.212890625
32579,8070.140625
32580,8832.572265625
32581,6214.27197265625
32582,7461.57373046875
32583,4057.51513671875
32584,4758.6826171875
32585,5648.27294921875
32586,6146.36669921875
32587,9405.45703125
32588,7131.6494140625
32589,5168.869140625
32590,6673.6328125
32591,5993.6884765625
32592,7935.84130859375
32593,3763.04443359375
32594,10993.208984375
32595,3777.964111328125
32596,5343.626953125
32597,7534.58447265625
32598,4867.353515625
32599,5197.59521484375
32600,5408.4619140625
32601,6682.814453125
32602,4851.30419921875
32603,4911.46240234375
32604,7905.326171875
32605,6786.1767578125
32606,5649.51806640625
32607,5633.2392578125
32608,6841.83984375
32609,11454.083984375
32610,6979.3876953125
32611,5758.46044921875
32612,6102.26806640625
32613,6451.75341796875
32614,6021.78125
32615,7218.55517578125
32616,3767.772705078125
32617,7591.115234375
32618,6042.6328125
32619,6185.89013671875
32620,10917.5146484375
32621,3824.267578125
32622,4303.15283203125
32623,3807.673095703125
32624,7767.09716796875
32625,8283.7646484375
32626,4697.138671875
32627,4461.92822265625
32628,5949.19189453125
32629,5476.0302734375
32630,4787.53125
32631,6442.345703125
32632,6246.6767578125
32633,7104.564453125
32634,5265.91455078125
32635,4379.47216796875
32636,5709.6796875
32637,8153.24853515625
32638,7086.46533203125
32639,7301.97509765625
32640,7078.423828125
32641,5617.84033203125
32642,8886.4462890625
32643,4657.65576171875
32644,5557.2392578125
32645,8730.310546875
32646,5506.21044921875
32647,9259.7607421875
32648,7970.4501953125
32649,6332.2099609375
32650,4974.7314453125
32651,6835.4228515625
32652,6803.013671875
32653,5845.8271484375
32654,3595.102783203125
32655,5971.18408203125
32656,7321.52978515625
32657,5052.62060546875
32658,3622.2822265625
32659,7091.9150390625
32660,5639.12109375
32661,5631.80615234375
32662,5384.61083984375
32663,4866.22607421875
32664,6746.29736328125
32665,6374.6796875
32666,5093.3779296875
32667,4950.9267578125
32668,5826.34130859375
32669,5819.6884765625
32670,2137.3408203125
32671,6491.294921875
32672,5342.88427734375
32673,7514.2978515625
32674,6616.5322265625
32675,5532.71875
32676,10651.3876953125
32677,4840.46240234375
32678,5009.462890625
32679,10089.8603515625
32680,5720.4765625
32681,7493.47119140625
32682,7127.31298828125
32683,5366.2041015625
32684,6359.84716796875
32685,5079.4853515625
32686,7593.716796875
32687,10465.3271484375
32688,7798.826171875
32689,3230.119384765625
32690,4856.03271484375
32691,6655.17724609375
32692,7440.01513671875
32693,5542.130859375
32694,5751.52587890625
32695,4931.97509765625
32696,5282.73876953125
32697,3301.156982421875
32698,4675.05859375
32699,5930.2646484375
32700,6641.32666015625
32701,6140.78076171875
32702,5879.24658203125
32703,8057.60791015625
32704,7412.2958984375
32705,7079.13671875
32706,4051.550537109375
32707,8976.6533203125
32708,8447.8427734375
32709,4507.67138671875
32710,7131.962890625
32711,4712.66015625
32712,6112.74072265625
32713,3786.671875
32714,6549.1484375
32715,4204.060546875
32716,9356.5576171875
32717,6664.224609375
32718,7658.26025390625
32719,8304.73828125
32720,5109.22802734375
32721,7460.88818359375
32722,18052.095703125
32723,9433.791015625
32724,6348.68994140625
32725,2555.756591796875
32726,5654.19921875
32727,7274.5673828125
32728,5877.78662109375
32729,11444.15625
32730,19041.75
32731,3577.10888671875
32732,5126.43505859375
32733,9234.0263671875
32734,4655.21142578125
32735,7398.81884765625
32736,5204.658203125
32737,6922.70947265625
32738,4933.48681640625
32739,6502.92578125
32740,5818.91015625
32741,7342.94140625
32742,9018.263671875
32743,5979.2568359375
32744,5337.60400390625
32745,6207.79150390625
32746,3998.770751953125
32747,5045.408203125
32748,6708.482421875
32749,5208.3857421875
32750,5365.6796875
32751,6036.0908203125
32752,5789.81787109375
32753,5196.98779296875
32754,6850.63720703125
32755,6353.91455078125
32756,8739.53515625
32757,11856.4677734375
32758,7312.77978515625
32759,5856.5205078125
32760,3186.072998046875
32761,5794.904296875
32762,6579.2353515625
32763,5592.1796875
32764,4717.60205078125
32765,8081.443359375
32766,5635.66064453125
32767,9473.8017578125
32768,6398.84716796875
32769,4785.43798828125
32770,4678.00537109375
32771,5057.6943359375
32772,8278.9521484375
32773,4729.40283203125
32774,7067.435546875
32775,15366.5791015625
32776,6720.31640625
32777,5855.4091796875
32778,5114.6513671875
32779,4242.0341796875
32780,6234.15771484375
32781,3774.161376953125
32782,5799.431640625
32783,9583.953125
32784,4651.83349609375
32785,12870.66015625
32786,12309.0244140625
32787,5330.283203125
32788,6584.6005859375
32789,6012.26220703125
32790,6285.8271484375
32791,4973.8369140625
32792,9398.1953125
32793,6746.7060546875
32794,8425.4013671875
32795,4429.02783203125
32796,7292.859375
32797,4918.96240234375
32798,7855.2314453125
32799,5996.92919921875
32800,5683.6103515625
32801,6381.44384765625
32802,6345.91357421875
32803,7388.0
32804,9527.982421875
32805,6084.8828125
32806,8768.28125
32807,6674.82861328125
32808,9909.5859375
32809,5154.40283203125
32810,4300.25146484375
32811,4583.64697265625
32812,7240.91650390625
32813,6238.9482421875
32814,6844.45263671875
32815,6814.06787109375
32816,7317.3017578125
32817,4960.00732421875
32818,7558.1640625
32819,6664.814453125
32820,3867.747802734375
32821,10358.62109375
32822,16409.55078125
32823,6308.56396484375
32824,5856.560546875
32825,8557.576171875
32826,8787.923828125
32827,11146.6572265625
32828,5074.52001953125
32829,6234.61572265625
32830,5670.9990234375
32831,7229.51123046875
32832,3898.662841796875
32833,5903.24462890625
32834,4940.7421875
32835,5442.236328125
32836,7332.42138671875
32837,5068.0625
32838,3685.30712890625
32839,6715.61083984375
32840,4277.54833984375
32841,3922.42529296875
32842,5667.5263671875
32843,5300.14306640625
32844,8194.3701171875
32845,8427.509765625
32846,7391.9453125
32847,6768.50634765625
32848,6542.74072265625
32849,10804.9931640625
32850,5857.32470703125
32851,4392.72412109375
32852,5278.2646484375
32853,10041.99609375
32854,4576.6240234375
32855,6475.4541015625
32856,3445.203125
32857,4832.33935546875
32858,6431.59326171875
32859,5883.28076171875
32860,5367.99365234375
32861,9035.8583984375
32862,9142.2646484375
32863,11436.7080078125
32864,6302.775390625
32865,8121.72607421875
32866,3326.33935546875
32867,5197.615234375
32868,5669.29052734375
32869,3666.21533203125
32870,7576.64990234375
32871,3922.522216796875
32872,5392.65283203125
32873,8457.345703125
32874,10741.21484375
32875,7307.7177734375
32876,5265.77099609375
32877,4839.1328125
32878,14417.9462890625
32879,8081.58935546875
32880,5665.9462890625
32881,5591.57568359375
32882,6679.2978515625
32883,8731.4853515625
32884,4394.33056640625
32885,5609.79248046875
32886,6977.076171875
32887,7207.6806640625
32888,12396.2666015625
32889,6333.953125
32890,10605.6953125
32891,6437.47021484375
32892,5264.57958984375
32893,2989.81787109375
32894,5142.486328125
32895,4999.0166015625
32896,5304.419921875
32897,6916.177734375
32898,5149.5087890625
32899,4030.925537109375
32900,5777.61767578125
32901,3568.386962890625
32902,6692.13671875
32903,6306.65771484375
32904,7082.2109375
32905,7363.68798828125
32906,4625.62744140625
32907,8309.45703125
32908,5653.708984375
32909,5799.07177734375
32910,5367.27001953125
32911,4731.6748046875
32912,9450.673828125
32913,6525.16748046875
32914,4296.62255859375
32915,6146.6064453125
32916,8029.8125
32917,6510.6005859375
32918,5727.3408203125
32919,7775.60546875
32920,5106.6298828125
32921,6623.7919921875
32922,5594.04833984375
32923,7815.24609375
32924,5089.66259765625
32925,6345.40478515625
32926,4855.23193359375
32927,5020.080078125
32928,4830.17822265625
32929,4488.4560546875
32930,7677.236328125
32931,9104.4521484375
32932,9963.013671875
32933,9895.9482421875
32934,7637.0634765625
32935,8795.65234375
32936,5276.12548828125
32937,10836.7099609375
32938,10482.1552734375
32939,6640.7138671875
32940,7639.97412109375
32941,7963.642578125
32942,5690.08740234375
32943,3992.11767578125
32944,8030.25048828125
32945,6729.52587890625
32946,6633.01953125
32947,5994.94677734375
32948,2471.62646484375
32949,9476.4140625
32950,6356.6201171875
32951,7126.56689453125
32952,4730.23583984375
32953,4595.9111328125
32954,6525.34912109375
32955,6068.556640625
32956,6294.41162109375
32957,6054.72998046875
32958,4562.6376953125
32959,3377.465087890625
32960,2794.337646484375
32961,6402.525390625
32962,16081.1162109375
32963,3320.4833984375
32964,5369.0791015625
32965,6190.6337890625
32966,4324.60595703125
32967,4573.857421875
32968,5068.37353515625
32969,3365.0341796875
32970,6754.32568359375
32971,6504.93505859375
32972,3417.48486328125
32973,8040.072265625
32974,3970.095458984375
32975,4536.73486328125
32976,12130.962890625
32977,7084.90673828125
32978,10326.3115234375
32979,4696.82568359375
32980,5231.94384765625
32981,3919.194091796875
32982,4810.64111328125
32983,14489.0966796875
32984,10824.318359375
32985,6356.64404296875
32986,5177.2509765625
32987,4706.00830078125
32988,5500.908203125
32989,3730.89306640625
32990,10196.63671875
32991,4860.2490234375
32992,4762.75537109375
32993,6387.0810546875
32994,4268.751953125
32995,5595.48974609375
32996,6279.00048828125
32997,6646.9677734375
32998,6592.3037109375
32999,3878.80810546875
33000,4872.66455078125
33001,6172.06591796875
33002,8157.037109375
33003,7384.767578125
33004,6650.55029296875
33005,3639.385986328125
33006,7346.955078125
33007,5402.24560546875
33008,4348.77099609375
33009,5886.72412109375
33010,7035.8291015625
33011,5358.8994140625
33012,5850.3896484375
33013,5853.1787109375
33014,5871.689453125
33015,5249.18212890625
33016,6382.77001953125
33017,6053.029296875
33018,4537.2939453125
33019,10032.451171875
33020,5502.1728515625
33021,4221.89111328125
33022,10533.7216796875
33023,5374.4658203125
33024,3172.212158203125
33025,7069.03125
33026,8680.630859375
33027,8617.85546875
33028,5022.01123046875
33029,5735.6357421875
33030,5272.419921875
33031,6801.0810546875
33032,5538.47265625
33033,7049.32470703125
33034,2842.61572265625
33035,5304.24658203125
33036,5660.67578125
33037,4548.29638671875
33038,4282.49951171875
33039,6231.666015625
33040,6136.130859375
33041,6185.58740234375
33042,6673.669921875
33043,5734.37158203125
33044,7924.57275390625
33045,4527.5625
33046,5816.06591796875
33047,6487.82568359375
33048,7581.3037109375
33049,7253.50537109375
33050,2836.243896484375
33051,8060.54052734375
33052,6098.17236328125
33053,6972.89990234375
33054,4744.10009765625
33055,4087.8818359375
33056,7373.1025390625
33057,4755.55712890625
33058,7857.5888671875
33059,5875.1279296875
33060,4825.57421875
33061,7386.4326171875
33062,5553.02685546875
33063,4825.16259765625
33064,6527.03515625
33065,4617.75732421875
33066,8883.26953125
33067,8697.8115234375
33068,6538.09619140625
33069,4807.5537109375
33070,4381.4736328125
33071,3141.799072265625
33072,3229.058837890625
33073,5957.3525390625
33074,4657.6455078125
33075,8566.9853515625
33076,3719.2451171875
33077,5069.751953125
33078,5526.49267578125
33079,7983.25244140625
33080,4471.53125
33081,5101.228515625
33082,5118.98828125
33083,7116.587890625
33084,5574.009765625
33085,6803.6376953125
33086,7068.40234375
33087,7842.15234375
33088,6953.5361328125
33089,6907.1748046875
33090,5484.150390625
33091,4386.720703125
33092,4664.9755859375
33093,9830.537109375
33094,7001.92041015625
33095,10973.6884765625
33096,14575.634765625
33097,4619.0693359375
33098,4490.00439453125
33099,6227.28857421875
33100,7838.37158203125
33101,9038.2822265625
33102,6513.50048828125
33103,7029.0458984375
33104,7245.58447265625
33105,6231.1416015625
33106,6000.05029296875
33107,4749.5498046875
33108,4629.02294921875
33109,4301.056640625
33110,3272.418212890625
33111,4618.3310546875
33112,7516.642578125
33113,15447.1328125
33114,6437.04833984375
33115,4862.490234375
33116,6563.5595703125
33117,3943.820556640625
33118,5922.63134765625
33119,4676.70458984375
33120,10202.1796875
33121,5902.39794921875
33122,6048.05126953125
33123,12154.91796875
33124,11865.2763671875
33125,5146.47412109375
33126,6850.0146484375
33127,3752.00439453125
33128,5206.42431640625
33129,5783.94677734375
33130,7466.470703125
33131,4326.724609375
33132,4340.66064453125
33133,4380.26904296875
33134,5492.3369140625
33135,5354.94482421875
33136,6413.39404296875
33137,4314.388671875
33138,6491.61181640625
33139,7408.26611328125
33140,5716.05517578125
33141,4082.311279296875
33142,3289.684326171875
33143,7292.9921875
33144,3686.64404296875
33145,9185.6201171875
33146,3827.383544921875
33147,5742.66455078125
33148,6165.04833984375
33149,5005.5068359375
33150,4540.27490234375
33151,5982.13330078125
33152,5724.47998046875
33153,8621.630859375
33154,7927.75
33155,5325.85986328125
33156,3853.963134765625
33157,5480.35595703125
33158,5268.70263671875
33159,4769.5400390625
33160,5160.31201171875
33161,6076.4921875
33162,10685.583984375
33163,7118.8369140625
33164,5925.2744140625
33165,6668.84619140625
33166,3638.226318359375
33167,8682.947265625
33168,4892.6318359375
33169,10737.107421875
33170,5495.33935546875
33171,4638.61279296875
33172,4654.14111328125
33173,3626.453125
33174,6432.71240234375
33175,20808.65234375
33176,3402.859375
33177,4827.3818359375
33178,8613.9931640625
33179,6692.98193359375
33180,6517.43505859375
33181,7764.72412109375
33182,5631.6064453125
33183,5164.751953125
33184,4157.58154296875
33185,8938.6240234375
33186,5045.72119140625
33187,6670.28857421875
33188,7146.15478515625
33189,4040.77978515625
33190,8215.189453125
33191,5886.4306640625
33192,3876.30126953125
33193,8385.84375
33194,9221.728515625
33195,3690.590087890625
33196,6842.6923828125
33197,6229.10009765625
33198,5307.7177734375
33199,7849.6064453125
33200,6210.65576171875
33201,8121.29345703125
33202,4451.443359375
33203,4840.533203125
33204,6428.90185546875
33205,4160.54248046875
33206,7434.2626953125
33207,4317.11767578125
33208,5307.90966796875
33209,4369.4248046875
33210,6112.28857421875
33211,5469.9423828125
33212,6191.4814453125
33213,6302.349609375
33214,8372.4541015625
33215,5997.333984375
33216,8423.0869140625
33217,5933.287109375
33218,7174.17333984375
33219,9319.4443359375
33220,7967.0869140625
33221,3321.885009765625
33222,5804.43505859375
33223,6980.6279296875
33224,5551.40869140625
33225,11823.453125
33226,4938.03125
33227,7366.6484375
33228,7366.6484375
33229,6884.38671875
33230,3829.921142578125
33231,17252.115234375
33232,10016.40234375
33233,5810.39990234375
33234,7379.4228515625
33235,8787.0302734375
33236,5247.556640625
33237,5004.0107421875
33238,5819.4150390625
33239,4837.74462890625
33240,3792.6884765625
33241,5937.54052734375
33242,4212.984375
33243,6753.572265625
33244,6425.498046875
33245,5955.8974609375
33246,6257.05908203125
33247,6028.1240234375
33248,6403.62353515625
33249,5135.609375
33250,6782.26123046875
33251,6454.3017578125
33252,6143.1552734375
33253,5940.89404296875
33254,5086.3037109375
33255,8383.072265625
33256,4742.5732421875
33257,5192.7158203125
33258,5554.671875
33259,6300.39990234375
33260,6747.91357421875
33261,4176.2265625
33262,3731.355224609375
33263,6324.708984375
33264,6793.6171875
33265,5057.32958984375
33266,6506.21044921875
33267,5973.44482421875
33268,5006.18701171875
33269,4679.6943359375
33270,3155.491943359375
33271,7151.6728515625
33272,5730.85693359375
33273,5639.0234375
33274,8716.666015625
33275,7184.7666015625
33276,4408.81103515625
33277,7834.333984375
33278,3935.58251953125
33279,2530.730224609375
33280,6454.0087890625
33281,9835.9248046875
33282,6854.00537109375
33283,5925.1611328125
33284,3786.908935546875
33285,5538.3310546875
33286,7836.1142578125
33287,4948.7060546875
33288,7927.3154296875
33289,3976.06787109375
33290,4453.9140625
33291,4739.9306640625
33292,4881.89111328125
33293,4830.76953125
33294,3933.81494140625
33295,4794.87890625
33296,4015.749755859375
33297,6421.43017578125
33298,5844.24267578125
33299,4631.9931640625
33300,5791.8583984375
33301,6588.25244140625
33302,5126.27978515625
33303,4301.90966796875
33304,8767.7744140625
33305,6707.4521484375
33306,5268.1962890625
33307,3032.2490234375
33308,11512.421875
33309,6154.00146484375
33310,4893.392578125
33311,7396.51806640625
33312,7388.5703125
33313,6618.068359375
33314,5602.091796875
33315,6762.90380859375
33316,8163.65771484375
33317,11544.548828125
33318,4702.7666015625
33319,4004.3525390625
33320,4387.17529296875
33321,6384.58740234375
33322,5559.853515625
33323,6700.09033203125
33324,7029.4462890625
33325,5160.48974609375
33326,4037.9248046875
33327,5884.11767578125
33328,11886.802734375
33329,3809.541259765625
33330,6241.75244140625
33331,3404.19384765625
33332,6851.4228515625
33333,6802.353515625
33334,7245.3310546875
33335,7408.9267578125
33336,6359.86767578125
33337,4149.19677734375
33338,5706.947265625
33339,6581.68017578125
33340,7717.951171875
33341,6542.19970703125
33342,7214.13232421875
33343,4837.50634765625
33344,4475.60400390625
33345,9270.029296875
33346,4129.51416015625
33347,8579.4716796875
33348,5898.6708984375
33349,4527.5205078125
33350,6932.58203125
33351,6176.32861328125
33352,7286.96728515625
33353,8538.06640625
33354,4259.01904296875
33355,4152.060546875
33356,6288.20654296875
33357,7679.10498046875
33358,8734.408203125
33359,5446.8115234375
33360,5875.5859375
33361,5195.05029296875
33362,5941.14013671875
33363,4274.5751953125
33364,8660.80078125
33365,8553.2666015625
33366,10049.22265625
33367,3908.699951171875
33368,5481.08642578125
33369,9160.6162109375
33370,9978.0341796875
33371,4320.41650390625
33372,9506.06640625
33373,4482.919921875
33374,5481.06640625
33375,5035.353515625
33376,4795.4404296875
33377,5570.3310546875
33378,5031.47314453125
33379,4448.53271484375
33380,4369.82470703125
33381,7120.59326171875
33382,6005.69091796875
33383,23275.39453125
33384,6207.22998046875
33385,0.0
33386,0.0
33387,0.0
33388,0.0
33389,0.0
33390,0.0
33391,0.0
33392,0.0
33393,0.0
33394,0.0
33395,0.0
33396,0.0
33397,0.0
33398,0.0
33399,0.0
33400,0.0
33401,0.0
33402,0.0
33403,0.0
33404,0.0
33405,0.0
33406,0.0
33407,0.0
33408,0.0
33409,0.0
33410,0.0
33411,0.0
33412,0.0
33413,0.0
33414,0.0
33415,0.0
33416,0.0
33417,0.0
33418,0.0
33419,0.0
33420,0.0
33421,0.0
33422,0.0
33423,0.0
33424,0.0
33425,0.0
33426,0.0
33427,0.0
33428,0.0
33429,0.0
33430,0.0
33431,0.0
33432,0.0
33433,0.0
33434,0.0
33435,0.0
33436,0.0
33437,0.0
33438,0.0
33439,0.0
33440,0.0
33441,0.0
33442,0.0
33443,0.0
33444,0.0
33445,0.0
33446,0.0
33447,0.0
33448,0.0
33449,0.0
33450,0.0
33451,0.0
33452,0.0
33453,0.0
33454,0.0
33455,0.0
33456,0.0
33457,0.0
33458,0.0
33459,0.0
33460,0.0
33461,0.0
33462,0.0
33463,0.0
33464,0.0
33465,0.0
33466,0.0
33467,0.0
33468,0.0
33469,0.0
33470,0.0
33471,0.0
33472,0.0
33473,0.0
33474,0.0
33475,0.0
33476,5440.4072265625
33477,0.0
33478,0.0
33479,0.0
33480,0.0
33481,0.0
33482,0.0
33483,0.0
33484,0.0
33485,0.0
33486,0.0
33487,0.0
33488,0.0
33489,0.0
33490,0.0
33491,0.0
33492,0.0
33493,0.0
33494,0.0
33495,0.0
33496,0.0
33497,0.0
33498,0.0
33499,0.0
33500,0.0
33501,0.0
33502,0.0
33503,0.0
33504,0.0
33505,0.0
33506,0.0
33507,0.0
33508,0.0
33509,0.0
33510,0.0
33511,0.0
33512,0.0
33513,0.0
33514,0.0
33515,0.0
33516,0.0
33517,0.0
33518,0.0
33519,0.0
33520,0.0
33521,0.0
33522,0.0
33523,0.0
33524,0.0
33525,0.0
33526,0.0
33527,0.0
33528,0.0
33529,0.0
33530,0.0
33531,0.0
33532,0.0
33533,0.0
33534,0.0
33535,0.0
33536,0.0
33537,0.0
33538,0.0
33539,0.0
33540,0.0
33541,0.0
33542,0.0
33543,0.0
33544,3605.162841796875
33545,0.0
33546,0.0
33547,0.0
33548,0.0
33549,0.0
33550,0.0
33551,0.0
33552,0.0
33553,0.0
33554,0.0
33555,0.0
33556,0.0
33557,0.0
33558,0.0
33559,0.0
33560,0.0
33561,0.0
33562,0.0
33563,0.0
33564,0.0
33565,0.0
33566,0.0
33567,0.0
33568,0.0
33569,0.0
33570,0.0
33571,0.0
33572,0.0
33573,0.0
33574,0.0
33575,0.0
33576,0.0
33577,0.0
33578,0.0
33579,0.0
33580,0.0
33581,0.0
33582,0.0
33583,0.0
33584,0.0
33585,16053.48046875
33586,31585.03125
33587,0.0
33588,0.0
33589,0.0
33590,0.0
33591,0.0
33592,0.0
33593,0.0
33594,8074.30322265625
33595,0.0
33596,0.0
33597,0.0
33598,0.0
33599,0.0
33600,0.0
33601,0.0
33602,0.0
33603,0.0
33604,0.0
33605,0.0
33606,0.0
33607,0.0
33608,0.0
33609,0.0
33610,0.0
33611,0.0
33612,0.0
33613,5249.4013671875
33614,0.0
33615,0.0
33616,0.0
33617,0.0
33618,0.0
33619,0.0
33620,0.0
33621,0.0
33622,0.0
33623,3344.58447265625
33624,0.0
33625,0.0
33626,0.0
33627,0.0
33628,0.0
33629,0.0
33630,0.0
33631,0.0
33632,0.0
33633,0.0
33634,0.0
33635,0.0
33636,0.0
33637,0.0
33638,0.0
33639,0.0
33640,0.0
33641,8763.376953125
33642,0.0
33643,0.0
33644,0.0
33645,0.0
33646,0.0
33647,0.0
33648,0.0
33649,0.0
33650,0.0
33651,0.0
33652,0.0
33653,0.0
33654,0.0
33655,0.0
33656,0.0
33657,0.0
33658,9443.619140625
33659,0.0
33660,0.0
33661,0.0
33662,0.0
33663,0.0
33664,0.0
33665,0.0
33666,0.0
33667,0.0
33668,0.0
33669,0.0
33670,0.0
33671,0.0
33672,0.0
33673,0.0
33674,0.0
33675,0.0
33676,0.0
33677,0.0
33678,0.0
33679,0.0
33680,0.0
33681,0.0
33682,0.0
33683,0.0
33684,0.0
33685,0.0
33686,0.0
33687,0.0
33688,0.0
33689,0.0
33690,0.0
33691,0.0
33692,0.0
33693,0.0
33694,0.0
33695,0.0
33696,0.0
33697,0.0
33698,0.0
33699,0.0
33700,0.0
33701,0.0
33702,0.0
33703,0.0
33704,0.0
33705,0.0
33706,0.0
33707,0.0
33708,0.0
33709,0.0
33710,0.0
33711,0.0
33712,0.0
33713,0.0
33714,0.0
33715,0.0
33716,0.0
33717,0.0
33718,0.0
33719,0.0
33720,2153.51123046875
33721,0.0
33722,0.0
33723,0.0
33724,0.0
33725,0.0
33726,0.0
33727,0.0
33728,0.0
33729,0.0
33730,0.0
33731,0.0
33732,0.0
33733,0.0
33734,7108.8203125
33735,0.0
33736,0.0
33737,0.0
33738,0.0
33739,0.0
33740,0.0
33741,0.0
33742,0.0
33743,0.0
33744,0.0
33745,0.0
33746,0.0
33747,0.0
33748,0.0
33749,0.0
33750,0.0
33751,0.0
33752,0.0
33753,0.0
33754,0.0
33755,0.0
33756,0.0
33757,0.0
33758,0.0
33759,0.0
33760,0.0
33761,0.0
33762,0.0
33763,0.0
33764,0.0
33765,0.0
33766,0.0
33767,0.0
33768,0.0
33769,0.0
33770,0.0
33771,0.0
33772,0.0
33773,0.0
33774,0.0
33775,0.0
33776,0.0
33777,8458.8330078125
33778,0.0
33779,0.0
33780,0.0
33781,0.0
33782,0.0
33783,0.0
33784,0.0
33785,0.0
33786,0.0
33787,2831.59375
33788,0.0
33789,0.0
33790,0.0
33791,6652.2255859375
33792,0.0
33793,0.0
33794,0.0
33795,0.0
33796,0.0
33797,0.0
33798,0.0
33799,0.0
33800,0.0
33801,0.0
33802,0.0
33803,0.0
33804,0.0
33805,0.0
33806,0.0
33807,0.0
33808,0.0
33809,0.0
33810,0.0
33811,0.0
33812,0.0
33813,0.0
33814,0.0
33815,0.0
33816,0.0
33817,0.0
33818,19566.08203125
33819,0.0
33820,0.0
33821,0.0
33822,0.0
33823,0.0
33824,0.0
33825,0.0
33826,0.0
33827,0.0
33828,0.0
33829,0.0
33830,0.0
33831,0.0
33832,7047.5185546875
33833,0.0
33834,0.0
33835,0.0
33836,0.0
33837,0.0
33838,0.0
33839,0.0
33840,0.0
33841,0.0
33842,0.0
33843,0.0
33844,0.0
33845,0.0
33846,0.0
33847,0.0
33848,0.0
33849,0.0
33850,0.0
33851,0.0
33852,0.0
33853,0.0
33854,0.0
33855,0.0
33856,0.0
33857,0.0
33858,0.0
33859,0.0
33860,0.0
33861,0.0
33862,0.0
33863,0.0
33864,0.0
33865,0.0
33866,0.0
33867,0.0
33868,0.0
33869,0.0
33870,0.0
33871,0.0
33872,0.0
33873,0.0
33874,0.0
33875,0.0
33876,0.0
33877,0.0
33878,0.0
33879,0.0
33880,0.0
33881,0.0
33882,0.0
33883,0.0
33884,0.0
33885,0.0
33886,0.0
33887,0.0
33888,0.0
33889,0.0
33890,0.0
33891,0.0
33892,0.0
33893,0.0
33894,0.0
33895,0.0
33896,0.0
33897,0.0
33898,0.0
33899,0.0
33900,0.0
33901,0.0
33902,0.0
33903,0.0
33904,0.0
33905,0.0
33906,0.0
33907,13291.966796875
33908,0.0
33909,0.0
33910,0.0
33911,0.0
33912,0.0
33913,0.0
33914,0.0
33915,0.0
33916,0.0
33917,0.0
33918,0.0
33919,0.0
33920,0.0
33921,0.0
33922,0.0
33923,0.0
33924,0.0
33925,0.0
33926,0.0
33927,0.0
33928,0.0
33929,0.0
33930,0.0
33931,0.0
33932,0.0
33933,0.0
33934,0.0
33935,0.0
33936,0.0
33937,0.0
33938,0.0
33939,0.0
33940,0.0
33941,0.0
33942,0.0
33943,0.0
33944,0.0
33945,0.0
33946,0.0
33947,0.0
33948,0.0
33949,0.0
33950,0.0
33951,5625.41015625
33952,15599.7734375
33953,0.0
33954,0.0
33955,0.0
33956,0.0
33957,0.0
33958,0.0
33959,0.0
33960,0.0
33961,0.0
33962,0.0
33963,0.0
33964,0.0
33965,0.0
33966,0.0
33967,0.0
33968,0.0
33969,0.0
33970,0.0
33971,0.0
33972,0.0
33973,0.0
33974,0.0
33975,0.0
33976,0.0
33977,0.0
33978,0.0
33979,0.0
33980,10882.1982421875
33981,0.0
33982,0.0
33983,0.0
33984,0.0
33985,0.0
33986,0.0
33987,0.0
33988,0.0
33989,0.0
33990,0.0
33991,0.0
33992,0.0
33993,0.0
33994,0.0
33995,0.0
33996,0.0
33997,0.0
33998,0.0
33999,0.0
34000,0.0
34001,0.0
34002,0.0
34003,0.0
34004,0.0
34005,0.0
34006,0.0
34007,0.0
34008,0.0
34009,0.0
34010,0.0
34011,0.0
34012,0.0
34013,0.0
34014,0.0
34015,0.0
34016,0.0
34017,0.0
34018,0.0
34019,0.0
34020,0.0
34021,0.0
34022,0.0
34023,0.0
34024,0.0
34025,0.0
34026,0.0
34027,0.0
34028,0.0
34029,0.0
34030,0.0
34031,0.0
34032,0.0
34033,0.0
34034,0.0
34035,0.0
34036,0.0
34037,0.0
34038,0.0
34039,0.0
34040,0.0
34041,0.0
34042,0.0
34043,0.0
34044,0.0
34045,0.0
34046,0.0
34047,0.0
34048,0.0
34049,0.0
34050,3220.392333984375
34051,0.0
34052,0.0
34053,0.0
34054,2541.845947265625
34055,0.0
34056,0.0
34057,0.0
34058,0.0
34059,0.0
34060,0.0
34061,0.0
34062,0.0
34063,0.0
34064,0.0
34065,0.0
34066,0.0
34067,0.0
34068,0.0
34069,0.0
34070,0.0
34071,0.0
34072,0.0
34073,0.0
34074,0.0
34075,0.0
34076,0.0
34077,0.0
34078,0.0
34079,0.0
34080,0.0
34081,0.0
34082,0.0
34083,0.0
34084,0.0
34085,0.0
34086,0.0
34087,0.0
34088,0.0
34089,0.0
34090,0.0
34091,0.0
34092,0.0
34093,0.0
34094,0.0
34095,0.0
34096,0.0
34097,0.0
34098,0.0
34099,0.0
34100,0.0
34101,0.0
34102,0.0
34103,0.0
34104,0.0
34105,3797.520751953125
34106,0.0
34107,0.0
34108,0.0
34109,0.0
34110,0.0
34111,0.0
34112,0.0
34113,0.0
34114,0.0
34115,0.0
34116,0.0
34117,0.0
34118,0.0
34119,0.0
34120,10807.4140625
34121,0.0
34122,0.0
34123,0.0
34124,0.0
34125,0.0
34126,0.0
34127,0.0
34128,0.0
34129,0.0
34130,0.0
34131,0.0
34132,0.0
34133,0.0
34134,0.0
34135,0.0
34136,0.0
34137,0.0
34138,0.0
34139,0.0
34140,0.0
34141,0.0
34142,0.0
34143,0.0
34144,0.0
34145,0.0
34146,0.0
34147,0.0
34148,0.0
34149,0.0
34150,0.0
34151,0.0
34152,0.0
34153,0.0
34154,0.0
34155,0.0
34156,0.0
34157,0.0
34158,0.0
34159,0.0
34160,0.0
34161,0.0
34162,0.0
34163,0.0
34164,0.0
34165,0.0
34166,0.0
34167,0.0
34168,0.0
34169,0.0
34170,0.0
34171,0.0
34172,0.0
34173,0.0
34174,0.0
34175,0.0
34176,0.0
34177,0.0
34178,0.0
34179,0.0
34180,0.0
34181,0.0
34182,0.0
34183,0.0
34184,5271.04248046875
34185,0.0
34186,0.0
34187,0.0
34188,0.0
34189,0.0
34190,0.0
34191,0.0
34192,0.0
34193,0.0
34194,0.0
34195,0.0
34196,0.0
34197,0.0
34198,0.0
34199,0.0
34200,0.0
34201,0.0
34202,0.0
34203,0.0
34204,0.0
34205,0.0
34206,0.0
34207,0.0
34208,0.0
34209,0.0
34210,0.0
34211,0.0
34212,0.0
34213,0.0
34214,0.0
34215,0.0
34216,0.0
34217,0.0
34218,0.0
34219,0.0
34220,0.0
34221,0.0
34222,0.0
34223,0.0
34224,0.0
34225,12912.095703125
34226,5415.54052734375
34227,0.0
34228,0.0
34229,0.0
34230,0.0
34231,0.0
34232,0.0
34233,0.0
34234,0.0
34235,0.0
34236,0.0
34237,0.0
34238,0.0
34239,0.0
34240,0.0
34241,4045.32177734375
34242,3708.7275390625
34243,7404.65869140625
34244,3125.243896484375
34245,5936.4521484375
34246,4598.4013671875
34247,5231.9296875
34248,5873.75927734375
34249,0.0
34250,2750.690673828125
34251,5663.46337890625
34252,5536.78955078125
34253,3927.428955078125
34254,6085.328125
34255,5664.974609375
34256,3134.71044921875
34257,4069.914794921875
34258,6759.88916015625
34259,8117.2646484375
34260,6355.2470703125
34261,7020.8984375
34262,3409.08154296875
34263,5775.287109375
34264,0.0
34265,8006.46533203125
34266,7832.9931640625
34267,9443.7705078125
34268,5868.36083984375
34269,2943.131103515625
34270,4260.04931640625
34271,5641.14599609375
34272,6671.08740234375
34273,3835.6455078125
34274,5545.0078125
34275,4542.58251953125
34276,5350.85009765625
34277,2119.158935546875
34278,7947.388671875
34279,4477.34765625
34280,7144.953125
34281,6080.7900390625
34282,3889.275634765625
34283,8636.8515625
34284,5809.982421875
34285,4678.5400390625
34286,3537.280517578125
34287,7786.02587890625
34288,10552.8056640625
34289,6001.67626953125
34290,5746.6201171875
34291,8382.2958984375
34292,7705.62109375
34293,5679.72021484375
34294,5958.7470703125
34295,2293.40673828125
34296,3027.44091796875
34297,4276.3662109375
34298,6519.8427734375
34299,8924.4912109375
34300,7412.4248046875
34301,4195.9208984375
34302,7982.80615234375
34303,7596.95263671875
34304,5158.025390625
34305,3034.392333984375
34306,10462.705078125
34307,3598.396240234375
34308,3566.346435546875
34309,6732.63623046875
34310,3732.106201171875
34311,5385.90576171875
34312,2961.0498046875
34313,6101.25146484375
34314,5590.57666015625
34315,5856.94873046875
34316,8273.1171875
34317,7285.169921875
34318,4795.9150390625
34319,3343.209716796875
34320,7756.47509765625
34321,12992.9794921875
34322,5973.32763671875
34323,4362.68603515625
34324,6605.3505859375
34325,5396.30322265625
34326,6765.494140625
34327,9510.0771484375
34328,2138.0517578125
34329,8206.908203125
34330,5052.00390625
34331,5500.185546875
34332,9275.7333984375
34333,2275.394287109375
34334,4019.555419921875
34335,4719.703125
34336,7840.23095703125
34337,6923.52685546875
34338,3762.107421875
34339,4158.703125
34340,7319.5810546875
34341,6115.63623046875
34342,5162.1171875
34343,6382.37646484375
34344,4429.20458984375
34345,6219.5068359375
34346,4653.10205078125
34347,2899.98291015625
34348,5215.2353515625
34349,6089.890625
34350,0.0
34351,7301.7548828125
34352,8194.81640625
34353,4139.7412109375
34354,8263.921875
34355,2933.6474609375
34356,3977.640625
34357,7748.98583984375
34358,6379.79541015625
34359,7384.17333984375
34360,10096.630859375
34361,6593.4716796875
34362,5195.43310546875
34363,6863.60888671875
34364,7282.966796875
34365,4212.7998046875
34366,2603.456787109375
34367,5477.7939453125
34368,4917.12158203125
34369,4863.40966796875
34370,3209.107666015625
34371,5376.80908203125
34372,6012.37255859375
34373,5961.74462890625
34374,5424.1982421875
34375,2746.972412109375
34376,6342.63623046875
34377,6665.28955078125
34378,3543.8701171875
34379,5862.63671875
34380,3424.445068359375
34381,5695.67333984375
34382,1404.065185546875
34383,4366.51708984375
34384,5532.20947265625
34385,7041.24072265625
34386,6609.28173828125
34387,6088.88671875
34388,12252.69140625
34389,4025.658203125
34390,5780.26318359375
34391,9748.7568359375
34392,5224.5927734375
34393,7703.64794921875
34394,6172.22900390625
34395,6265.4482421875
34396,6267.26123046875
34397,4675.9853515625
34398,4660.0693359375
34399,7992.96630859375
34400,5764.62109375
34401,3034.061767578125
34402,3546.3330078125
34403,6960.93701171875
34404,8385.64453125
34405,0.0
34406,5977.25732421875
34407,4103.9013671875
34408,2034.993896484375
34409,1690.94482421875
34410,3361.053466796875
34411,6071.13818359375
34412,7170.7158203125
34413,4779.921875
34414,4444.04052734375
34415,8132.3876953125
34416,7558.345703125
34417,7199.6904296875
34418,5159.42626953125
34419,7796.177734375
34420,8893.0302734375
34421,3483.0458984375
34422,5443.947265625
34423,5346.796875
34424,6593.85302734375
34425,3196.068115234375
34426,5803.07763671875
34427,4426.69970703125
34428,8718.4208984375
34429,5701.43212890625
34430,7500.017578125
34431,6908.0029296875
34432,5029.6123046875
34433,8102.53564453125
34434,15899.76171875
34435,8109.083984375
34436,4370.53173828125
34437,3210.968994140625
34438,6640.998046875
34439,6524.63818359375
34440,4523.6806640625
34441,8477.8076171875
34442,18200.947265625
34443,4365.45703125
34444,3742.617919921875
34445,10961.4560546875
34446,3083.92138671875
34447,5185.58251953125
34448,3391.707275390625
34449,6282.3291015625
34450,5489.87060546875
34451,7013.3193359375
34452,5326.19873046875
34453,5288.2080078125
34454,9528.8798828125
34455,6294.63623046875
34456,6162.771484375
34457,7751.9755859375
34458,5935.10498046875
34459,6254.37109375
34460,8672.8662109375
34461,4818.41650390625
34462,5728.3984375
34463,4077.017333984375
34464,3302.106689453125
34465,5527.2392578125
34466,5454.876953125
34467,4716.013671875
34468,8084.08154296875
34469,9895.02734375
34470,6986.2265625
34471,4505.6806640625
34472,4229.58740234375
34473,5013.31298828125
34474,4824.3583984375
34475,6367.80859375
34476,4179.349609375
34477,6725.03125
34478,5137.57666015625
34479,7208.00341796875
34480,5179.259765625
34481,4150.80224609375
34482,3048.92431640625
34483,3026.12353515625
34484,8190.4658203125
34485,5637.82421875
34486,5269.26123046875
34487,12076.763671875
34488,7686.7001953125
34489,4220.1376953125
34490,5628.951171875
34491,2488.96826171875
34492,3535.779541015625
34493,3989.026123046875
34494,4380.396484375
34495,8521.29296875
34496,4444.3642578125
34497,8478.4130859375
34498,10025.615234375
34499,5876.009765625
34500,5441.41650390625
34501,4937.63525390625
34502,5301.583984375
34503,4515.89404296875
34504,9235.58203125
34505,6623.94287109375
34506,6753.3935546875
34507,2976.7177734375
34508,5955.02197265625
34509,5499.84228515625
34510,7098.93212890625
34511,6920.953125
34512,5679.9970703125
34513,6865.02001953125
34514,5151.09375
34515,8420.197265625
34516,7176.77978515625
34517,7112.94677734375
34518,9080.669921875
34519,7017.34130859375
34520,7934.263671875
34521,3160.78076171875
34522,0.0
34523,5197.37744140625
34524,8649.3603515625
34525,7263.47216796875
34526,7303.44384765625
34527,7320.10546875
34528,7911.11572265625
34529,5345.23779296875
34530,6374.865234375
34531,6349.42138671875
34532,2986.2265625
34533,9695.603515625
34534,16008.5986328125
34535,6993.66162109375
34536,5744.8115234375
34537,6621.2060546875
34538,7820.30126953125
34539,7999.28857421875
34540,3053.283935546875
34541,4315.392578125
34542,5842.30859375
34543,8462.7724609375
34544,2621.5185546875
34545,4330.5244140625
34546,5595.0185546875
34547,4448.3857421875
34548,4893.0595703125
34549,3075.722412109375
34550,2769.281982421875
34551,7707.00244140625
34552,4456.5458984375
34553,4842.3037109375
34554,5959.77099609375
34555,4768.9033203125
34556,9162.09765625
34557,11939.3818359375
34558,5100.70849609375
34559,7647.5283203125
34560,6826.09033203125
34561,10275.666015625
34562,4114.77197265625
34563,2940.14013671875
34564,5181.82275390625
34565,12504.4716796875
34566,4387.2880859375
34567,6896.46337890625
34568,2301.212890625
34569,3698.54443359375
34570,6531.9794921875
34571,6815.9990234375
34572,5464.11865234375
34573,9480.7197265625
34574,9242.123046875
34575,8041.78857421875
34576,4577.25146484375
34577,8953.9990234375
34578,1737.1175537109375
34579,3601.6123046875
34580,6353.712890625
34581,4956.6650390625
34582,10073.21875
34583,2522.95458984375
34584,4921.830078125
34585,5693.41162109375
34586,8090.85693359375
34587,8629.833984375
34588,4965.8759765625
34589,3328.453369140625
34590,10858.271484375
34591,10587.9267578125
34592,4471.92041015625
34593,6058.47607421875
34594,8732.4892578125
34595,6171.75390625
34596,4863.3583984375
34597,3666.866943359375
34598,7569.70703125
34599,4166.27099609375
34600,11859.75390625
34601,7639.1884765625
34602,11543.3408203125
34603,6711.65380859375
34604,4489.47021484375
34605,2033.8179931640625
34606,6066.5712890625
34607,5902.87646484375
34608,5137.58837890625
34609,9093.5458984375
34610,5842.01025390625
34611,2394.212158203125
34612,6488.56201171875
34613,3511.629150390625
34614,7698.35400390625
34615,7061.21826171875
34616,6608.37451171875
34617,7667.794921875
34618,4612.87255859375
34619,6922.43798828125
34620,6074.07470703125
34621,5858.98388671875
34622,6792.54296875
34623,3790.2392578125
34624,8219.6162109375
34625,5848.3623046875
34626,3544.625244140625
34627,5031.8203125
34628,8426.396484375
34629,5410.0478515625
34630,4103.146484375
34631,5184.21044921875
34632,4933.44287109375
34633,4948.73681640625
34634,5163.533203125
34635,9274.224609375
34636,4023.796630859375
34637,3781.001220703125
34638,5723.22412109375
34639,5711.1767578125
34640,3410.76953125
34641,5021.1435546875
34642,8460.79296875
34643,7499.587890625
34644,10617.873046875
34645,8305.4658203125
34646,7629.1728515625
34647,7468.67822265625
34648,4237.595703125
34649,9894.3193359375
34650,8206.1640625
34651,6835.4287109375
34652,5131.42822265625
34653,5399.193359375
34654,4970.55322265625
34655,1994.6976318359375
34656,9472.2724609375
34657,6677.17138671875
34658,5825.216796875
34659,4812.6923828125
34660,1316.8328857421875
34661,7547.7060546875
34662,6313.7412109375
34663,4452.62353515625
34664,3860.328369140625
34665,5478.0068359375
34666,5322.23876953125
34667,4163.34228515625
34668,9731.515625
34669,4900.56640625
34670,4476.689453125
34671,3342.023193359375
34672,2527.013427734375
34673,4859.27783203125
34674,13049.0380859375
34675,3197.434814453125
34676,5738.154296875
34677,5357.681640625
34678,3563.1689453125
34679,3384.637451171875
34680,5836.73486328125
34681,2441.61865234375
34682,9550.8818359375
34683,6147.2255859375
34684,2639.94287109375
34685,8237.3525390625
34686,2022.4158935546875
34687,3885.236083984375
34688,10252.802734375
34689,6967.4921875
34690,8355.94140625
34691,2180.875732421875
34692,4686.41845703125
34693,4266.03466796875
34694,4060.7685546875
34695,15293.2177734375
34696,12160.7119140625
34697,5512.40087890625
34698,3452.470458984375
34699,5581.8408203125
34700,4334.81494140625
34701,2255.765380859375
34702,7771.24853515625
34703,4755.84326171875
34704,5053.09814453125
34705,7065.17236328125
34706,4915.4541015625
34707,4648.4921875
34708,5786.02197265625
34709,6558.8564453125
34710,6982.00732421875
34711,2812.356689453125
34712,5163.89208984375
34713,6883.23388671875
34714,7635.2109375
34715,5408.25
34716,6833.40869140625
34717,2378.98095703125
34718,9162.6015625
34719,5162.85009765625
34720,3408.62890625
34721,4295.7890625
34722,4270.16748046875
34723,4547.92529296875
34724,6446.19775390625
34725,3560.35302734375
34726,5331.14501953125
34727,4817.24462890625
34728,7476.701171875
34729,7748.05078125
34730,4914.30029296875
34731,8543.0986328125
34732,5877.60986328125
34733,2553.034423828125
34734,10802.5380859375
34735,3264.156494140625
34736,3127.103515625
34737,5498.30615234375
34738,10146.03125
34739,10145.1630859375
34740,4023.74853515625
34741,4657.36572265625
34742,6167.609375
34743,6606.3271484375
34744,4459.3232421875
34745,7500.67626953125
34746,2389.447021484375
34747,4135.943359375
34748,3935.960693359375
34749,3226.087890625
34750,2968.027587890625
34751,6815.52392578125
34752,6029.31787109375
34753,6166.177734375
34754,5241.89501953125
34755,7867.0576171875
34756,7929.25439453125
34757,4765.5546875
34758,0.0
34759,6207.98095703125
34760,7867.56982421875
34761,4764.91796875
34762,2016.1431884765625
34763,6470.85986328125
34764,6737.984375
34765,5418.22021484375
34766,5348.44384765625
34767,2865.013671875
34768,9926.837890625
34769,3258.404052734375
34770,8807.240234375
34771,5016.95947265625
34772,4419.25048828125
34773,7336.83642578125
34774,3524.97021484375
34775,4104.57568359375
34776,8424.6611328125
34777,2562.272216796875
34778,7031.39111328125
34779,8685.0078125
34780,6538.642578125
34781,2587.4755859375
34782,4875.4228515625
34783,3518.14794921875
34784,2416.50244140625
34785,4181.63232421875
34786,4833.0537109375
34787,5384.9169921875
34788,4471.572265625
34789,4660.6767578125
34790,4831.26708984375
34791,7655.61767578125
34792,5442.7119140625
34793,6003.81787109375
34794,5248.1396484375
34795,5195.048828125
34796,6206.2138671875
34797,6617.71630859375
34798,7905.4501953125
34799,6938.4375
34800,8019.04296875
34801,5916.998046875
34802,5453.35791015625
34803,2599.466552734375
34804,5827.4912109375
34805,8517.0283203125
34806,5786.833984375
34807,8227.1279296875
34808,13966.783203125
34809,2816.05224609375
34810,4859.90966796875
34811,4317.8642578125
34812,8330.3310546875
34813,9875.044921875
34814,7664.62109375
34815,7142.9169921875
34816,7663.2705078125
34817,6836.849609375
34818,6585.08056640625
34819,5143.74365234375
34820,3090.71923828125
34821,4881.0546875
34822,3150.554443359375
34823,3008.027099609375
34824,6641.49072265625
34825,15463.5859375
34826,5491.14501953125
34827,3202.177978515625
34828,4747.5439453125
34829,4582.41650390625
34830,6019.86279296875
34831,2908.592529296875
34832,6648.41162109375
34833,7087.23046875
34834,3561.791748046875
34835,10922.0615234375
34836,10765.62890625
34837,3479.66796875
34838,5453.625
34839,3793.381591796875
34840,3349.4892578125
34841,4012.689453125
34842,8113.3759765625
34843,3981.798583984375
34844,4790.29541015625
34845,3725.077392578125
34846,5548.3828125
34847,4032.61865234375
34848,7354.71484375
34849,3582.824951171875
34850,7895.2451171875
34851,6575.37548828125
34852,4591.3681640625
34853,3845.952392578125
34854,3538.319580078125
34855,5024.71240234375
34856,4086.62109375
34857,9511.05078125
34858,3939.9052734375
34859,4170.96826171875
34860,6411.7421875
34861,4285.02294921875
34862,6101.38623046875
34863,4562.345703125
34864,5930.1025390625
34865,9349.0087890625
34866,6621.89892578125
34867,6150.44287109375
34868,3687.3369140625
34869,4352.64208984375
34870,4900.9873046875
34871,3829.927734375
34872,4240.70947265625
34873,5175.220703125
34874,9843.0546875
34875,7266.97021484375
34876,4610.14599609375
34877,5488.73193359375
34878,4087.328125
34879,6343.70849609375
34880,5209.28271484375
34881,8950.1826171875
34882,6769.4482421875
34883,4886.09423828125
34884,3683.184814453125
34885,1811.9287109375
34886,3406.197021484375
34887,22381.6484375
34888,1974.19580078125
34889,4886.50927734375
34890,6156.37841796875
34891,6561.099609375
34892,5512.1982421875
34893,8274.1357421875
34894,5092.54248046875
34895,6433.93115234375
34896,3090.9013671875
34897,8024.421875
34898,4028.31591796875
34899,6428.37060546875
34900,9160.3623046875
34901,3735.047607421875
34902,7768.640625
34903,6600.2958984375
34904,3499.138671875
34905,5814.267578125
34906,7172.7578125
34907,2870.791015625
34908,8421.1044921875
34909,6260.638671875
34910,5314.1806640625
34911,8342.1591796875
34912,8207.7265625
34913,5985.05908203125
34914,4395.02587890625
34915,4870.46533203125
34916,5660.06640625
34917,3667.531982421875
34918,6349.80859375
34919,2767.317626953125
34920,5689.41845703125
34921,2865.974853515625
34922,5829.166015625
34923,5322.6181640625
34924,4878.0537109375
34925,5288.85009765625
34926,8598.9775390625
34927,5308.17529296875
34928,7884.8291015625
34929,5676.1884765625
34930,5752.31298828125
34931,9186.6865234375
34932,7073.48779296875
34933,4286.8603515625
34934,5378.537109375
34935,5385.2998046875
34936,3992.64111328125
34937,13230.3623046875
34938,5643.39208984375
34939,6497.42333984375
34940,6869.3916015625
34941,6427.3359375
34942,2579.229736328125
34943,0.0
34944,8413.9482421875
34945,6788.7900390625
34946,7391.14111328125
34947,6737.2197265625
34948,7796.55419921875
34949,4839.72314453125
34950,3883.751953125
34951,0.0
34952,3780.2626953125
34953,7348.89453125
34954,2744.765869140625
34955,7378.42236328125
34956,6998.9814453125
34957,4621.0830078125
34958,7044.30322265625
34959,4648.8671875
34960,6709.58203125
34961,4394.38525390625
34962,4961.1162109375
34963,4511.41064453125
34964,3881.7197265625
34965,5736.51904296875
34966,5691.5693359375
34967,7376.02490234375
34968,5786.294921875
34969,4291.26513671875
34970,6264.544921875
34971,6991.314453125
34972,7410.99609375
34973,3156.842041015625
34974,4106.626953125
34975,8627.0234375
34976,6264.06640625
34977,3798.4736328125
34978,7379.93896484375
34979,6858.53857421875
34980,5268.41943359375
34981,4648.8857421875
34982,2023.743896484375
34983,7883.49755859375
34984,6172.0771484375
34985,4687.70556640625
34986,8555.8291015625
34987,6745.45849609375
34988,3550.266357421875
34989,5553.78173828125
34990,3261.332763671875
34991,1131.03466796875
34992,5490.98583984375
34993,8586.59375
34994,5293.29736328125
34995,4324.2275390625
34996,2817.8623046875
34997,4623.3076171875
34998,6597.05126953125
34999,5710.5615234375
35000,8506.16796875
35001,3672.37109375
35002,4764.22265625
35003,2963.832275390625
35004,6014.2265625
35005,2853.623779296875
35006,2805.768310546875
35007,4520.08154296875
35008,4026.403564453125
35009,6385.0419921875
35010,4397.2177734375
35011,4928.81689453125
35012,4959.462890625
35013,8040.7626953125
35014,4980.560546875
35015,3042.354736328125
35016,10238.423828125
35017,6741.2939453125
35018,6103.54150390625
35019,1340.18505859375
35020,6770.705078125
35021,5324.86767578125
35022,3952.873291015625
35023,7333.81884765625
35024,8387.62890625
35025,6464.09326171875
35026,6213.5869140625
35027,5960.3037109375
35028,6973.61865234375
35029,10047.2119140625
35030,3772.739990234375
35031,3530.62548828125
35032,4817.4541015625
35033,5471.4501953125
35034,5773.0322265625
35035,7660.75048828125
35036,5374.95654296875
35037,6650.44189453125
35038,2568.847412109375
35039,6095.29296875
35040,8587.7314453125
35041,3224.435302734375
35042,6647.49462890625
35043,2916.814208984375
35044,6887.92333984375
35045,5418.654296875
35046,5213.4169921875
35047,5659.2158203125
35048,3860.068359375
35049,4918.67529296875
35050,7065.35546875
35051,4569.05810546875
35052,7763.9765625
35053,4862.1328125
35054,8715.001953125
35055,4954.267578125
35056,3549.267822265625
35057,8077.57861328125
35058,2584.389404296875
35059,8442.9140625
35060,6043.27392578125
35061,5039.71142578125
35062,7441.63134765625
35063,4575.90625
35064,4341.97412109375
35065,6687.57958984375
35066,2974.394775390625
35067,2860.49365234375
35068,6240.96923828125
35069,6453.109375
35070,8262.3564453125
35071,6503.68603515625
35072,5833.29833984375
35073,3942.20361328125
35074,5819.09716796875
35075,2978.5419921875
35076,9964.443359375
35077,7233.94970703125
35078,11106.3662109375
35079,5555.564453125
35080,4496.45751953125
35081,7529.76513671875
35082,7776.07763671875
35083,2757.52197265625
35084,8839.806640625
35085,4384.90576171875
35086,6568.92724609375
35087,5961.72607421875
35088,4997.841796875
35089,3437.300048828125
35090,5503.2138671875
35091,3537.66064453125
35092,2769.95849609375
35093,6725.291015625
35094,5692.40380859375
35095,21807.5078125
35096,7631.0380859375
35097,4781.35498046875
35098,7390.6552734375
35099,11325.94140625
35100,6455.0107421875
35101,7612.49853515625
35102,5934.0087890625
35103,7441.8583984375
35104,7640.4921875
35105,5510.8037109375
35106,5318.69580078125
35107,7860.68359375
35108,7972.76513671875
35109,6885.162109375
35110,7957.49951171875
35111,6659.0849609375
35112,5431.705078125
35113,5758.029296875
35114,10425.6357421875
35115,9952.400390625
35116,8764.1953125
35117,7759.95751953125
35118,4042.264404296875
35119,6358.71142578125
35120,4164.4228515625
35121,7703.45068359375
35122,10602.818359375
35123,9582.3564453125
35124,6042.00537109375
35125,5008.982421875
35126,4667.61474609375
35127,6183.81591796875
35128,9959.1357421875
35129,6755.33447265625
35130,5613.3603515625
35131,6229.0107421875
35132,7381.91455078125
35133,3626.12646484375
35134,8377.48046875
35135,4734.5517578125
35136,7697.65771484375
35137,6675.72607421875
35138,5997.08935546875
35139,8509.080078125
35140,6785.68603515625
35141,4697.11865234375
35142,6467.287109375
35143,7968.83349609375
35144,12034.3076171875
35145,6555.2841796875
35146,8041.91357421875
35147,7974.47607421875
35148,11236.943359375
35149,7181.11474609375
35150,9906.3525390625
35151,5180.52392578125
35152,4368.56201171875
35153,5720.0703125
35154,6886.30126953125
35155,10270.91015625
35156,8770.75390625
35157,5623.69873046875
35158,8205.064453125
35159,6779.70654296875
35160,9988.7138671875
35161,3789.123291015625
35162,12965.7421875
35163,4645.28173828125
35164,5881.3798828125
35165,8450.2314453125
35166,5155.8310546875
35167,6628.10888671875
35168,6871.49853515625
35169,7670.03369140625
35170,6733.63818359375
35171,5893.30712890625
35172,8584.61328125
35173,8098.77734375
35174,6983.1455078125
35175,4897.40283203125
35176,7610.97412109375
35177,12402.6044921875
35178,6904.0537109375
35179,5833.103515625
35180,7788.375
35181,6171.78564453125
35182,6445.02685546875
35183,8312.748046875
35184,3821.360595703125
35185,8832.2333984375
35186,5912.13720703125
35187,7563.4521484375
35188,10402.1787109375
35189,5037.119140625
35190,5612.09716796875
35191,5324.17626953125
35192,8734.083984375
35193,9344.904296875
35194,5033.18310546875
35195,4732.908203125
35196,7298.84033203125
35197,6772.10107421875
35198,5836.57666015625
35199,7888.31689453125
35200,7126.84326171875
35201,7460.771484375
35202,5994.900390625
35203,4441.1484375
35204,6985.9599609375
35205,8683.505859375
35206,8177.38427734375
35207,8674.5556640625
35208,8394.287109375
35209,6303.1435546875
35210,9280.5283203125
35211,5717.87060546875
35212,7228.69091796875
35213,9137.8974609375
35214,6721.6337890625
35215,10020.5126953125
35216,9584.0927734375
35217,8244.193359375
35218,6432.73291015625
35219,7248.61865234375
35220,8930.818359375
35221,7085.49609375
35222,3984.43408203125
35223,5564.59716796875
35224,8346.2705078125
35225,6710.3720703125
35226,4319.54052734375
35227,8422.955078125
35228,6285.56884765625
35229,5578.984375
35230,6307.6640625
35231,5191.109375
35232,7049.837890625
35233,6941.29296875
35234,6465.97412109375
35235,6059.0048828125
35236,5329.9423828125
35237,6486.720703125
35238,3846.0908203125
35239,7240.2666015625
35240,6736.357421875
35241,9162.8740234375
35242,7649.9716796875
35243,6091.4267578125
35244,12528.5478515625
35245,5206.02587890625
35246,5402.63623046875
35247,10456.609375
35248,7735.568359375
35249,8796.7333984375
35250,8082.916015625
35251,6688.3212890625
35252,6401.78662109375
35253,5834.78759765625
35254,8296.748046875
35255,11460.8291015625
35256,7481.30810546875
35257,3987.82080078125
35258,4710.38720703125
35259,7987.2412109375
35260,9840.33203125
35261,7207.35205078125
35262,6820.6015625
35263,5272.392578125
35264,4790.80810546875
35265,2826.64208984375
35266,5181.2431640625
35267,6555.76806640625
35268,8337.73828125
35269,6664.9052734375
35270,6299.36962890625
35271,9016.873046875
35272,10655.271484375
35273,7786.62109375
35274,5561.775390625
35275,9831.8818359375
35276,11158.025390625
35277,5987.20458984375
35278,7899.1484375
35279,5496.2314453125
35280,6879.31982421875
35281,4705.2255859375
35282,7588.203125
35283,5756.3125
35284,9206.197265625
35285,7802.9970703125
35286,9485.7060546875
35287,8188.169921875
35288,5938.1259765625
35289,9971.990234375
35290,17658.998046875
35291,11250.015625
35292,6412.96923828125
35293,4008.484130859375
35294,6923.7333984375
35295,8422.10546875
35296,6118.68994140625
35297,12113.2763671875
35298,21679.68359375
35299,3864.33154296875
35300,5862.7734375
35301,9987.1611328125
35302,5150.0634765625
35303,7237.59765625
35304,6983.810546875
35305,7842.73876953125
35306,5603.0380859375
35307,7284.021484375
35308,6691.91748046875
35309,7490.83935546875
35310,10258.0693359375
35311,7917.2294921875
35312,6456.10205078125
35313,7446.6064453125
35314,5908.1044921875
35315,5406.29931640625
35316,8421.48828125
35317,6181.53955078125
35318,6436.91357421875
35319,7619.34716796875
35320,6083.16796875
35321,7133.52490234375
35322,7358.07080078125
35323,7304.55126953125
35324,9945.94921875
35325,10137.80078125
35326,8382.9130859375
35327,6094.2373046875
35328,3904.27587890625
35329,7423.94140625
35330,7206.09716796875
35331,5991.14794921875
35332,5101.4501953125
35333,9939.423828125
35334,7173.96337890625
35335,10399.0
35336,6544.29296875
35337,6088.13134765625
35338,5298.962890625
35339,5008.0576171875
35340,10630.8818359375
35341,5869.17529296875
35342,8366.431640625
35343,14808.61328125
35344,8452.92578125
35345,6302.89306640625
35346,6349.78369140625
35347,4659.119140625
35348,7615.4013671875
35349,3993.37353515625
35350,5439.05712890625
35351,10201.0546875
35352,5045.17822265625
35353,14800.3916015625
35354,14215.4521484375
35355,6115.88427734375
35356,7604.3388671875
35357,5951.841796875
35358,6997.82763671875
35359,5392.70654296875
35360,11888.1806640625
35361,8721.7490234375
35362,9439.65625
35363,4944.4052734375
35364,7839.28173828125
35365,6771.4189453125
35366,9960.96484375
35367,7993.107421875
35368,6892.0078125
35369,7241.650390625
35370,6069.79052734375
35371,8972.123046875
35372,9761.9541015625
35373,7603.0859375
35374,10501.48828125
35375,6975.64013671875
35376,9098.083984375
35377,5554.77001953125
35378,6254.46875
35379,5705.685546875
35380,11165.8984375
35381,6994.58642578125
35382,8995.015625
35383,8432.5
35384,9071.099609375
35385,6608.51318359375
35386,9203.9375
35387,6679.72509765625
35388,4046.731689453125
35389,14081.4033203125
35390,17185.18359375
35391,8713.763671875
35392,7757.31884765625
35393,10493.6337890625
35394,10544.12109375
35395,11277.5263671875
35396,6486.01806640625
35397,7597.08251953125
35398,6420.1630859375
35399,9833.1044921875
35400,4288.1552734375
35401,6014.283203125
35402,6532.22705078125
35403,5722.21142578125
35404,7732.1025390625
35405,5285.673828125
35406,4497.99462890625
35407,8161.42236328125
35408,4702.20263671875
35409,5470.64453125
35410,6916.5283203125
35411,6625.978515625
35412,10507.861328125
35413,9623.7607421875
35414,7448.72412109375
35415,7300.451171875
35416,6563.1240234375
35417,11174.447265625
35418,7035.447265625
35419,6311.59521484375
35420,5242.95703125
35421,11264.572265625
35422,4612.2998046875
35423,7277.39892578125
35424,3162.232177734375
35425,5188.29638671875
35426,7785.51513671875
35427,7427.08544921875
35428,6801.2568359375
35429,10541.8759765625
35430,10216.0078125
35431,12227.8505859375
35432,6640.30810546875
35433,10461.97265625
35434,2774.400634765625
35435,6391.5634765625
35436,7115.4375
35437,5434.23046875
35438,9484.4521484375
35439,5577.4580078125
35440,4958.2216796875
35441,9007.7509765625
35442,11449.8896484375
35443,9184.296875
35444,6456.31689453125
35445,5688.86572265625
35446,12553.3388671875
35447,9455.3330078125
35448,5804.51513671875
35449,7115.22119140625
35450,8065.556640625
35451,10292.3974609375
35452,4954.890625
35453,5658.3095703125
35454,9107.650390625
35455,8419.759765625
35456,12553.734375
35457,6718.1640625
35458,11954.01171875
35459,7470.5673828125
35460,5437.70361328125
35461,3613.403564453125
35462,6007.1796875
35463,7129.57421875
35464,6222.23583984375
35465,8939.3671875
35466,5445.3701171875
35467,4673.05908203125
35468,7512.791015625
35469,3777.4033203125
35470,7670.67626953125
35471,7225.18359375
35472,8070.3642578125
35473,9407.3916015625
35474,6302.2568359375
35475,9734.0
35476,5904.283203125
35477,6046.51806640625
35478,6040.876953125
35479,5573.11376953125
35480,11069.306640625
35481,6675.45166015625
35482,5424.1875
35483,7672.8974609375
35484,9494.228515625
35485,8125.5380859375
35486,6985.0615234375
35487,8849.146484375
35488,5692.64013671875
35489,6737.25634765625
35490,6548.416015625
35491,10915.142578125
35492,5503.583984375
35493,6341.65771484375
35494,6524.0546875
35495,6211.22021484375
35496,4317.03955078125
35497,6255.8232421875
35498,9611.28515625
35499,9399.4814453125
35500,11492.4912109375
35501,11817.2041015625
35502,9197.1025390625
35503,8223.20703125
35504,4490.40234375
35505,10389.373046875
35506,11961.34765625
35507,8484.8681640625
35508,8444.6259765625
35509,9064.4443359375
35510,6228.3662109375
35511,3517.285400390625
35512,10086.87890625
35513,7336.1943359375
35514,6820.90185546875
35515,6514.82958984375
35516,3378.08984375
35517,11592.8935546875
35518,7125.33056640625
35519,5606.57958984375
35520,5235.1826171875
35521,5893.51220703125
35522,6780.5673828125
35523,8357.7998046875
35524,7891.24658203125
35525,5513.38623046875
35526,5440.05810546875
35527,4017.000244140625
35528,3343.294189453125
35529,7928.00048828125
35530,17700.818359375
35531,4645.17529296875
35532,6118.25
35533,6837.18408203125
35534,5361.62548828125
35535,5302.6416015625
35536,5886.9814453125
35537,3992.271240234375
35538,8650.517578125
35539,7557.7021484375
35540,4130.734375
35541,9817.3642578125
35542,6107.375
35543,4853.23876953125
35544,11579.3583984375
35545,8267.6064453125
35546,9502.806640625
35547,5625.7734375
35548,6757.47900390625
35549,5156.03125
35550,5201.623046875
35551,15575.396484375
35552,12372.4072265625
35553,7167.28759765625
35554,5362.61328125
35555,5784.32568359375
35556,6274.546875
35557,4341.173828125
35558,9485.2734375
35559,4904.48486328125
35560,6107.89306640625
35561,8870.8564453125
35562,5650.93212890625
35563,6613.74169921875
35564,7600.81298828125
35565,8220.611328125
35566,8368.8125
35567,4297.2314453125
35568,5482.08447265625
35569,7216.3740234375
35570,9792.3603515625
35571,8538.8740234375
35572,7803.72509765625
35573,4898.1044921875
35574,8681.0009765625
35575,6246.3486328125
35576,4986.8076171875
35577,7795.64404296875
35578,6984.3623046875
35579,6159.7109375
35580,6907.603515625
35581,6446.1201171875
35582,7485.51513671875
35583,5965.98388671875
35584,7199.74072265625
35585,8279.1611328125
35586,7168.78466796875
35587,10847.0341796875
35588,7058.912109375
35589,4992.3251953125
35590,12521.57421875
35591,5857.984375
35592,3383.040283203125
35593,8362.2412109375
35594,10116.2568359375
35595,11858.0869140625
35596,5186.826171875
35597,6455.720703125
35598,6334.44775390625
35599,7359.8291015625
35600,6354.91845703125
35601,9446.275390625
35602,3542.694580078125
35603,6820.60986328125
35604,6866.1845703125
35605,5604.40673828125
35606,5715.8642578125
35607,7189.60546875
35608,8358.7333984375
35609,6604.49755859375
35610,8594.728515625
35611,7874.62890625
35612,8914.115234375
35613,6429.90625
35614,7520.2158203125
35615,7154.54541015625
35616,9187.2607421875
35617,8687.6474609375
35618,3942.90966796875
35619,8894.6220703125
35620,7755.494140625
35621,7571.10791015625
35622,5348.67431640625
35623,3742.91796875
35624,9279.4443359375
35625,6830.97021484375
35626,9193.564453125
35627,7511.275390625
35628,5627.8154296875
35629,8636.7392578125
35630,6019.298828125
35631,6920.5380859375
35632,7657.3857421875
35633,5976.27978515625
35634,9181.7353515625
35635,10498.9912109375
35636,8352.5771484375
35637,5945.57080078125
35638,6435.17529296875
35639,4191.591796875
35640,3271.6669921875
35641,7797.23095703125
35642,6415.14794921875
35643,9444.1494140625
35644,4985.4716796875
35645,6504.7294921875
35646,6706.67041015625
35647,9685.392578125
35648,5841.76025390625
35649,6353.78515625
35650,6016.51318359375
35651,7830.3310546875
35652,5682.42919921875
35653,7767.5009765625
35654,8192.90625
35655,8284.83203125
35656,8591.1376953125
35657,7193.55126953125
35658,6419.697265625
35659,5017.0517578125
35660,5723.4921875
35661,11470.7333984375
35662,8764.501953125
35663,9320.4130859375
35664,15272.36328125
35665,6321.99755859375
35666,5731.25732421875
35667,6477.8642578125
35668,8951.7568359375
35669,10895.2392578125
35670,8376.318359375
35671,8154.751953125
35672,8472.02734375
35673,7152.58740234375
35674,7368.69580078125
35675,6193.23583984375
35676,5612.4111328125
35677,5652.3720703125
35678,3779.737060546875
35679,5312.91552734375
35680,8419.43359375
35681,18107.05078125
35682,6917.90576171875
35683,5100.865234375
35684,8031.28955078125
35685,4436.7353515625
35686,6913.2470703125
35687,4827.91015625
35688,9411.19140625
35689,7289.38916015625
35690,7120.7783203125
35691,13898.654296875
35692,11738.744140625
35693,5856.37451171875
35694,7289.2880859375
35695,3994.64453125
35696,5338.40087890625
35697,5263.810546875
35698,9337.2802734375
35699,4943.47265625
35700,5220.96923828125
35701,5385.06787109375
35702,6412.95166015625
35703,7694.537109375
35704,7548.21142578125
35705,3403.174560546875
35706,7927.150390625
35707,9041.4404296875
35708,8241.951171875
35709,5600.97216796875
35710,4581.16650390625
35711,7992.19677734375
35712,4777.341796875
35713,9982.1513671875
35714,4714.712890625
35715,6683.13916015625
35716,7872.3125
35717,6450.68994140625
35718,5210.5859375
35719,7040.36376953125
35720,7826.01025390625
35721,9956.65234375
35722,10213.3955078125
35723,6359.3212890625
35724,4134.98193359375
35725,5753.0517578125
35726,6348.49267578125
35727,4609.41650390625
35728,6230.63525390625
35729,6293.19287109375
35730,11168.658203125
35731,8101.3779296875
35732,6397.62744140625
35733,7552.44287109375
35734,4892.564453125
35735,9084.5654296875
35736,5619.70849609375
35737,12799.4970703125
35738,7231.61376953125
35739,5760.5458984375
35740,5982.41162109375
35741,4417.56103515625
35742,6969.47216796875
35743,23432.70703125
35744,4326.7607421875
35745,5882.1279296875
35746,10497.205078125
35747,6508.7314453125
35748,7701.40185546875
35749,9149.4951171875
35750,6144.74462890625
35751,5526.4814453125
35752,4368.71533203125
35753,10841.044921875
35754,6889.69189453125
35755,7647.482421875
35756,8668.259765625
35757,5359.4931640625
35758,8634.748046875
35759,7307.4453125
35760,4145.53515625
35761,9099.0322265625
35762,10955.001953125
35763,4580.09033203125
35764,8157.9072265625
35765,8187.716796875
35766,5881.17822265625
35767,9931.9697265625
35768,7808.47314453125
35769,8699.3408203125
35770,5132.0146484375
35771,6147.28662109375
35772,6779.7607421875
35773,5178.56640625
35774,8212.12890625
35775,4901.21533203125
35776,6112.658203125
35777,4922.01953125
35778,6706.2705078125
35779,5981.92431640625
35780,7043.51025390625
35781,7195.49072265625
35782,9440.9814453125
35783,6830.8876953125
35784,7198.57421875
35785,6240.63671875
35786,9605.8515625
35787,10006.03125
35788,7199.052734375
35789,4619.1552734375
35790,5842.27880859375
35791,6931.3017578125
35792,3359.695068359375
35793,12561.6328125
35794,6010.89892578125
35795,7880.482421875
35796,7880.482421875
35797,7170.5166015625
35798,5176.52001953125
35799,11027.646484375
35800,10334.6591796875
35801,5547.09228515625
35802,9713.1279296875
35803,10201.1982421875
35804,6668.34375
35805,5705.01416015625
35806,7415.01416015625
35807,5601.9443359375
35808,5380.5576171875
35809,7666.61376953125
35810,4827.65478515625
35811,7687.0478515625
35812,8578.482421875
35813,6978.38427734375
35814,8285.3603515625
35815,5786.546875
35816,6871.84765625
35817,5247.97119140625
35818,8447.9609375
35819,7609.2646484375
35820,6710.35009765625
35821,6549.8095703125
35822,8029.37939453125
35823,9730.2431640625
35824,6540.611328125
35825,5458.9287109375
35826,7218.146484375
35827,7762.1806640625
35828,7955.17626953125
35829,4360.10400390625
35830,4601.13427734375
35831,7868.73046875
35832,7819.4697265625
35833,6311.9384765625
35834,8120.138671875
35835,6559.294921875
35836,6631.185546875
35837,5927.83837890625
35838,3319.6962890625
35839,8069.962890625
35840,7255.81884765625
35841,7292.6455078125
35842,10182.5166015625
35843,8465.966796875
35844,5029.75146484375
35845,8120.67724609375
35846,3679.992431640625
35847,2649.661376953125
35848,7323.16552734375
35849,11900.7431640625
35850,8032.27587890625
35851,7121.61083984375
35852,4944.74609375
35853,6622.66357421875
35854,8526.1943359375
35855,6520.53466796875
35856,8703.326171875
35857,5092.94384765625
35858,4918.8115234375
35859,5631.08642578125
35860,5902.546875
35861,5568.408203125
35862,5180.2119140625
35863,5479.38720703125
35864,4759.69384765625
35865,7062.66845703125
35866,7629.720703125
35867,6200.36669921875
35868,6276.1533203125
35869,8242.0537109375
35870,6238.3056640625
35871,5017.2294921875
35872,10529.580078125
35873,7452.92626953125
35874,5969.47021484375
35875,3111.200927734375
35876,14153.4833984375
35877,6964.02490234375
35878,5873.3583984375
35879,8930.599609375
35880,8624.6181640625
35881,7614.37646484375
35882,6559.25537109375
35883,7483.751953125
35884,10300.45703125
35885,13922.1298828125
35886,5743.76953125
35887,4759.13525390625
35888,5951.603515625
35889,6197.6318359375
35890,6585.51220703125
35891,8228.2841796875
35892,8973.95703125
35893,6825.76220703125
35894,4351.0166015625
35895,6491.46337890625
35896,10368.375
35897,5814.01708984375
35898,8163.21142578125
35899,3950.450439453125
35900,7489.001953125
35901,7897.994140625
35902,7360.955078125
35903,8633.7587890625
35904,6290.6318359375
35905,4845.07373046875
35906,6636.84716796875
35907,8340.3515625
35908,8920.693359375
35909,7167.83740234375
35910,8935.1279296875
35911,6350.2578125
35912,4216.35546875
35913,9959.6728515625
35914,4317.5673828125
35915,9314.9697265625
35916,7203.25341796875
35917,5408.353515625
35918,7337.67529296875
35919,6430.32763671875
35920,7915.68701171875
35921,8993.7470703125
35922,4582.33447265625
35923,4702.1669921875
35924,7730.94921875
35925,9558.99609375
35926,9141.6494140625
35927,6446.693359375
35928,6250.78759765625
35929,6660.26953125
35930,7211.4248046875
35931,5409.5439453125
35932,10471.3056640625
35933,9332.0166015625
35934,10308.3876953125
35935,4723.47705078125
35936,5938.5322265625
35937,10073.06640625
35938,9118.9404296875
35939,5625.54736328125
35940,11227.8623046875
35941,6218.541015625
35942,7161.8447265625
35943,6365.2998046875
35944,5717.60546875
35945,5499.630859375
35946,6799.20849609375
35947,5227.46435546875
35948,5066.71630859375
35949,8868.28515625
35950,7152.2744140625
35951,25629.599609375
35952,7447.1240234375
35953,4618.017578125
35954,8306.51171875
35955,11403.97265625
35956,7608.5869140625
35957,7665.4599609375
35958,5839.19921875
35959,7390.84033203125
35960,8051.1591796875
35961,5025.94140625
35962,5433.77392578125
35963,7583.01416015625
35964,8326.197265625
35965,7071.62060546875
35966,9400.892578125
35967,6140.80078125
35968,5159.25830078125
35969,6005.99169921875
35970,9915.50390625
35971,10726.8330078125
35972,9580.9658203125
35973,7806.81005859375
35974,5407.2255859375
35975,6045.17138671875
35976,4443.98974609375
35977,7734.70947265625
35978,10318.7431640625
35979,9340.62109375
35980,5951.9423828125
35981,5912.091796875
35982,5596.04150390625
35983,5887.646484375
35984,9989.716796875
35985,6742.859375
35986,5604.05322265625
35987,5641.95458984375
35988,8041.4296875
35989,3658.9912109375
35990,7717.24169921875
35991,4691.22265625
35992,7699.03955078125
35993,6873.0458984375
35994,6165.544921875
35995,7796.1162109375
35996,6635.126953125
35997,4859.99560546875
35998,6767.43701171875
35999,7873.5078125
36000,11604.3447265625
36001,6811.17138671875
36002,8786.0419921875
36003,8284.046875
36004,10381.658203125
36005,6923.861328125
36006,9168.2451171875
36007,5194.9296875
36008,4783.41748046875
36009,6413.3349609375
36010,6532.65087890625
36011,9743.6875
36012,8291.3447265625
36013,5890.94384765625
36014,8105.4189453125
36015,6284.00341796875
36016,10489.3408203125
36017,3791.651123046875
36018,13356.8642578125
36019,5216.9140625
36020,5653.32421875
36021,8863.4052734375
36022,5336.11572265625
36023,6877.115234375
36024,6366.63671875
36025,7620.322265625
36026,6452.4228515625
36027,5532.732421875
36028,7876.1630859375
36029,7821.0068359375
36030,7730.3369140625
36031,5095.1806640625
36032,7423.6640625
36033,11630.15234375
36034,6783.234375
36035,6291.93603515625
36036,7463.3642578125
36037,6091.31689453125
36038,5837.68212890625
36039,7712.26953125
36040,3752.443603515625
36041,8467.4755859375
36042,6347.880859375
36043,7343.29736328125
36044,11181.38671875
36045,4021.45068359375
36046,5653.310546875
36047,5030.7451171875
36048,8771.0087890625
36049,9171.9853515625
36050,5144.8056640625
36051,4667.87109375
36052,6980.29541015625
36053,6471.3720703125
36054,5990.33642578125
36055,7777.302734375
36056,6960.44677734375
36057,8067.34375
36058,6201.72216796875
36059,4293.189453125
36060,6842.23046875
36061,8673.0390625
36062,8733.2880859375
36063,8393.7177734375
36064,7911.00537109375
36065,6480.609375
36066,9620.5810546875
36067,5757.74853515625
36068,7237.74072265625
36069,9211.3974609375
36070,6617.57080078125
36071,10179.669921875
36072,9067.796875
36073,7819.607421875
36074,6023.03564453125
36075,7082.86083984375
36076,8548.0703125
36077,7481.142578125
36078,4051.66845703125
36079,6603.75146484375
36080,8265.720703125
36081,6347.423828125
36082,4298.83740234375
36083,8570.396484375
36084,6400.810546875
36085,6075.953125
36086,5871.4033203125
36087,5291.052734375
36088,7886.1396484375
36089,7386.86865234375
36090,7199.69189453125
36091,5920.7470703125
36092,5784.2021484375
36093,6521.763671875
36094,3408.805419921875
36095,6566.76513671875
36096,6717.0869140625
36097,9126.5439453125
36098,7366.806640625
36099,6254.224609375
36100,11780.986328125
36101,6016.18505859375
36102,5287.36962890625
36103,10879.03515625
36104,7073.57177734375
36105,8888.693359375
36106,7749.86328125
36107,6538.81298828125
36108,6282.85546875
36109,5481.88623046875
36110,8988.8505859375
36111,12331.76171875
36112,8132.04931640625
36113,4017.906005859375
36114,4687.705078125
36115,8041.005859375
36116,9141.4794921875
36117,6327.11767578125
36118,6895.515625
36119,5622.39208984375
36120,5643.24853515625
36121,3033.30126953125
36122,5392.2607421875
36123,6581.28125
36124,8047.50048828125
36125,6861.06005859375
36126,6294.1875
36127,8902.3662109375
36128,10597.96484375
36129,7721.3271484375
36130,5347.974609375
36131,9873.1162109375
36132,10672.7412109375
36133,6653.080078125
36134,7936.7255859375
36135,5700.60107421875
36136,6749.14013671875
36137,4883.0576171875
36138,8175.1630859375
36139,5497.09228515625
36140,9537.1826171875
36141,7485.6533203125
36142,9372.5693359375
36143,8296.287109375
36144,6121.31787109375
36145,10212.376953125
36146,19308.330078125
36147,11520.650390625
36148,6801.3916015625
36149,3507.360595703125
36150,6748.99169921875
36151,9077.1474609375
36152,6254.9521484375
36153,12228.9638671875
36154,19962.12109375
36155,3482.97900390625
36156,5977.67236328125
36157,11526.63671875
36158,4969.6572265625
36159,7978.98828125
36160,7026.36767578125
36161,8142.01611328125
36162,5651.08837890625
36163,6416.6845703125
36164,6403.95751953125
36165,7915.96044921875
36166,9421.4853515625
36167,7721.64306640625
36168,6228.3837890625
36169,7514.34716796875
36170,5551.25146484375
36171,5069.36328125
36172,7855.41748046875
36173,5992.47705078125
36174,6203.2197265625
36175,7480.3115234375
36176,6621.591796875
36177,7439.5400390625
36178,7969.74658203125
36179,7568.9833984375
36180,9333.017578125
36181,9947.5576171875
36182,8503.068359375
36183,6039.18310546875
36184,3733.266845703125
36185,7255.3544921875
36186,7405.7568359375
36187,5563.57568359375
36188,4822.322265625
36189,10003.6513671875
36190,7781.208984375
36191,10659.16796875
36192,7002.21923828125
36193,5909.0732421875
36194,5574.95166015625
36195,5478.53955078125
36196,10559.208984375
36197,5208.11669921875
36198,7700.67822265625
36199,16579.392578125
36200,7865.3759765625
36201,8427.357421875
36202,5987.06591796875
36203,4648.9638671875
36204,7231.09375
36205,4174.8623046875
36206,6117.8935546875
36207,11067.6728515625
36208,5135.7607421875
36209,15724.951171875
36210,14827.2470703125
36211,5800.1513671875
36212,7350.64794921875
36213,6243.7412109375
36214,7216.6259765625
36215,5662.9384765625
36216,11341.7783203125
36217,8591.0419921875
36218,9946.8720703125
36219,5437.31640625
36220,7841.11474609375
36221,6475.60302734375
36222,9839.650390625
36223,7569.86962890625
36224,6885.5732421875
36225,7124.67626953125
36226,5783.0419921875
36227,8507.47265625
36228,10449.3642578125
36229,7247.56005859375
36230,10118.927734375
36231,6846.34228515625
36232,9868.5185546875
36233,5559.8642578125
36234,6392.8525390625
36235,5746.1142578125
36236,10678.02734375
36237,6636.63427734375
36238,9428.1171875
36239,8497.4619140625
36240,8618.02734375
36241,6121.3349609375
36242,9658.5849609375
36243,7454.8203125
36244,3963.48095703125
36245,14148.78515625
36246,18182.10546875
36247,8064.01806640625
36248,7309.32275390625
36249,10103.599609375
36250,10814.0732421875
36251,11926.9990234375
36252,6172.46533203125
36253,7747.1767578125
36254,6186.4482421875
36255,9024.2138671875
36256,4128.43408203125
36257,6558.5556640625
36258,6216.466796875
36259,5734.63525390625
36260,7731.25927734375
36261,5808.93505859375
36262,4677.5546875
36263,7854.03857421875
36264,4252.54296875
36265,5438.52099609375
36266,7168.36572265625
36267,6932.5859375
36268,10138.771484375
36269,9235.9072265625
36270,8117.873046875
36271,7104.0146484375
36272,6875.810546875
36273,12067.728515625
36274,7767.02294921875
36275,5486.56103515625
36276,5035.01025390625
36277,11139.619140625
36278,4416.98193359375
36279,6953.38916015625
36280,3261.684326171875
36281,5464.3779296875
36282,9081.171875
36283,6901.21630859375
36284,6339.88818359375
36285,10235.3984375
36286,10521.591796875
36287,12328.93359375
36288,7189.71240234375
36289,9651.1728515625
36290,3080.8017578125
36291,5932.3046875
36292,6596.59130859375
36293,5648.57958984375
36294,9204.7900390625
36295,5567.3203125
36296,5222.27490234375
36297,8876.08984375
36298,12150.5380859375
36299,11101.01171875
36300,6434.2421875
36301,5692.166015625
36302,13865.373046875
36303,9264.6787109375
36304,6860.2626953125
36305,6722.0390625
36306,7462.634765625
36307,10916.400390625
36308,4843.71435546875
36309,5978.63720703125
36310,8440.4814453125
36311,8054.77099609375
36312,14583.9150390625
36313,6778.865234375
36314,12952.7919921875
36315,7602.6875
36316,5395.7353515625
36317,4262.12451171875
36318,6274.60986328125
36319,7137.0810546875
36320,6144.0859375
36321,8128.212890625
36322,5601.79345703125
36323,5111.4248046875
36324,7731.1689453125
36325,3445.34228515625
36326,7892.8076171875
36327,7223.57861328125
36328,8532.900390625
36329,8693.333984375
36330,6333.9462890625
36331,9351.1416015625
36332,5887.970703125
36333,6276.0625
36334,5671.6015625
36335,5561.12451171875
36336,11386.056640625
36337,7150.7978515625
36338,5753.8857421875
36339,7734.966796875
36340,9182.77734375
36341,8035.05322265625
36342,6807.771484375
36343,8584.4267578125
36344,5526.32568359375
36345,5825.4619140625
36346,6262.9658203125
36347,9662.5673828125
36348,7433.9443359375
36349,6919.0595703125
36350,5734.43603515625
36351,5882.61865234375
36352,4325.1953125
36353,5732.6962890625
36354,8925.724609375
36355,9997.0068359375
36356,11303.2177734375
36357,12018.9833984375
36358,8777.94140625
36359,8301.3046875
36360,4855.939453125
36361,10451.771484375
36362,11825.83984375
36363,7739.84716796875
36364,8915.9853515625
36365,8447.7177734375
36366,6630.29833984375
36367,3925.750244140625
36368,10114.060546875
36369,7454.2548828125
36370,7246.18798828125
36371,6142.943359375
36372,3065.665771484375
36373,11903.1201171875
36374,6561.8955078125
36375,5165.4150390625
36376,4629.64990234375
36377,5705.42626953125
36378,7038.5615234375
36379,8896.435546875
36380,7950.37548828125
36381,5285.7548828125
36382,5256.587890625
36383,4489.396484375
36384,3311.306396484375
36385,7679.4365234375
36386,18062.298828125
36387,5157.82470703125
36388,5911.92333984375
36389,7008.7490234375
36390,5250.70068359375
36391,5785.81640625
36392,5491.814453125
36393,4422.1982421875
36394,7887.466796875
36395,7726.251953125
36396,4099.73193359375
36397,9269.146484375
36398,6168.32275390625
36399,5094.9580078125
36400,11598.2431640625
36401,8011.48974609375
36402,10523.0869140625
36403,5750.49853515625
36404,7404.26513671875
36405,5118.4892578125
36406,5412.880859375
36407,16434.0703125
36408,11820.8583984375
36409,7028.54345703125
36410,5737.6923828125
36411,5407.84814453125
36412,6028.80517578125
36413,5389.01708984375
36414,12330.08203125
36415,5339.72998046875
36416,6168.48193359375
36417,8462.1044921875
36418,4866.5126953125
36419,6860.97265625
36420,8473.3291015625
36421,8022.43505859375
36422,8186.93310546875
36423,4368.37158203125
36424,5105.21484375
36425,6971.3056640625
36426,9603.5263671875
36427,8386.2353515625
36428,7258.07177734375
36429,5160.7509765625
36430,8174.4052734375
36431,6385.13720703125
36432,4906.13330078125
36433,7588.388671875
36434,7439.412109375
36435,6500.76953125
36436,6576.2197265625
36437,6664.09326171875
36438,6933.86083984375
36439,5859.81591796875
36440,7220.0126953125
36441,7248.69775390625
36442,7207.36181640625
36443,11006.3759765625
36444,6539.35205078125
36445,4750.66796875
36446,12099.1357421875
36447,6557.93798828125
36448,3492.927001953125
36449,8365.6640625
36450,9166.8828125
36451,12083.931640625
36452,5448.13427734375
36453,6259.80419921875
36454,5766.91748046875
36455,7488.50244140625
36456,6222.80615234375
36457,9014.259765625
36458,4142.96337890625
36459,7147.2998046875
36460,6828.92041015625
36461,5814.77734375
36462,5552.00830078125
36463,6960.4208984375
36464,8304.0478515625
36465,6680.13671875
36466,8974.0439453125
36467,7864.66943359375
36468,8782.1044921875
36469,6169.8876953125
36470,7393.20556640625
36471,7245.18505859375
36472,9314.248046875
36473,8075.72265625
36474,5744.8505859375
36475,8542.0791015625
36476,8256.646484375
36477,7824.19140625
36478,5633.2763671875
36479,4487.2763671875
36480,9220.3359375
36481,6903.6962890625
36482,9133.7041015625
36483,7436.4833984375
36484,6089.0849609375
36485,8286.515625
36486,7064.416015625
36487,7220.38232421875
36488,7723.8984375
36489,6414.24951171875
36490,9509.0341796875
36491,10028.384765625
36492,8453.6728515625
36493,5271.04296875
36494,5876.3095703125
36495,4073.986083984375
36496,3550.04833984375
36497,7714.73681640625
36498,6075.67578125
36499,9120.2021484375
36500,4661.0341796875
36501,6967.08642578125
36502,6809.18359375
36503,9848.5771484375
36504,5392.74072265625
36505,6069.9296875
36506,6237.654296875
36507,7913.818359375
36508,5780.50439453125
36509,7669.05712890625
36510,7878.78076171875
36511,8677.2216796875
36512,8506.5029296875
36513,7182.02685546875
36514,6209.6572265625
36515,4766.8115234375
36516,5703.52490234375
36517,10708.7861328125
36518,9154.482421875
36519,10848.009765625
36520,14385.330078125
36521,6707.88916015625
36522,5771.23095703125
36523,7133.2919921875
36524,8884.35546875
36525,10792.107421875
36526,7919.619140625
36527,8430.3740234375
36528,8374.2392578125
36529,6992.49560546875
36530,7402.46826171875
36531,5970.08203125
36532,5254.955078125
36533,5640.61376953125
36534,4064.580322265625
36535,5805.38623046875
36536,8996.3896484375
36537,17506.513671875
36538,6883.0166015625
36539,5422.76171875
36540,7935.41259765625
36541,4472.77783203125
36542,6934.54052734375
36543,5472.10400390625
36544,10450.2138671875
36545,6845.791015625
36546,6614.732421875
36547,14546.7265625
36548,10334.5791015625
36549,6689.57958984375
36550,7076.23779296875
36551,3944.350341796875
36552,5347.97412109375
36553,5706.16650390625
36554,9112.79296875
36555,4971.4013671875
36556,4837.44287109375
36557,5487.63525390625
36558,6276.43017578125
36559,7356.6484375
36560,8165.56201171875
36561,3506.813232421875
36562,7415.8857421875
36563,9079.3994140625
36564,8224.9208984375
36565,5250.4931640625
36566,4883.447265625
36567,8810.603515625
36568,4700.900390625
36569,9883.873046875
36570,4790.7060546875
36571,6795.27783203125
36572,7810.6435546875
36573,6672.826171875
36574,5077.748046875
36575,7417.77783203125
36576,7972.271484375
36577,9218.251953125
36578,10035.330078125
36579,5859.22900390625
36580,4357.48779296875
36581,5656.8466796875
36582,6627.34130859375
36583,5059.7490234375
36584,6546.7294921875
36585,6755.7412109375
36586,11191.166015625
36587,8395.220703125
36588,6281.9599609375
36589,7701.34619140625
36590,4771.44287109375
36591,8941.1171875
36592,6056.86279296875
36593,14080.78125
36594,6852.95703125
36595,5528.98095703125
36596,5489.11376953125
36597,4274.03271484375
36598,7277.4921875
36599,20802.70703125
36600,4301.8623046875
36601,5307.18505859375
36602,10072.263671875
36603,6572.154296875
36604,7730.12841796875
36605,8826.75390625
36606,6353.57373046875
36607,5146.435546875
36608,4814.89013671875
36609,10523.5888671875
36610,6627.2333984375
36611,7730.39404296875
36612,8068.28369140625
36613,5053.8486328125
36614,7725.97998046875
36615,6637.9609375
36616,4763.89990234375
36617,9105.9375
36618,10301.583984375
36619,4914.75146484375
36620,8052.5908203125
36621,7484.1279296875
36622,5973.501953125
36623,9649.3720703125
36624,6946.02587890625
36625,8004.24169921875
36626,4979.96240234375
36627,5257.27685546875
36628,7449.72607421875
36629,4821.7607421875
36630,8157.2177734375
36631,5062.78466796875
36632,6181.384765625
36633,4757.5849609375
36634,6469.45068359375
36635,6348.25537109375
36636,7240.80419921875
36637,7809.09130859375
36638,8863.421875
36639,6622.8125
36640,7701.29345703125
36641,6878.57763671875
36642,8790.68359375
36643,9951.3486328125
36644,7773.05322265625
36645,3566.61572265625
36646,5537.126953125
36647,7391.38623046875
36648,3658.546142578125
36649,12198.8564453125
36650,6168.185546875
36651,8643.2626953125
36652,8643.2626953125
36653,7772.119140625
36654,5690.501953125
36655,10523.630859375
36656,10026.4541015625
36657,5646.25341796875
36658,9844.775390625
36659,10497.923828125
36660,6371.0205078125
36661,5625.1884765625
36662,6910.54736328125
36663,6201.54345703125
36664,5141.34423828125
36665,6851.8896484375
36666,5003.26611328125
36667,7406.02001953125
36668,8046.70458984375
36669,7273.6474609375
36670,8227.1982421875
36671,5944.873046875
36672,7563.40966796875
36673,5865.59912109375
36674,8283.7744140625
36675,7300.28271484375
36676,6927.4130859375
36677,6605.11572265625
36678,7558.7314453125
36679,9705.9287109375
36680,5922.392578125
36681,5555.7314453125
36682,6827.75830078125
36683,7472.75537109375
36684,8017.7080078125
36685,4487.22119140625
36686,4749.4521484375
36687,8390.7490234375
36688,7290.9365234375
36689,6199.40673828125
36690,8311.6513671875
36691,6129.4111328125
36692,7143.0986328125
36693,5728.9716796875
36694,4347.81494140625
36695,8172.2978515625
36696,6550.12353515625
36697,6959.3642578125
36698,10216.8623046875
36699,9240.7529296875
36700,4868.16796875
36701,9231.7626953125
36702,4315.234375
36703,3551.04345703125
36704,8291.517578125
36705,11412.6875
36706,8371.42578125
36707,7222.94482421875
36708,5308.48974609375
36709,6305.26708984375
36710,9214.63671875
36711,7342.0185546875
36712,8854.791015625
36713,5355.06884765625
36714,5136.44287109375
36715,5374.73974609375
36716,5653.08056640625
36717,5261.55029296875
36718,5239.33984375
36719,5479.66064453125
36720,4690.78564453125
36721,6930.61767578125
36722,7440.54833984375
36723,5825.99072265625
36724,6294.23193359375
36725,7803.72802734375
36726,6452.798828125
36727,5538.443359375
36728,10284.505859375
36729,7688.80615234375
36730,5390.6875
36731,3220.74951171875
36732,12896.8076171875
36733,6708.95263671875
36734,5825.85498046875
36735,8871.50390625
36736,8118.48876953125
36737,7902.54541015625
36738,6221.580078125
36739,7560.0986328125
36740,9716.744140625
36741,14056.521484375
36742,5527.591796875
36743,5198.36474609375
36744,5920.29638671875
36745,7314.125
36746,6139.85888671875
36747,8985.193359375
36748,9107.25
36749,6766.208984375
36750,4451.89404296875
36751,7153.5869140625
36752,12207.8603515625
36753,5477.689453125
36754,8392.5537109375
36755,3984.3330078125
36756,7601.861328125
36757,8671.669921875
36758,7622.33154296875
36759,9059.15625
36760,6417.80908203125
36761,4636.63818359375
36762,6850.88818359375
36763,7910.80517578125
36764,8598.111328125
36765,7231.66943359375
36766,8366.23046875
36767,6801.41796875
36768,4202.6171875
36769,10233.5654296875
36770,4144.5361328125
36771,9174.8662109375
36772,6583.212890625
36773,5059.14697265625
36774,8206.1982421875
36775,6664.36865234375
36776,7431.05419921875
36777,9032.154296875
36778,5152.41552734375
36779,4497.40478515625
36780,8572.4482421875
36781,9744.76953125
36782,8845.18359375
36783,5944.125
36784,6728.85595703125
36785,6959.25048828125
36786,6929.35205078125
36787,5437.03369140625
36788,10304.3076171875
36789,8840.6943359375
36790,10078.84765625
36791,4350.81396484375
36792,6112.3984375
36793,9754.07421875
36794,9780.4111328125
36795,5065.98095703125
36796,11135.970703125
36797,6362.869140625
36798,6752.615234375
36799,5824.0771484375
36800,5635.03515625
36801,5806.7001953125
36802,6716.53515625
36803,5086.744140625
36804,5226.0517578125
36805,8679.4365234375
36806,7698.8984375
36807,25148.8984375
36808,7818.4306640625
36809,5154.29248046875
36810,8754.0693359375
36811,10755.609375
36812,7068.02587890625
36813,7787.052734375
36814,5886.04541015625
36815,8663.7607421875
36816,8824.109375
36817,6260.8583984375
36818,5732.07080078125
36819,7319.17822265625
36820,8799.328125
36821,7477.0068359375
36822,8848.0302734375
36823,6644.474609375
36824,5327.5859375
36825,5957.04052734375
36826,10838.7421875
36827,10791.3447265625
36828,9086.05859375
36829,8218.30859375
36830,4950.822265625
36831,6324.85302734375
36832,4623.64501953125
36833,8263.982421875
36834,10580.001953125
36835,10467.3525390625
36836,6516.7822265625
36837,6231.80810546875
36838,5237.91357421875
36839,6378.267578125
36840,11356.1513671875
36841,7036.830078125
36842,5605.3486328125
36843,5968.4521484375
36844,8518.0078125
36845,3410.45556640625
36846,8184.451171875
36847,4762.94287109375
36848,7408.626953125
36849,6738.3896484375
36850,6199.748046875
36851,8044.8984375
36852,7136.0068359375
36853,5890.53564453125
36854,6848.453125
36855,8041.1982421875
36856,11699.5751953125
36857,6924.22021484375
36858,9218.1240234375
36859,9368.5458984375
36860,11093.69140625
36861,7009.2138671875
36862,10056.3251953125
36863,5442.58544921875
36864,4801.5908203125
36865,7150.03076171875
36866,6656.92138671875
36867,9800.6591796875
36868,8533.6123046875
36869,5955.060546875
36870,7860.63671875
36871,6565.45703125
36872,10219.9541015625
36873,3946.42626953125
36874,15383.111328125
36875,5182.255859375
36876,5826.42578125
36877,9469.5283203125
36878,5612.53857421875
36879,7284.40576171875
36880,6350.42529296875
36881,8196.6728515625
36882,6304.248046875
36883,5907.77392578125
36884,8066.4091796875
36885,7875.86572265625
36886,8290.3193359375
36887,5393.69287109375
36888,7568.3974609375
36889,12225.271484375
36890,6834.8466796875
36891,6137.7783203125
36892,7455.3046875
36893,6014.53125
36894,6200.2783203125
36895,8127.21630859375
36896,3774.48681640625
36897,8625.1015625
36898,6910.4521484375
36899,7673.1103515625
36900,11388.015625
36901,4520.60498046875
36902,5597.6728515625
36903,5526.92724609375
36904,9070.025390625
36905,9431.6474609375
36906,5301.6337890625
36907,4766.3408203125
36908,7097.73193359375
36909,6617.291015625
36910,6205.748046875
36911,7566.78271484375
36912,7099.15771484375
36913,8363.5029296875
36914,6337.73583984375
36915,4581.30126953125
36916,7230.53076171875
36917,8626.896484375
36918,8812.7216796875
36919,8504.2822265625
36920,8762.685546875
36921,6078.0634765625
36922,9613.2216796875
36923,6508.63525390625
36924,7704.701171875
36925,9524.1396484375
36926,6499.3525390625
36927,10505.91796875
36928,10377.552734375
36929,7978.21337890625
36930,6159.79638671875
36931,7506.4609375
36932,8912.064453125
36933,7389.896484375
36934,4005.607177734375
36935,5913.99169921875
36936,8623.806640625
36937,6089.2763671875
36938,4575.0166015625
36939,8525.630859375
36940,6748.06494140625
36941,6093.34716796875
36942,5972.10546875
36943,5532.84619140625
36944,8278.0029296875
36945,7379.1279296875
36946,7136.59619140625
36947,5993.71728515625
36948,6486.7119140625
36949,6611.083984375
36950,4091.105712890625
36951,6630.0771484375
36952,6709.328125
36953,9396.7958984375
36954,7669.14892578125
36955,6197.05517578125
36956,12097.8369140625
36957,7028.47216796875
36958,5161.14453125
36959,11788.626953125
36960,7550.27685546875
36961,9088.052734375
36962,8155.1279296875
36963,5876.47021484375
36964,6374.1025390625
36965,5443.03955078125
36966,8580.5703125
36967,12901.73046875
36968,7693.986328125
36969,3889.862548828125
36970,5856.76513671875
36971,8186.99267578125
36972,9755.755859375
36973,7109.4375
36974,7373.45068359375
36975,5204.34912109375
36976,5539.62548828125
36977,2972.03466796875
36978,5307.17041015625
36979,6445.60791015625
36980,8470.2880859375
36981,6938.79833984375
36982,6371.5830078125
36983,8840.51171875
36984,10708.4755859375
36985,8073.03466796875
36986,5203.93505859375
36987,10005.72265625
36988,11922.7529296875
36989,6454.51513671875
36990,8960.9130859375
36991,5580.85205078125
36992,7010.3564453125
36993,4828.396484375
36994,8767.8095703125
36995,6214.73486328125
36996,9821.5888671875
36997,7425.97119140625
36998,9300.763671875
36999,9352.970703125
37000,5999.46533203125
37001,10143.5283203125
37002,19836.478515625
37003,12284.59375
37004,7324.43212890625
37005,3706.6533203125
37006,6826.59716796875
37007,9429.34765625
37008,6189.84326171875
37009,12098.9873046875
37010,20596.4296875
37011,3841.680908203125
37012,5684.70654296875
37013,9808.4912109375
37014,5591.703125
37015,8577.2685546875
37016,7436.96142578125
37017,8248.5498046875
37018,5667.68017578125
37019,7007.20068359375
37020,6620.27197265625
37021,7989.62646484375
37022,9906.8193359375
37023,7168.65771484375
37024,6163.7177734375
37025,7350.19580078125
37026,5783.94482421875
37027,5353.97607421875
37028,8292.3037109375
37029,6107.587890625
37030,6223.939453125
37031,7933.9873046875
37032,6631.53564453125
37033,8037.578125
37034,8134.49169921875
37035,7682.0966796875
37036,9228.4912109375
37037,10671.4658203125
37038,7636.60595703125
37039,6257.86279296875
37040,3752.985595703125
37041,7811.09716796875
37042,7531.33642578125
37043,5823.7724609375
37044,4961.18603515625
37045,10412.482421875
37046,7826.05126953125
37047,10787.767578125
37048,7228.2421875
37049,5878.99169921875
37050,5442.87255859375
37051,5233.38720703125
37052,10776.09765625
37053,5223.1865234375
37054,7984.427734375
37055,15662.837890625
37056,7927.849609375
37057,6899.33740234375
37058,5668.29736328125
37059,4988.62451171875
37060,7367.51318359375
37061,4279.69873046875
37062,6241.658203125
37063,10649.783203125
37064,5132.12548828125
37065,16861.771484375
37066,15513.3701171875
37067,5601.8623046875
37068,8257.193359375
37069,6441.3408203125
37070,7148.61328125
37071,5876.29345703125
37072,11561.1396484375
37073,8263.5849609375
37074,10410.9912109375
37075,5016.75
37076,8058.51953125
37077,6604.26953125
37078,10255.7841796875
37079,7519.150390625
37080,6792.75390625
37081,7049.103515625
37082,6282.13671875
37083,8768.640625
37084,10189.837890625
37085,7248.73828125
37086,10611.69140625
37087,6838.962890625
37088,10351.6162109375
37089,5730.48779296875
37090,6427.16943359375
37091,5733.03173828125
37092,11793.896484375
37093,6782.4267578125
37094,8600.9794921875
37095,9026.0517578125
37096,9138.7099609375
37097,6102.89306640625
37098,9402.5048828125
37099,7411.25634765625
37100,4025.330322265625
37101,16046.7255859375
37102,17909.880859375
37103,8469.21875
37104,7636.57421875
37105,10315.8056640625
37106,10821.046875
37107,12185.8994140625
37108,6307.26904296875
37109,7901.18212890625
37110,6203.67822265625
37111,9061.9541015625
37112,4057.436279296875
37113,6560.578125
37114,6610.880859375
37115,6105.77587890625
37116,7979.57421875
37117,6185.033203125
37118,4867.701171875
37119,7728.82666015625
37120,4484.57568359375
37121,5853.5478515625
37122,6760.42431640625
37123,7467.677734375
37124,10241.9482421875
37125,9183.228515625
37126,7779.66015625
37127,6868.59912109375
37128,6428.40625
37129,11794.3212890625
37130,8014.16943359375
37131,5683.29150390625
37132,4885.837890625
37133,11275.384765625
37134,4441.1787109375
37135,6925.822265625
37136,3155.50537109375
37137,6141.85693359375
37138,8900.099609375
37139,7077.52001953125
37140,6061.47607421875
37141,10035.8876953125
37142,10049.5146484375
37143,13202.2275390625
37144,6834.013671875
37145,9660.57421875
37146,3142.626953125
37147,6028.046875
37148,6609.900390625
37149,5884.62109375
37150,9151.408203125
37151,5841.81591796875
37152,5290.634765625
37153,9175.287109375
37154,12795.1171875
37155,10082.40234375
37156,6303.8291015625
37157,5415.76123046875
37158,15176.25
37159,10084.9140625
37160,6749.353515625
37161,6630.26611328125
37162,7676.34130859375
37163,10635.029296875
37164,4911.8134765625
37165,6320.44677734375
37166,9018.6982421875
37167,8865.0703125
37168,14709.720703125
37169,6806.787109375
37170,12966.5673828125
37171,7653.80859375
37172,5157.8056640625
37173,3899.81640625
37174,6478.09033203125
37175,6752.7802734375
37176,5940.3828125
37177,8036.99560546875
37178,5352.61181640625
37179,4756.17041015625
37180,7411.88330078125
37181,3662.816162109375
37182,7927.49462890625
37183,7255.6748046875
37184,8495.9697265625
37185,8879.4580078125
37186,6192.8876953125
37187,9660.29296875
37188,5927.4580078125
37189,6741.353515625
37190,5660.533203125
37191,6515.87646484375
37192,11660.2509765625
37193,6865.81201171875
37194,5970.49658203125
37195,8177.26708984375
37196,9205.7734375
37197,7995.970703125
37198,6963.01025390625
37199,9208.83984375
37200,5541.80615234375
37201,7004.25048828125
37202,6835.685546875
37203,8841.0341796875
37204,6750.02880859375
37205,6735.62255859375
37206,6334.1083984375
37207,6295.9619140625
37208,4595.7958984375
37209,5392.26953125
37210,8811.58984375
37211,9926.353515625
37212,11622.783203125
37213,12218.6455078125
37214,8559.47265625
37215,8270.6240234375
37216,4753.10009765625
37217,10779.900390625
37218,11747.015625
37219,7697.7548828125
37220,8915.8408203125
37221,8360.478515625
37222,6730.16259765625
37223,3600.68359375
37224,10018.0849609375
37225,7772.74365234375
37226,7370.89453125
37227,6597.779296875
37228,3301.65185546875
37229,12292.173828125
37230,6843.154296875
37231,5028.24853515625
37232,4759.90478515625
37233,5109.37646484375
37234,7144.0390625
37235,9784.55078125
37236,8160.11328125
37237,5431.79052734375
37238,5311.91845703125
37239,5264.328125
37240,3278.698974609375
37241,7749.6455078125
37242,17967.38671875
37243,4920.861328125
37244,5937.978515625
37245,7822.97998046875
37246,5011.10986328125
37247,5729.794921875
37248,5488.7294921875
37249,4505.4609375
37250,7634.6240234375
37251,8015.7119140625
37252,4231.68798828125
37253,9773.2001953125
37254,6472.9169921875
37255,5208.50732421875
37256,11620.078125
37257,8471.0751953125
37258,10421.330078125
37259,6183.626953125
37260,7439.548828125
37261,5034.16845703125
37262,5438.46142578125
37263,18547.126953125
37264,11715.091796875
37265,6746.1240234375
37266,6223.18505859375
37267,5227.11962890625
37268,5976.4990234375
37269,4517.21484375
37270,10704.1748046875
37271,5747.59521484375
37272,6087.2548828125
37273,8316.3525390625
37274,5064.732421875
37275,7091.22119140625
37276,8881.77734375
37277,7941.42626953125
37278,8165.638671875
37279,4533.36669921875
37280,5542.91357421875
37281,7000.49462890625
37282,10015.3134765625
37283,8538.482421875
37284,7656.7041015625
37285,5390.748046875
37286,8666.9609375
37287,6844.67724609375
37288,5012.39990234375
37289,7582.29345703125
37290,7230.91259765625
37291,6542.97119140625
37292,6774.07470703125
37293,6997.3916015625
37294,7223.13232421875
37295,5904.71044921875
37296,7340.61767578125
37297,7084.45703125
37298,7413.16015625
37299,10846.3564453125
37300,6628.52197265625
37301,5098.5908203125
37302,12850.548828125
37303,6401.84521484375
37304,4109.68359375
37305,8233.267578125
37306,9603.3896484375
37307,12252.185546875
37308,5473.8837890625
37309,6222.20263671875
37310,6052.513671875
37311,7915.953125
37312,6158.3701171875
37313,9136.6787109375
37314,3889.71826171875
37315,7216.6279296875
37316,7241.2275390625
37317,5945.435546875
37318,5569.74267578125
37319,7263.1455078125
37320,8805.474609375
37321,6905.01123046875
37322,9577.5009765625
37323,7868.3720703125
37324,8928.767578125
37325,5858.10546875
37326,7643.951171875
37327,7527.08154296875
37328,8926.0478515625
37329,8208.193359375
37330,3973.022216796875
37331,8727.552734375
37332,8109.81201171875
37333,7986.60107421875
37334,5563.83251953125
37335,4527.22705078125
37336,9181.228515625
37337,6843.0283203125
37338,9553.1787109375
37339,7056.65771484375
37340,6266.11279296875
37341,7712.337890625
37342,6964.22021484375
37343,7035.56396484375
37344,8363.658203125
37345,6424.17822265625
37346,9735.8740234375
37347,10284.5146484375
37348,8349.572265625
37349,5424.03662109375
37350,5940.5390625
37351,4214.35107421875
37352,3486.183349609375
37353,7575.6650390625
37354,6035.00927734375
37355,9395.80859375
37356,4457.4453125
37357,6522.60498046875
37358,6542.4326171875
37359,11650.0537109375
37360,5565.97705078125
37361,6022.14501953125
37362,6529.5673828125
37363,7958.76806640625
37364,5599.39599609375
37365,8001.31201171875
37366,7822.58935546875
37367,9268.126953125
37368,8261.2607421875
37369,7266.55029296875
37370,5942.30224609375
37371,4980.57763671875
37372,5474.56982421875
37373,10921.265625
37374,9437.650390625
37375,10441.29296875
37376,15164.5478515625
37377,6850.2734375
37378,5708.283203125
37379,6517.43505859375
37380,8730.6005859375
37381,10865.0703125
37382,8128.91650390625
37383,8433.87109375
37384,8624.5517578125
37385,6994.34765625
37386,7531.65478515625
37387,6030.244140625
37388,5231.1708984375
37389,5641.44873046875
37390,4089.909912109375
37391,5603.84423828125
37392,9089.9970703125
37393,18426.203125
37394,7061.02978515625
37395,5429.61572265625
37396,8468.2568359375
37397,4692.86767578125
37398,6791.88525390625
37399,5230.06103515625
37400,10041.5517578125
37401,7275.60400390625
37402,6630.97216796875
37403,14541.6640625
37404,12409.24609375
37405,6477.9228515625
37406,7119.0048828125
37407,3934.4169921875
37408,5598.34326171875
37409,5787.68798828125
37410,8862.640625
37411,5292.25048828125
37412,5095.01123046875
37413,5660.853515625
37414,6467.33251953125
37415,7861.0390625
37416,7335.46142578125
37417,3754.1201171875
37418,7582.07275390625
37419,9296.8994140625
37420,8085.46484375
37421,5540.43115234375
37422,5335.40576171875
37423,8732.763671875
37424,4510.23193359375
37425,10286.3349609375
37426,4764.833984375
37427,6513.94091796875
37428,7569.48486328125
37429,6563.9658203125
37430,5215.43701171875
37431,7389.32861328125
37432,8102.4775390625
37433,9697.458984375
37434,10576.7451171875
37435,6275.599609375
37436,4282.53173828125
37437,5475.94287109375
37438,6253.271484375
37439,4612.99755859375
37440,6458.85791015625
37441,6575.93310546875
37442,11541.533203125
37443,8624.439453125
37444,6226.794921875
37445,8196.26171875
37446,4858.7431640625
37447,9009.6611328125
37448,6019.6748046875
37449,14825.3369140625
37450,7082.4189453125
37451,6091.65869140625
37452,5852.2490234375
37453,4145.2978515625
37454,7500.017578125
37455,21146.283203125
37456,4645.63134765625
37457,5302.046875
37458,10058.3525390625
37459,6570.30908203125
37460,7964.44970703125
37461,8813.0380859375
37462,6272.23779296875
37463,5897.98486328125
37464,4809.4111328125
37465,10851.8525390625
37466,6767.21826171875
37467,7910.38623046875
37468,8540.6552734375
37469,5121.6962890625
37470,8374.462890625
37471,6583.5576171875
37472,4952.3642578125
37473,9174.7607421875
37474,9695.2294921875
37475,4896.58984375
37476,8024.1611328125
37477,7304.39404296875
37478,5868.81494140625
37479,9225.4423828125
37480,7292.6181640625
37481,8112.9638671875
37482,4925.6376953125
37483,5182.806640625
37484,8227.02734375
37485,4265.93701171875
37486,8142.779296875
37487,4002.631591796875
37488,6051.21484375
37489,4782.474609375
37490,6706.89599609375
37491,6688.07470703125
37492,7437.1767578125
37493,7711.94091796875
37494,8848.099609375
37495,6628.18701171875
37496,8115.31884765625
37497,7113.732421875
37498,10137.396484375
37499,9924.0927734375
37500,7513.78125
37501,3716.499755859375
37502,5427.48974609375
37503,7234.6162109375
37504,4251.48095703125
37505,12220.09765625
37506,6372.2001953125
37507,8937.4169921875
37508,8937.4169921875
37509,7517.7236328125
37510,5591.5009765625
37511,11069.9560546875
37512,10440.7646484375
37513,5687.884765625
37514,9996.8173828125
37515,10284.0810546875
37516,6106.09619140625
37517,6426.22998046875
37518,7103.5634765625
37519,5978.38623046875
37520,5144.6533203125
37521,7058.45556640625
37522,5460.08154296875
37523,8207.46484375
37524,8513.1142578125
37525,7346.4208984375
37526,8203.443359375
37527,5995.5283203125
37528,7805.5390625
37529,5753.62548828125
37530,8493.5791015625
37531,7676.4658203125
37532,6428.31005859375
37533,6932.14794921875
37534,7822.72802734375
37535,9868.328125
37536,5893.435546875
37537,5450.35107421875
37538,6863.42041015625
37539,7633.83154296875
37540,8120.47509765625
37541,4657.302734375
37542,4474.634765625
37543,9424.0068359375
37544,7458.8505859375
37545,6103.75439453125
37546,8592.53515625
37547,6384.47021484375
37548,8154.14892578125
37549,5377.107421875
37550,3833.372802734375
37551,8220.66015625
37552,6730.974609375
37553,6959.7177734375
37554,10321.443359375
37555,10297.505859375
37556,5077.32763671875
37557,8113.9619140625
37558,4971.39501953125
37559,3334.5439453125
37560,7831.60986328125
37561,12620.9541015625
37562,7792.74365234375
37563,7542.85205078125
37564,5318.970703125
37565,6619.11962890625
37566,9615.2353515625
37567,7565.0166015625
37568,9093.7216796875
37569,5401.720703125
37570,4945.53076171875
37571,5406.7626953125
37572,5391.99267578125
37573,5531.25537109375
37574,5402.20166015625
37575,5703.13037109375
37576,4754.50048828125
37577,7276.1298828125
37578,7622.5537109375
37579,5999.50146484375
37580,6308.2548828125
37581,7794.26123046875
37582,6258.63330078125
37583,5249.81982421875
37584,9993.9375
37585,7733.91162109375
37586,5367.5537109375
37587,3391.315673828125
37588,13013.7919921875
37589,6541.3310546875
37590,6035.72705078125
37591,9025.69921875
37592,9317.458984375
37593,7928.8837890625
37594,6000.39599609375
37595,7544.04248046875
37596,10237.9833984375
37597,15915.462890625
37598,5567.66162109375
37599,5059.70361328125
37600,5531.654296875
37601,6811.68115234375
37602,6043.23095703125
37603,9773.025390625
37604,8740.6796875
37605,6415.0185546875
37606,4000.62255859375
37607,6837.79248046875
37608,10975.1474609375
37609,5551.34814453125
37610,8142.818359375
37611,4241.50244140625
37612,7300.52685546875
37613,8979.185546875
37614,7382.4580078125
37615,9550.7734375
37616,6642.86376953125
37617,4859.60400390625
37618,6324.9638671875
37619,8105.98291015625
37620,8644.630859375
37621,6962.29345703125
37622,8465.400390625
37623,6916.123046875
37624,4420.15234375
37625,10359.49609375
37626,4090.570068359375
37627,9237.0810546875
37628,6539.548828125
37629,5675.55078125
37630,8220.435546875
37631,6592.34326171875
37632,7838.51220703125
37633,9320.2177734375
37634,4850.04931640625
37635,4437.68798828125
37636,8449.58984375
37637,10657.2041015625
37638,9266.4345703125
37639,6494.30859375
37640,7153.86865234375
37641,7096.7978515625
37642,6802.73291015625
37643,5600.884765625
37644,9897.232421875
37645,9178.427734375
37646,10746.30859375
37647,4479.4501953125
37648,6151.853515625
37649,10063.005859375
37650,9343.3505859375
37651,5659.40771484375
37652,10745.435546875
37653,6544.12451171875
37654,6818.21923828125
37655,5927.95556640625
37656,6140.36669921875
37657,5307.35400390625
37658,7221.75341796875
37659,5403.54736328125
37660,4777.23486328125
37661,8896.1025390625
37662,7022.119140625
37663,25422.984375
37664,7402.23583984375
37665,4950.255859375
37666,8960.0546875
37667,12615.939453125
37668,7225.923828125
37669,8118.78564453125
37670,6027.9609375
37671,8243.5126953125
37672,8579.2509765625
37673,5676.30859375
37674,5950.8564453125
37675,7388.89501953125
37676,8747.3876953125
37677,7753.01220703125
37678,9516.9365234375
37679,7766.29931640625
37680,5560.92041015625
37681,6177.14208984375
37682,11065.6728515625
37683,10324.421875
37684,10283.916015625
37685,8491.478515625
37686,4975.84228515625
37687,6171.13134765625
37688,5006.92138671875
37689,8506.8671875
37690,11889.8427734375
37691,10310.138671875
37692,6938.97705078125
37693,6033.919921875
37694,5461.37353515625
37695,6692.31689453125
37696,11069.8349609375
37697,7417.4052734375
37698,5190.1259765625
37699,5948.20751953125
37700,7812.9345703125
37701,3256.18994140625
37702,7730.4267578125
37703,4544.29541015625
37704,7025.88427734375
37705,7108.45556640625
37706,5780.7099609375
37707,7915.2705078125
37708,6979.30224609375
37709,5256.9443359375
37710,7445.5654296875
37711,7689.140625
37712,12576.6865234375
37713,6691.619140625
37714,9217.7734375
37715,8447.615234375
37716,11916.5478515625
37717,7836.2509765625
37718,10508.9208984375
37719,5923.00244140625
37720,5085.68896484375
37721,7090.97021484375
37722,6118.654296875
37723,9775.380859375
37724,9272.3203125
37725,6188.08642578125
37726,8023.34423828125
37727,7324.52294921875
37728,10324.447265625
37729,3975.190185546875
37730,15391.294921875
37731,4939.05810546875
37732,6826.47314453125
37733,9534.14453125
37734,5976.63525390625
37735,7330.96044921875
37736,6279.71435546875
37737,7960.5791015625
37738,6071.57177734375
37739,6404.68115234375
37740,7310.8095703125
37741,8160.30810546875
37742,8933.6328125
37743,5253.41015625
37744,7841.75244140625
37745,12362.33984375
37746,7332.599609375
37747,5744.2275390625
37748,7443.48583984375
37749,5660.4130859375
37750,6027.57275390625
37751,8255.5009765625
37752,3962.2646484375
37753,9137.533203125
37754,6791.5859375
37755,8325.107421875
37756,10823.73828125
37757,4793.84912109375
37758,6338.98779296875
37759,5505.59130859375
37760,9347.0810546875
37761,10407.859375
37762,4913.5615234375
37763,4681.52783203125
37764,7403.58984375
37765,6441.3642578125
37766,5923.955078125
37767,8388.158203125
37768,6955.267578125
37769,8303.25
37770,6773.19677734375
37771,4491.2197265625
37772,7406.6494140625
37773,7750.47607421875
37774,9719.0634765625
37775,8609.8623046875
37776,8377.0986328125
37777,6577.5546875
37778,9392.26953125
37779,6432.9677734375
37780,8125.015625
37781,9164.5595703125
37782,7145.76611328125
37783,11193.6103515625
37784,9312.8310546875
37785,8168.95849609375
37786,5874.2451171875
37787,7448.22265625
37788,8876.3818359375
37789,7886.17724609375
37790,4128.794921875
37791,6024.6728515625
37792,8507.728515625
37793,6474.9912109375
37794,4457.90478515625
37795,9495.5869140625
37796,7376.4150390625
37797,5662.380859375
37798,6246.86474609375
37799,5691.0439453125
37800,8661.9296875
37801,7129.76708984375
37802,7310.90576171875
37803,5976.8408203125
37804,6670.32177734375
37805,7028.0576171875
37806,4722.796875
37807,7784.22119140625
37808,7048.31689453125
37809,9319.6826171875
37810,8715.8896484375
37811,7231.29150390625
37812,12831.470703125
37813,6901.0419921875
37814,4843.99951171875
37815,11379.6240234375
37816,7444.474609375
37817,9162.4482421875
37818,8537.2392578125
37819,5545.6796875
37820,6361.81884765625
37821,6436.97119140625
37822,8904.728515625
37823,13517.7822265625
37824,7923.927734375
37825,3834.1435546875
37826,4670.53759765625
37827,8312.2109375
37828,10011.53515625
37829,7452.39111328125
37830,7884.38818359375
37831,5122.642578125
37832,6037.51220703125
37833,3039.33349609375
37834,5669.32958984375
37835,6460.60498046875
37836,8379.7373046875
37837,7874.35302734375
37838,7351.16748046875
37839,8710.0009765625
37840,10214.4423828125
37841,7951.7490234375
37842,5024.29248046875
37843,10672.833984375
37844,12743.5146484375
37845,6902.55517578125
37846,8845.7080078125
37847,5268.6728515625
37848,7133.11572265625
37849,4438.38720703125
37850,9675.8359375
37851,5925.1279296875
37852,10020.09765625
37853,7640.46533203125
37854,9576.142578125
37855,9593.7568359375
37856,5520.82275390625
37857,10606.869140625
37858,20946.046875
37859,12490.052734375
37860,7658.91357421875
37861,2806.7958984375
37862,7056.396484375
37863,10041.806640625
37864,6579.68408203125
37865,11939.6708984375
37866,20213.6953125
37867,3961.854248046875
37868,5975.68017578125
37869,10007.703125
37870,5093.42333984375
37871,9683.919921875
37872,7737.658203125
37873,8425.0048828125
37874,5828.76953125
37875,7358.34423828125
37876,6920.8798828125
37877,8452.447265625
37878,10563.61328125
37879,6483.37744140625
37880,5769.27978515625
37881,8553.7001953125
37882,6597.6669921875
37883,5458.052734375
37884,8804.9521484375
37885,5727.634765625
37886,6119.90673828125
37887,8524.2919921875
37888,7227.31298828125
37889,7110.61572265625
37890,9012.4853515625
37891,8327.3583984375
37892,8714.5029296875
37893,10550.9619140625
37894,8914.3583984375
37895,5914.75732421875
37896,4158.19140625
37897,7895.34326171875
37898,7952.8447265625
37899,5783.4365234375
37900,5380.99072265625
37901,11551.6650390625
37902,7800.279296875
37903,11163.8076171875
37904,7483.97314453125
37905,6034.267578125
37906,5587.18994140625
37907,4936.0576171875
37908,11270.7490234375
37909,5398.26318359375
37910,7752.39111328125
37911,16325.029296875
37912,7894.1669921875
37913,7497.486328125
37914,5707.12353515625
37915,5099.48486328125
37916,7976.96337890625
37917,4399.33056640625
37918,6153.59033203125
37919,11313.2138671875
37920,5231.9169921875
37921,17022.037109375
37922,16774.615234375
37923,5582.98193359375
37924,8336.962890625
37925,6511.77783203125
37926,7201.81103515625
37927,6146.056640625
37928,11315.0830078125
37929,7997.486328125
37930,11456.3779296875
37931,5466.47998046875
37932,7894.85595703125
37933,6645.3759765625
37934,9855.6357421875
37935,7588.01123046875
37936,6966.06591796875
37937,7039.916015625
37938,6735.1123046875
37939,8843.779296875
37940,10474.642578125
37941,7031.884765625
37942,11057.9677734375
37943,6451.61279296875
37944,10509.4052734375
37945,6108.20703125
37946,6506.73974609375
37947,5835.6591796875
37948,11678.1474609375
37949,6662.87353515625
37950,8713.3017578125
37951,8891.8896484375
37952,9260.1875
37953,5751.13330078125
37954,10526.8662109375
37955,7726.4638671875
37956,3850.8271484375
37957,16722.974609375
37958,17702.373046875
37959,8277.154296875
37960,7822.681640625
37961,10824.611328125
37962,11748.4013671875
37963,12974.994140625
37964,6817.82666015625
37965,8526.7041015625
37966,6360.546875
37967,9208.484375
37968,4392.9658203125
37969,6952.65771484375
37970,6551.185546875
37971,6127.78466796875
37972,8505.7841796875
37973,6194.3125
37974,5255.98681640625
37975,7951.9765625
37976,4369.1591796875
37977,5785.26904296875
37978,7367.0654296875
37979,7410.95458984375
37980,10345.525390625
37981,9657.466796875
37982,7824.34716796875
37983,6971.470703125
37984,6460.57177734375
37985,12282.1025390625
37986,8328.5732421875
37987,6159.794921875
37988,5034.7763671875
37989,11429.0068359375
37990,4944.22705078125
37991,7424.517578125
37992,3373.61376953125
37993,6052.224609375
37994,9460.72265625
37995,7110.59716796875
37996,5617.111328125
37997,9739.953125
37998,10231.48046875
37999,13465.3896484375
38000,6995.91015625
38001,9605.2119140625
38002,2848.146484375
38003,6102.64013671875
38004,6822.79833984375
38005,5736.4716796875
38006,8884.58984375
38007,6190.3291015625
38008,5346.61962890625
38009,9414.169921875
38010,13708.0107421875
38011,10249.4912109375
38012,6527.255859375
38013,5986.83642578125
38014,14550.1943359375
38015,9126.3134765625
38016,6845.5947265625
38017,6381.2041015625
38018,8141.2490234375
38019,11638.9384765625
38020,4564.26220703125
38021,6521.4599609375
38022,8874.431640625
38023,9063.263671875
38024,15714.4501953125
38025,7341.830078125
38026,13475.763671875
38027,7213.37841796875
38028,5605.57421875
38029,3598.442138671875
38030,7073.7216796875
38031,6952.0244140625
38032,6440.80859375
38033,7214.19189453125
38034,5618.02880859375
38035,5195.46484375
38036,7567.841796875
38037,4051.431396484375
38038,8605.2861328125
38039,7365.01416015625
38040,9079.509765625
38041,9670.056640625
38042,5994.70703125
38043,10104.1826171875
38044,6624.1181640625
38045,6445.3955078125
38046,5589.431640625
38047,5733.24755859375
38048,12001.810546875
38049,6978.45947265625
38050,6617.11865234375
38051,8166.2109375
38052,9454.30859375
38053,8448.84375
38054,7233.4462890625
38055,9261.439453125
38056,5599.83740234375
38057,6061.17138671875
38058,7214.15234375
38059,8925.591796875
38060,7233.67529296875
38061,7246.1474609375
38062,6043.11962890625
38063,6511.611328125
38064,4753.1123046875
38065,5155.35986328125
38066,8905.400390625
38067,10129.8544921875
38068,11611.9462890625
38069,12643.904296875
38070,8662.3388671875
38071,8410.3671875
38072,4790.58984375
38073,11046.4580078125
38074,11759.54296875
38075,7918.2978515625
38076,9738.201171875
38077,10180.4033203125
38078,6604.60107421875
38079,4102.115234375
38080,10626.7001953125
38081,8051.56494140625
38082,7562.64599609375
38083,6726.08984375
38084,3603.277099609375
38085,12970.4404296875
38086,6766.75
38087,5499.29638671875
38088,4984.54296875
38089,4970.853515625
38090,7572.77880859375
38091,10566.0146484375
38092,7656.623046875
38093,5799.42822265625
38094,5726.568359375
38095,4598.998046875
38096,3567.385498046875
38097,7590.57666015625
38098,18626.818359375
38099,5804.42431640625
38100,6145.91796875
38101,8045.11572265625
38102,5302.58642578125
38103,6005.0966796875
38104,5659.18798828125
38105,4656.49951171875
38106,8245.5419921875
38107,8031.4404296875
38108,4277.03173828125
38109,10015.6416015625
38110,7235.93896484375
38111,5360.5078125
38112,11705.4775390625
38113,8664.181640625
38114,11111.2177734375
38115,6574.60693359375
38116,7742.71337890625
38117,5511.34619140625
38118,5460.23681640625
38119,17572.826171875
38120,11330.5810546875
38121,6476.5146484375
38122,6238.38134765625
38123,4819.36181640625
38124,6106.171875
38125,4985.33447265625
38126,11202.923828125
38127,5603.03466796875
38128,6574.359375
38129,8167.53662109375
38130,4812.41943359375
38131,7489.56298828125
38132,9178.458984375
38133,8090.21484375
38134,8231.123046875
38135,4780.74658203125
38136,6279.40966796875
38137,6884.16064453125
38138,10850.0439453125
38139,9697.771484375
38140,7814.1142578125
38141,5366.62060546875
38142,8588.16015625
38143,6805.15771484375
38144,4149.52197265625
38145,8130.82470703125
38146,7327.16015625
38147,7049.759765625
38148,7159.99560546875
38149,7501.7578125
38150,7227.595703125
38151,6649.728515625
38152,7547.322265625
38153,6867.84326171875
38154,8116.89453125
38155,11055.9287109375
38156,6372.25048828125
38157,5065.416015625
38158,13429.16015625
38159,6648.04638671875
38160,4060.3876953125
38161,9352.0595703125
38162,9851.5625
38163,14044.216796875
38164,5254.6845703125
38165,6394.36474609375
38166,6842.77001953125
38167,7652.51220703125
38168,6541.724609375
38169,9919.76171875
38170,3668.9912109375
38171,7214.7587890625
38172,7681.44970703125
38173,6378.80224609375
38174,6559.22802734375
38175,7172.4892578125
38176,9731.9931640625
38177,6652.64208984375
38178,10629.3115234375
38179,8613.9130859375
38180,9282.9873046875
38181,4903.8173828125
38182,7857.41455078125
38183,8485.2392578125
38184,8801.525390625
38185,8882.796875
38186,4220.345703125
38187,9062.404296875
38188,8109.43115234375
38189,8323.76171875
38190,5622.45263671875
38191,4670.4892578125
38192,10048.7119140625
38193,7763.14599609375
38194,9643.71875
38195,6698.55029296875
38196,6295.341796875
38197,8493.107421875
38198,7987.57373046875
38199,8070.93310546875
38200,8578.7099609375
38201,6891.0361328125
38202,9677.044921875
38203,10540.5625
38204,9263.8564453125
38205,5452.3017578125
38206,6393.724609375
38207,4090.33251953125
38208,3914.27978515625
38209,8340.8955078125
38210,6197.8642578125
38211,10297.005859375
38212,4766.8388671875
38213,6428.81689453125
38214,6909.9501953125
38215,11168.103515625
38216,5116.8828125
38217,6163.10595703125
38218,6402.6884765625
38219,8499.359375
38220,5548.736328125
38221,7760.06689453125
38222,7765.27099609375
38223,8932.0126953125
38224,8163.2763671875
38225,7273.70458984375
38226,5560.20751953125
38227,5244.74951171875
38228,5593.828125
38229,12989.142578125
38230,9516.658203125
38231,10502.09375
38232,15402.033203125
38233,6649.224609375
38234,6608.7001953125
38235,7556.63134765625
38236,9192.9365234375
38237,11540.2646484375
38238,8540.1064453125
38239,8883.822265625
38240,8865.9248046875
38241,8163.1884765625
38242,7585.4931640625
38243,6451.96875
38244,6045.90673828125
38245,5545.38427734375
38246,4130.06005859375
38247,6117.7314453125
38248,9824.98046875
38249,18031.634765625
38250,7404.5751953125
38251,4904.7099609375
38252,8792.185546875
38253,4432.4677734375
38254,6186.484375
38255,4682.7265625
38256,10170.173828125
38257,6709.6904296875
38258,6743.927734375
38259,14957.419921875
38260,12175.6552734375
38261,6741.27197265625
38262,6992.67041015625
38263,3738.25439453125
38264,5526.28857421875
38265,5823.4296875
38266,8774.59375
38267,5475.77978515625
38268,4957.0458984375
38269,6894.60693359375
38270,6732.66552734375
38271,9039.380859375
38272,7994.501953125
38273,3702.86083984375
38274,7632.5439453125
38275,10073.22265625
38276,8073.986328125
38277,6154.6552734375
38278,5482.181640625
38279,9641.96484375
38280,5522.71826171875
38281,10377.5703125
38282,4583.71630859375
38283,6193.0595703125
38284,8221.5234375
38285,6850.4267578125
38286,5433.220703125
38287,6274.7216796875
38288,8257.9189453125
38289,10137.9921875
38290,11277.212890625
38291,5877.59716796875
38292,4315.59033203125
38293,5499.5830078125
38294,7345.0732421875
38295,5134.94775390625
38296,7140.759765625
38297,6674.88818359375
38298,12496.564453125
38299,9460.46875
38300,6376.888671875
38301,8152.5986328125
38302,5811.20166015625
38303,9794.4931640625
38304,6429.939453125
38305,16197.7294921875
38306,6885.2060546875
38307,5972.12744140625
38308,6186.10009765625
38309,3812.70654296875
38310,7571.89794921875
38311,21303.6015625
38312,4478.81103515625
38313,5236.98095703125
38314,11140.833984375
38315,7392.45751953125
38316,8542.166015625
38317,9295.4130859375
38318,6806.015625
38319,5739.4716796875
38320,5382.25439453125
38321,11218.44140625
38322,6913.16650390625
38323,8255.8427734375
38324,9205.6298828125
38325,5898.458984375
38326,8223.7275390625
38327,7256.23095703125
38328,4750.80908203125
38329,9920.2578125
38330,10718.458984375
38331,4655.83154296875
38332,8264.4208984375
38333,7450.822265625
38334,5917.59326171875
38335,10222.1845703125
38336,6683.9541015625
38337,8240.978515625
38338,4878.4267578125
38339,5920.86572265625
38340,7443.1181640625
38341,4472.484375
38342,8511.912109375
38343,4673.29931640625
38344,6919.61669921875
38345,5091.8681640625
38346,6739.81884765625
38347,6611.833984375
38348,7435.67626953125
38349,7372.87353515625
38350,8858.6689453125
38351,6683.67578125
38352,7902.6259765625
38353,6691.919921875
38354,10245.2255859375
38355,9986.142578125
38356,7488.4619140625
38357,3284.645263671875
38358,7021.51806640625
38359,8081.36328125
38360,4877.3154296875
38361,11990.8994140625
38362,6309.22216796875
38363,9792.5654296875
38364,9792.5654296875
38365,7600.7158203125
38366,5644.9775390625
38367,11762.6904296875
38368,10188.8876953125
38369,5961.58544921875
38370,11348.6875
38371,11773.5732421875
38372,6135.2939453125
38373,6339.07763671875
38374,7496.62353515625
38375,6118.09619140625
38376,5638.03466796875
38377,7377.88134765625
38378,5165.96240234375
38379,8622.0322265625
38380,8454.76171875
38381,7812.78125
38382,9124.771484375
38383,6252.1591796875
38384,8128.05419921875
38385,5871.119140625
38386,8741.6455078125
38387,7829.408203125
38388,5914.85009765625
38389,7175.32275390625
38390,8698.798828125
38391,10485.328125
38392,6317.52783203125
38393,6161.31689453125
38394,7207.3994140625
38395,7012.8017578125
38396,8868.32421875
38397,4407.93310546875
38398,5060.14892578125
38399,8666.958984375
38400,7687.15234375
38401,6475.4248046875
38402,9181.44140625
38403,6208.1474609375
38404,8404.5322265625
38405,5722.8466796875
38406,4208.33447265625
38407,8528.279296875
38408,7122.7734375
38409,8381.154296875
38410,10321.06640625
38411,9879.8017578125
38412,5174.5673828125
38413,9195.3681640625
38414,4307.86328125
38415,3722.427490234375
38416,8157.97216796875
38417,13351.853515625
38418,8274.7822265625
38419,8245.7119140625
38420,6136.1953125
38421,7157.21630859375
38422,9171.125
38423,8304.748046875
38424,9250.919921875
38425,5629.28759765625
38426,5312.85888671875
38427,6254.34814453125
38428,5796.32666015625
38429,5999.85888671875
38430,6164.11474609375
38431,6038.37451171875
38432,4702.81494140625
38433,7742.29736328125
38434,8547.5595703125
38435,6710.87890625
38436,6920.6630859375
38437,8165.72802734375
38438,6438.69677734375
38439,6203.47900390625
38440,9396.3662109375
38441,8298.2060546875
38442,5460.7939453125
38443,3635.025390625
38444,14975.9931640625
38445,6712.64501953125
38446,7138.60693359375
38447,9685.486328125
38448,9013.00390625
38449,8354.431640625
38450,6703.38427734375
38451,7887.4599609375
38452,11873.0634765625
38453,15795.3046875
38454,6085.7412109375
38455,5384.75390625
38456,5302.1455078125
38457,7006.1806640625
38458,5202.201171875
38459,8752.0634765625
38460,9953.5888671875
38461,7139.57177734375
38462,4355.83837890625
38463,7431.23681640625
38464,11179.3359375
38465,5529.0380859375
38466,8688.73046875
38467,4409.3662109375
38468,8054.11279296875
38469,9972.2392578125
38470,8070.4755859375
38471,10530.83984375
38472,6698.95703125
38473,4621.1650390625
38474,6257.61767578125
38475,8832.810546875
38476,9816.25
38477,7472.86181640625
38478,7975.8671875
38479,7548.03759765625
38480,4570.47216796875
38481,10970.5673828125
38482,5105.39306640625
38483,10291.8154296875
38484,6228.29638671875
38485,5321.98681640625
38486,8755.142578125
38487,6924.97314453125
38488,7736.06982421875
38489,9981.7919921875
38490,4161.54833984375
38491,4844.87158203125
38492,9829.515625
38493,10886.1044921875
38494,10186.6796875
38495,5873.3447265625
38496,7285.84130859375
38497,7846.67626953125
38498,6734.4580078125
38499,5654.349609375
38500,11307.267578125
38501,9299.65625
38502,12269.9599609375
38503,4933.9501953125
38504,6571.20703125
38505,10429.869140625
38506,9544.61328125
38507,6333.8701171875
38508,11356.3369140625
38509,7204.310546875
38510,7009.37158203125
38511,6655.70263671875
38512,6122.48095703125
38513,5691.00146484375
38514,8030.19384765625
38515,6140.9609375
38516,5691.00927734375
38517,9662.5888671875
38518,6614.52392578125
38519,25034.892578125
38520,7543.99072265625
38521,5288.07861328125
38522,10463.1796875
38523,15168.6376953125
38524,8981.1533203125
38525,10943.7021484375
38526,7118.68701171875
38527,10327.03125
38528,10977.6767578125
38529,7248.474609375
38530,7199.1181640625
38531,9706.7421875
38532,10833.455078125
38533,9726.3017578125
38534,10870.6982421875
38535,8845.455078125
38536,7034.986328125
38537,8584.0673828125
38538,14562.09375
38539,13936.1513671875
38540,12897.978515625
38541,12483.23828125
38542,6174.69384765625
38543,7826.10888671875
38544,5433.99365234375
38545,10541.16015625
38546,15107.623046875
38547,12451.6484375
38548,9434.169921875
38549,9065.5302734375
38550,4762.93408203125
38551,7991.0625
38552,14425.0
38553,9355.7470703125
38554,7354.37353515625
38555,8989.765625
38556,10261.2197265625
38557,4121.744140625
38558,10316.751953125
38559,6498.7783203125
38560,9614.63671875
38561,9499.353515625
38562,7515.51708984375
38563,9987.6494140625
38564,9860.939453125
38565,6704.26513671875
38566,8483.4990234375
38567,10104.6162109375
38568,15639.4541015625
38569,8311.53515625
38570,12094.150390625
38571,10986.107421875
38572,14097.7705078125
38573,10420.6279296875
38574,13643.435546875
38575,7470.40869140625
38576,6670.783203125
38577,8818.4208984375
38578,8352.314453125
38579,13240.537109375
38580,11310.53515625
38581,8070.91455078125
38582,10923.248046875
38583,8248.98828125
38584,13530.9931640625
38585,4715.07861328125
38586,18229.533203125
38587,6298.0205078125
38588,7826.0634765625
38589,11234.291015625
38590,7834.04638671875
38591,10241.8310546875
38592,7538.32080078125
38593,11440.6611328125
38594,7840.4765625
38595,7974.62255859375
38596,10269.4931640625
38597,10398.0234375
38598,10401.966796875
38599,7421.431640625
38600,9265.9814453125
38601,16646.25
38602,8626.2783203125
38603,7771.572265625
38604,9362.181640625
38605,7076.45263671875
38606,7621.18017578125
38607,10169.2451171875
38608,5174.09716796875
38609,13036.80859375
38610,8771.0712890625
38611,9983.8544921875
38612,14217.2177734375
38613,4804.89501953125
38614,8050.798828125
38615,6761.10986328125
38616,12321.3720703125
38617,11590.8857421875
38618,5840.435546875
38619,5725.45849609375
38620,9279.1640625
38621,7893.34326171875
38622,8213.8818359375
38623,9674.7861328125
38624,8960.3662109375
38625,10123.439453125
38626,8297.7080078125
38627,5134.77392578125
38628,10358.2021484375
38629,10330.0283203125
38630,10394.447265625
38631,12088.5908203125
38632,12106.974609375
38633,7777.99462890625
38634,12884.3642578125
38635,7399.72412109375
38636,9915.80078125
38637,13028.5888671875
38638,9054.26171875
38639,14008.8486328125
38640,9980.453125
38641,11934.435546875
38642,8256.00390625
38643,8256.3349609375
38644,11863.9228515625
38645,9698.828125
38646,4419.3818359375
38647,7566.19677734375
38648,11691.392578125
38649,8261.181640625
38650,6306.951171875
38651,12340.7529296875
38652,8364.8916015625
38653,7089.57958984375
38654,7270.70751953125
38655,7647.4912109375
38656,11609.0986328125
38657,9717.7236328125
38658,9273.849609375
38659,8456.6513671875
38660,8759.3701171875
38661,9445.947265625
38662,5826.4912109375
38663,9021.1005859375
38664,9109.474609375
38665,10506.53125
38666,9567.951171875
38667,8348.259765625
38668,15134.4287109375
38669,7894.01806640625
38670,6893.83154296875
38671,13354.7568359375
38672,8600.109375
38673,12096.4990234375
38674,9189.6162109375
38675,7477.74365234375
38676,8302.78125
38677,7806.28955078125
38678,11299.076171875
38679,17489.685546875
38680,10138.322265625
38681,5006.646484375
38682,6890.4189453125
38683,10062.3173828125
38684,11855.9248046875
38685,8532.54296875
38686,9568.7919921875
38687,5875.4853515625
38688,6721.94873046875
38689,3752.648193359375
38690,6595.3447265625
38691,8440.7548828125
38692,11147.935546875
38693,8565.8154296875
38694,7818.8603515625
38695,11664.7119140625
38696,14040.458984375
38697,10120.474609375
38698,7030.59716796875
38699,11797.6953125
38700,17224.19921875
38701,8489.0888671875
38702,9947.9619140625
38703,7429.623046875
38704,9412.255859375
38705,7005.4443359375
38706,10988.580078125
38707,9257.51171875
38708,11501.7431640625
38709,8762.9306640625
38710,13076.8671875
38711,12197.2744140625
38712,7723.23583984375
38713,13219.5654296875
38714,24207.373046875
38715,16312.658203125
38716,10838.232421875
38717,4694.6279296875
38718,9428.36328125
38719,12172.25
38720,7368.69677734375
38721,13339.8115234375
38722,22152.1875
38723,5492.3857421875
38724,8374.994140625
38725,11249.228515625
38726,6832.22314453125
38727,13067.634765625
38728,9933.4931640625
38729,11971.4580078125
38730,6374.9384765625
38731,9732.9560546875
38732,8594.4208984375
38733,11049.6142578125
38734,14530.9638671875
38735,8661.2041015625
38736,7503.43603515625
38737,9614.0556640625
38738,7937.89453125
38739,6109.60595703125
38740,10444.4443359375
38741,8699.4013671875
38742,7995.95263671875
38743,10060.1328125
38744,7660.8408203125
38745,8811.8310546875
38746,10620.970703125
38747,10034.2119140625
38748,11404.7080078125
38749,14322.1591796875
38750,10617.998046875
38751,7051.90673828125
38752,5011.61669921875
38753,8538.4736328125
38754,9103.107421875
38755,8298.4287109375
38756,6486.4736328125
38757,12370.33203125
38758,10217.107421875
38759,14611.134765625
38760,8436.0234375
38761,8428.7158203125
38762,7028.75927734375
38763,6394.39013671875
38764,15439.6630859375
38765,6750.16552734375
38766,9724.13671875
38767,19978.541015625
38768,10333.744140625
38769,8441.953125
38770,7610.392578125
38771,5420.2705078125
38772,9546.39453125
38773,5481.84375
38774,8328.7587890625
38775,12644.6376953125
38776,7191.23681640625
38777,21252.47265625
38778,18225.1015625
38779,7864.86279296875
38780,9260.515625
38781,8303.2080078125
38782,10233.0087890625
38783,7350.77734375
38784,13976.7802734375
38785,10461.453125
38786,13713.421875
38787,7708.666015625
38788,10265.8427734375
38789,7642.92626953125
38790,10938.4443359375
38791,10599.826171875
38792,9019.2470703125
38793,9210.83984375
38794,7046.9111328125
38795,11608.232421875
38796,12785.6865234375
38797,8449.7587890625
38798,15221.513671875
38799,8628.052734375
38800,12834.533203125
38801,6843.46923828125
38802,7867.50390625
38803,8177.81396484375
38804,16065.1875
38805,9040.72265625
38806,11496.4970703125
38807,11676.8251953125
38808,12164.826171875
38809,6666.40283203125
38810,10509.3115234375
38811,9250.7958984375
38812,5429.34912109375
38813,17447.482421875
38814,21687.76953125
38815,11093.2626953125
38816,10232.033203125
38817,14156.7001953125
38818,14547.8662109375
38819,14822.3818359375
38820,8467.255859375
38821,11220.6669921875
38822,8237.6982421875
38823,11741.6962890625
38824,4372.4013671875
38825,8961.3271484375
38826,7932.34765625
38827,7962.54150390625
38828,9934.71875
38829,8069.060546875
38830,7648.5224609375
38831,9662.1953125
38832,5859.84326171875
38833,6651.8408203125
38834,8468.6083984375
38835,9698.5830078125
38836,14799.3994140625
38837,11793.8642578125
38838,9678.908203125
38839,9256.15234375
38840,8563.1328125
38841,15107.6240234375
38842,9580.05859375
38843,7934.3662109375
38844,6768.5146484375
38845,14123.1259765625
38846,5333.51513671875
38847,9982.6435546875
38848,4379.49951171875
38849,6500.60791015625
38850,11039.2666015625
38851,8708.3779296875
38852,7953.69140625
38853,13047.234375
38854,12890.09375
38855,13910.6953125
38856,8610.421875
38857,12230.6513671875
38858,3550.723388671875
38859,7390.25439453125
38860,8100.76123046875
38861,6817.8505859375
38862,9483.28125
38863,7178.068359375
38864,6956.74755859375
38865,11698.7158203125
38866,15626.615234375
38867,11514.0380859375
38868,7232.33837890625
38869,7504.99365234375
38870,17398.1875
38871,10698.3388671875
38872,8054.4814453125
38873,7954.22119140625
38874,9784.9658203125
38875,13506.21875
38876,5863.10546875
38877,8497.6044921875
38878,12229.814453125
38879,11383.00390625
38880,18461.224609375
38881,8535.541015625
38882,15473.552734375
38883,9431.1640625
38884,6732.33935546875
38885,3878.060302734375
38886,7804.82373046875
38887,8627.2880859375
38888,8743.3232421875
38889,10195.58984375
38890,6888.44921875
38891,6274.439453125
38892,9260.6494140625
38893,5033.6533203125
38894,9425.3623046875
38895,10013.1162109375
38896,10571.7724609375
38897,13040.7001953125
38898,7997.59521484375
38899,11336.1025390625
38900,7385.03076171875
38901,7929.41357421875
38902,7810.46875
38903,6879.96630859375
38904,14145.263671875
38905,9421.3505859375
38906,7366.95703125
38907,10941.544921875
38908,12770.734375
38909,11642.1533203125
38910,8802.3037109375
38911,11852.2041015625
38912,6442.1162109375
38913,7878.71533203125
38914,9130.7705078125
38915,11797.8095703125
38916,8935.4970703125
38917,9676.40625
38918,8151.1328125
38919,8380.8125
38920,6397.34521484375
38921,7049.24267578125
38922,11425.01953125
38923,12844.978515625
38924,13881.3779296875
38925,16846.828125
38926,11644.7431640625
38927,10471.8603515625
38928,6448.251953125
38929,13097.4052734375
38930,15935.0712890625
38931,11398.9306640625
38932,11340.615234375
38933,11803.6318359375
38934,8045.53076171875
38935,4943.943359375
38936,11728.869140625
38937,10609.4716796875
38938,11175.3779296875
38939,7724.6611328125
38940,4049.445556640625
38941,16349.1357421875
38942,9128.5087890625
38943,7487.1455078125
38944,5834.12890625
38945,6321.23046875
38946,8845.09765625
38947,12856.40625
38948,9492.9482421875
38949,6737.00732421875
38950,6917.119140625
38951,5821.44677734375
38952,3173.69677734375
38953,10013.9765625
38954,20493.1328125
38955,6043.2001953125
38956,7916.82470703125
38957,10430.2373046875
38958,6370.0693359375
38959,8051.02001953125
38960,7449.98486328125
38961,5622.2041015625
38962,10250.2890625
38963,10542.63671875
38964,5188.03466796875
38965,12990.5126953125
38966,9572.8154296875
38967,6764.7685546875
38968,15815.2939453125
38969,11719.162109375
38970,12451.8017578125
38971,8047.0791015625
38972,9655.4541015625
38973,6593.88623046875
38974,6984.53271484375
38975,19654.765625
38976,15041.26953125
38977,9332.58984375
38978,8597.5458984375
38979,6787.70166015625
38980,7511.14453125
38981,5299.6435546875
38982,13912.076171875
38983,6360.52001953125
38984,7516.29736328125
38985,10973.0595703125
38986,6192.662109375
38987,8232.2763671875
38988,9612.146484375
38989,10991.318359375
38990,11079.087890625
38991,6586.12451171875
38992,6872.3173828125
38993,9025.572265625
38994,12516.1201171875
38995,11295.0
38996,10757.2373046875
38997,5728.78955078125
38998,10785.77734375
38999,7584.81689453125
39000,6828.5205078125
39001,9275.7431640625
39002,9962.19140625
39003,8391.4052734375
39004,9125.1376953125
39005,9316.509765625
39006,9799.0205078125
39007,8280.8837890625
39008,8655.6572265625
39009,9145.470703125
39010,10813.44140625
39011,12855.9462890625
39012,8139.28125
39013,6620.9140625
39014,17554.486328125
39015,8834.3525390625
39016,4374.29052734375
39017,10190.6279296875
39018,11671.6201171875
39019,15468.083984375
39020,6318.4609375
39021,8727.650390625
39022,7730.23583984375
39023,8771.96875
39024,8056.25048828125
39025,13940.015625
39026,3773.134765625
39027,9409.94921875
39028,9110.69921875
39029,7245.48681640625
39030,7782.4609375
39031,9185.478515625
39032,12076.1416015625
39033,7474.63427734375
39034,12572.3203125
39035,10780.2685546875
39036,12686.3134765625
39037,6908.10546875
39038,9088.0927734375
39039,8819.6171875
39040,11312.54296875
39041,11027.056640625
39042,5218.751953125
39043,9771.0498046875
39044,10260.26171875
39045,10698.1337890625
39046,6425.53759765625
39047,5757.95263671875
39048,13246.322265625
39049,9002.919921875
39050,11670.3603515625
39051,9836.197265625
39052,6854.2783203125
39053,10761.8466796875
39054,9939.8779296875
39055,11680.79296875
39056,10227.6474609375
39057,9267.4541015625
39058,12050.0126953125
39059,14192.6015625
39060,10112.7421875
39061,7238.35986328125
39062,8266.111328125
39063,5244.30615234375
39064,4200.1142578125
39065,10953.89453125
39066,7738.27734375
39067,12431.7294921875
39068,6482.69189453125
39069,8957.0908203125
39070,8433.3232421875
39071,12123.93359375
39072,7241.83154296875
39073,7548.169921875
39074,8801.978515625
39075,9747.5029296875
39076,6929.8408203125
39077,9774.8447265625
39078,9292.99609375
39079,10727.2841796875
39080,10390.5537109375
39081,9253.2822265625
39082,7646.58984375
39083,5782.1533203125
39084,7723.95166015625
39085,16222.73046875
39086,11338.26953125
39087,13632.3828125
39088,17574.759765625
39089,8569.8525390625
39090,7790.13525390625
39091,10268.4462890625
39092,11689.3095703125
39093,15719.5478515625
39094,9830.4189453125
39095,11524.4931640625
39096,12007.421875
39097,9154.2509765625
39098,10689.9296875
39099,8055.6826171875
39100,7575.83154296875
39101,7203.666015625
39102,5887.8408203125
39103,8308.814453125
39104,12560.2119140625
39105,21522.205078125
39106,9111.525390625
39107,6899.2275390625
39108,10752.818359375
39109,6030.34716796875
39110,9004.16796875
39111,5867.03857421875
39112,12906.07421875
39113,9341.4140625
39114,9765.560546875
39115,19800.59765625
39116,13864.0712890625
39117,8676.087890625
39118,9478.30078125
39119,4469.51513671875
39120,5928.09375
39121,7424.8505859375
39122,10851.6484375
39123,7430.07958984375
39124,6644.65576171875
39125,7877.94677734375
39126,8285.115234375
39127,9786.9404296875
39128,10996.8662109375
39129,4432.33740234375
39130,10585.1142578125
39131,12746.8056640625
39132,11873.80078125
39133,8313.0341796875
39134,6834.9580078125
39135,11943.0458984375
39136,5916.80224609375
39137,13056.5859375
39138,6426.443359375
39139,9382.8369140625
39140,9415.4140625
39141,8495.345703125
39142,6393.73486328125
39143,8788.9130859375
39144,10394.85546875
39145,12035.8056640625
39146,14453.228515625
39147,8254.8349609375
39148,5009.853515625
39149,7104.8271484375
39150,8128.78857421875
39151,6247.2607421875
39152,9114.9208984375
39153,8007.8447265625
39154,15603.66796875
39155,11674.890625
39156,8558.8994140625
39157,10138.701171875
39158,6551.30517578125
39159,12836.58203125
39160,7284.1884765625
39161,16206.7021484375
39162,8488.0595703125
39163,7381.056640625
39164,8111.02099609375
39165,6213.64208984375
39166,8705.25390625
39167,25070.958984375
39168,6385.84814453125
39169,6573.51220703125
39170,13778.765625
39171,8834.3896484375
39172,10116.7783203125
39173,11440.2958984375
39174,8744.8388671875
39175,7636.72900390625
39176,5546.798828125
39177,13936.1943359375
39178,7695.921875
39179,9463.7529296875
39180,10252.7646484375
39181,6813.99658203125
39182,10243.5849609375
39183,8041.97509765625
39184,6018.04443359375
39185,11900.296875
39186,12698.357421875
39187,4773.79296875
39188,10333.6259765625
39189,9203.162109375
39190,7352.9990234375
39191,12559.5751953125
39192,9379.9453125
39193,11209.580078125
39194,6074.80126953125
39195,7589.11669921875
39196,9179.8115234375
39197,6060.06982421875
39198,10061.9736328125
39199,5782.712890625
39200,7538.923828125
39201,5979.62255859375
39202,9108.806640625
39203,6839.18798828125
39204,9325.3759765625
39205,10639.51171875
39206,11287.8037109375
39207,9964.3154296875
39208,10081.8681640625
39209,7669.71142578125
39210,13008.380859375
39211,12535.7119140625
39212,9203.9423828125
39213,4316.50244140625
39214,8016.48779296875
39215,10061.185546875
39216,5829.61572265625
39217,15150.4833984375
39218,8302.0556640625
39219,11121.0634765625
39220,11121.0634765625
39221,6734.5439453125
39222,6613.10205078125
39223,12963.712890625
39224,13995.162109375
39225,6691.19287109375
39226,11931.37109375
39227,12091.3125
39228,8495.884765625
39229,6919.45361328125
39230,9468.263671875
39231,7527.9404296875
39232,7041.76806640625
39233,9414.85546875
39234,6757.00146484375
39235,9192.373046875
39236,11015.7109375
39237,9741.5263671875
39238,12234.025390625
39239,7817.40478515625
39240,10012.734375
39241,6945.0458984375
39242,10184.6796875
39243,9693.97265625
39244,8538.462890625
39245,8456.015625
39246,10474.51953125
39247,13305.5087890625
39248,8061.548828125
39249,7420.603515625
39250,8909.1484375
39251,9461.013671875
39252,10073.3046875
39253,5980.1748046875
39254,6288.837890625
39255,9377.048828125
39256,8482.9462890625
39257,8922.244140625
39258,11913.2939453125
39259,7677.66455078125
39260,10007.8330078125
39261,7887.21484375
39262,4997.50244140625
39263,10952.021484375
39264,9454.158203125
39265,10114.91796875
39266,12838.345703125
39267,12430.4921875
39268,5586.52294921875
39269,11489.8173828125
39270,5379.615234375
39271,3916.27294921875
39272,11265.8505859375
39273,15372.3056640625
39274,10184.4130859375
39275,10643.5712890625
39276,7496.5380859375
39277,9626.3974609375
39278,13392.6201171875
39279,9353.7939453125
39280,10600.7568359375
39281,6405.77978515625
39282,5532.51220703125
39283,6950.587890625
39284,7102.30322265625
39285,6960.91259765625
39286,8017.39892578125
39287,7747.38134765625
39288,5591.05615234375
39289,9102.041015625
39290,10416.275390625
39291,8060.197265625
39292,7898.69482421875
39293,10100.7421875
39294,8172.6337890625
39295,6503.88525390625
39296,12159.8203125
39297,10080.634765625
39298,6832.8876953125
39299,5095.21923828125
39300,18616.9765625
39301,9186.1240234375
39302,8616.0126953125
39303,13481.021484375
39304,10734.2431640625
39305,11871.0048828125
39306,8215.6689453125
39307,8773.81640625
39308,13053.93359375
39309,20026.291015625
39310,7626.97314453125
39311,7480.95556640625
39312,6980.31201171875
39313,9062.001953125
39314,8504.1337890625
39315,10749.7578125
39316,12227.328125
39317,8029.79345703125
39318,5521.7939453125
39319,8817.98046875
39320,13924.7607421875
39321,6539.552734375
39322,10427.67578125
39323,4509.41943359375
39324,10613.380859375
39325,11161.7548828125
39326,10221.9990234375
39327,12360.3837890625
39328,9453.5751953125
39329,6851.982421875
39330,8007.9609375
39331,9133.2333984375
39332,11228.603515625
39333,9870.4912109375
39334,11399.44921875
39335,8940.8896484375
39336,6491.70556640625
39337,11966.3173828125
39338,5397.97021484375
39339,12096.580078125
39340,8500.248046875
39341,7539.4091796875
39342,10980.3095703125
39343,8722.41796875
39344,9323.515625
39345,12041.2392578125
39346,6251.9482421875
39347,6278.5048828125
39348,12246.73046875
39349,12996.001953125
39350,11752.5087890625
39351,7700.357421875
39352,7489.173828125
39353,10305.0185546875
39354,8351.1845703125
39355,6974.4677734375
39356,13731.794921875
39357,12934.4619140625
39358,14009.1630859375
39359,6061.34326171875
39360,8259.2822265625
39361,11550.412109375
39362,13648.873046875
39363,8118.171875
39364,15507.3662109375
39365,8617.0498046875
39366,8388.0009765625
39367,8246.5185546875
39368,8994.2099609375
39369,7203.3251953125
39370,9593.3642578125
39371,8041.41845703125
39372,7090.224609375
39373,13966.234375
39374,9618.6552734375
39375,28436.9921875
39376,9973.33203125
39377,0.0
39378,0.0
39379,0.0
39380,0.0
39381,0.0
39382,0.0
39383,0.0
39384,0.0
39385,0.0
39386,0.0
39387,0.0
39388,0.0
39389,0.0
39390,0.0
39391,0.0
39392,0.0
39393,0.0
39394,0.0
39395,0.0
39396,0.0
39397,0.0
39398,0.0
39399,0.0
39400,0.0
39401,0.0
39402,0.0
39403,0.0
39404,0.0
39405,0.0
39406,0.0
39407,0.0
39408,0.0
39409,0.0
39410,0.0
39411,0.0
39412,0.0
39413,0.0
39414,0.0
39415,0.0
39416,0.0
39417,0.0
39418,0.0
39419,0.0
39420,0.0
39421,0.0
39422,0.0
39423,0.0
39424,0.0
39425,0.0
39426,0.0
39427,0.0
39428,0.0
39429,0.0
39430,0.0
39431,0.0
39432,0.0
39433,0.0
39434,0.0
39435,0.0
39436,0.0
39437,0.0
39438,0.0
39439,0.0
39440,0.0
39441,0.0
39442,0.0
39443,0.0
39444,0.0
39445,0.0
39446,0.0
39447,0.0
39448,0.0
39449,0.0
39450,0.0
39451,0.0
39452,0.0
39453,0.0
39454,0.0
39455,0.0
39456,0.0
39457,0.0
39458,0.0
39459,0.0
39460,0.0
39461,0.0
39462,0.0
39463,0.0
39464,0.0
39465,0.0
39466,0.0
39467,0.0
39468,6774.095703125
39469,0.0
39470,0.0
39471,0.0
39472,0.0
39473,0.0
39474,0.0
39475,0.0
39476,0.0
39477,0.0
39478,0.0
39479,0.0
39480,0.0
39481,0.0
39482,0.0
39483,0.0
39484,0.0
39485,0.0
39486,0.0
39487,0.0
39488,0.0
39489,0.0
39490,0.0
39491,0.0
39492,0.0
39493,0.0
39494,0.0
39495,0.0
39496,0.0
39497,0.0
39498,0.0
39499,0.0
39500,0.0
39501,0.0
39502,0.0
39503,0.0
39504,0.0
39505,0.0
39506,0.0
39507,0.0
39508,0.0
39509,0.0
39510,0.0
39511,0.0
39512,0.0
39513,0.0
39514,0.0
39515,0.0
39516,0.0
39517,0.0
39518,0.0
39519,0.0
39520,0.0
39521,0.0
39522,0.0
39523,0.0
39524,0.0
39525,0.0
39526,0.0
39527,0.0
39528,0.0
39529,0.0
39530,0.0
39531,0.0
39532,0.0
39533,0.0
39534,0.0
39535,0.0
39536,3909.50341796875
39537,0.0
39538,0.0
39539,0.0
39540,0.0
39541,0.0
39542,0.0
39543,0.0
39544,0.0
39545,0.0
39546,0.0
39547,0.0
39548,0.0
39549,0.0
39550,0.0
39551,0.0
39552,0.0
39553,0.0
39554,0.0
39555,0.0
39556,0.0
39557,0.0
39558,0.0
39559,0.0
39560,0.0
39561,0.0
39562,0.0
39563,0.0
39564,0.0
39565,0.0
39566,0.0
39567,0.0
39568,0.0
39569,0.0
39570,0.0
39571,0.0
39572,0.0
39573,0.0
39574,0.0
39575,0.0
39576,0.0
39577,16615.166015625
39578,33788.1796875
39579,0.0
39580,0.0
39581,0.0
39582,0.0
39583,0.0
39584,0.0
39585,0.0
39586,8291.3232421875
39587,0.0
39588,0.0
39589,0.0
39590,0.0
39591,0.0
39592,0.0
39593,0.0
39594,0.0
39595,0.0
39596,0.0
39597,0.0
39598,0.0
39599,0.0
39600,0.0
39601,0.0
39602,0.0
39603,0.0
39604,0.0
39605,6665.40283203125
39606,0.0
39607,0.0
39608,0.0
39609,0.0
39610,0.0
39611,0.0
39612,0.0
39613,0.0
39614,0.0
39615,3617.232421875
39616,0.0
39617,0.0
39618,0.0
39619,0.0
39620,0.0
39621,0.0
39622,0.0
39623,0.0
39624,0.0
39625,0.0
39626,0.0
39627,0.0
39628,0.0
39629,0.0
39630,0.0
39631,0.0
39632,0.0
39633,10480.6044921875
39634,0.0
39635,0.0
39636,0.0
39637,0.0
39638,0.0
39639,0.0
39640,0.0
39641,0.0
39642,0.0
39643,0.0
39644,0.0
39645,0.0
39646,0.0
39647,0.0
39648,0.0
39649,0.0
39650,10431.4072265625
39651,0.0
39652,0.0
39653,0.0
39654,0.0
39655,0.0
39656,0.0
39657,0.0
39658,0.0
39659,0.0
39660,0.0
39661,0.0
39662,0.0
39663,0.0
39664,0.0
39665,0.0
39666,0.0
39667,0.0
39668,0.0
39669,0.0
39670,0.0
39671,0.0
39672,0.0
39673,0.0
39674,0.0
39675,0.0
39676,0.0
39677,0.0
39678,0.0
39679,0.0
39680,0.0
39681,0.0
39682,0.0
39683,0.0
39684,0.0
39685,0.0
39686,0.0
39687,0.0
39688,0.0
39689,0.0
39690,0.0
39691,0.0
39692,0.0
39693,0.0
39694,0.0
39695,0.0
39696,0.0
39697,0.0
39698,0.0
39699,0.0
39700,0.0
39701,0.0
39702,0.0
39703,0.0
39704,0.0
39705,0.0
39706,0.0
39707,0.0
39708,0.0
39709,0.0
39710,0.0
39711,0.0
39712,2816.6953125
39713,0.0
39714,0.0
39715,0.0
39716,0.0
39717,0.0
39718,0.0
39719,0.0
39720,0.0
39721,0.0
39722,0.0
39723,0.0
39724,0.0
39725,0.0
39726,8907.4384765625
39727,0.0
39728,0.0
39729,0.0
39730,0.0
39731,0.0
39732,0.0
39733,0.0
39734,0.0
39735,0.0
39736,0.0
39737,0.0
39738,0.0
39739,0.0
39740,0.0
39741,0.0
39742,0.0
39743,0.0
39744,0.0
39745,0.0
39746,0.0
39747,0.0
39748,0.0
39749,0.0
39750,0.0
39751,0.0
39752,0.0
39753,0.0
39754,0.0
39755,0.0
39756,0.0
39757,0.0
39758,0.0
39759,0.0
39760,0.0
39761,0.0
39762,0.0
39763,0.0
39764,0.0
39765,0.0
39766,0.0
39767,0.0
39768,0.0
39769,10045.2998046875
39770,0.0
39771,0.0
39772,0.0
39773,0.0
39774,0.0
39775,0.0
39776,0.0
39777,0.0
39778,0.0
39779,3142.3017578125
39780,0.0
39781,0.0
39782,0.0
39783,7698.2255859375
39784,0.0
39785,0.0
39786,0.0
39787,0.0
39788,0.0
39789,0.0
39790,0.0
39791,0.0
39792,0.0
39793,0.0
39794,0.0
39795,0.0
39796,0.0
39797,0.0
39798,0.0
39799,0.0
39800,0.0
39801,0.0
39802,0.0
39803,0.0
39804,0.0
39805,0.0
39806,0.0
39807,0.0
39808,0.0
39809,0.0
39810,22620.85546875
39811,0.0
39812,0.0
39813,0.0
39814,0.0
39815,0.0
39816,0.0
39817,0.0
39818,0.0
39819,0.0
39820,0.0
39821,0.0
39822,0.0
39823,0.0
39824,7863.9697265625
39825,0.0
39826,0.0
39827,0.0
39828,0.0
39829,0.0
39830,0.0
39831,0.0
39832,0.0
39833,0.0
39834,0.0
39835,0.0
39836,0.0
39837,0.0
39838,0.0
39839,0.0
39840,0.0
39841,0.0
39842,0.0
39843,0.0
39844,0.0
39845,0.0
39846,0.0
39847,0.0
39848,0.0
39849,0.0
39850,0.0
39851,0.0
39852,0.0
39853,0.0
39854,0.0
39855,0.0
39856,0.0
39857,0.0
39858,0.0
39859,0.0
39860,0.0
39861,0.0
39862,0.0
39863,0.0
39864,0.0
39865,0.0
39866,0.0
39867,0.0
39868,0.0
39869,0.0
39870,0.0
39871,0.0
39872,0.0
39873,0.0
39874,0.0
39875,0.0
39876,0.0
39877,0.0
39878,0.0
39879,0.0
39880,0.0
39881,0.0
39882,0.0
39883,0.0
39884,0.0
39885,0.0
39886,0.0
39887,0.0
39888,0.0
39889,0.0
39890,0.0
39891,0.0
39892,0.0
39893,0.0
39894,0.0
39895,0.0
39896,0.0
39897,0.0
39898,0.0
39899,14281.8876953125
39900,0.0
39901,0.0
39902,0.0
39903,0.0
39904,0.0
39905,0.0
39906,0.0
39907,0.0
39908,0.0
39909,0.0
39910,0.0
39911,0.0
39912,0.0
39913,0.0
39914,0.0
39915,0.0
39916,0.0
39917,0.0
39918,0.0
39919,0.0
39920,0.0
39921,0.0
39922,0.0
39923,0.0
39924,0.0
39925,0.0
39926,0.0
39927,0.0
39928,0.0
39929,0.0
39930,0.0
39931,0.0
39932,0.0
39933,0.0
39934,0.0
39935,0.0
39936,0.0
39937,0.0
39938,0.0
39939,0.0
39940,0.0
39941,0.0
39942,0.0
39943,6501.3095703125
39944,16972.767578125
39945,0.0
39946,0.0
39947,0.0
39948,0.0
39949,0.0
39950,0.0
39951,0.0
39952,0.0
39953,0.0
39954,0.0
39955,0.0
39956,0.0
39957,0.0
39958,0.0
39959,0.0
39960,0.0
39961,0.0
39962,0.0
39963,0.0
39964,0.0
39965,0.0
39966,0.0
39967,0.0
39968,0.0
39969,0.0
39970,0.0
39971,0.0
39972,12835.921875
39973,0.0
39974,0.0
39975,0.0
39976,0.0
39977,0.0
39978,0.0
39979,0.0
39980,0.0
39981,0.0
39982,0.0
39983,0.0
39984,0.0
39985,0.0
39986,0.0
39987,0.0
39988,0.0
39989,0.0
39990,0.0
39991,0.0
39992,0.0
39993,0.0
39994,0.0
39995,0.0
39996,0.0
39997,0.0
39998,0.0
39999,0.0
40000,0.0
40001,0.0
40002,0.0
40003,0.0
40004,0.0
40005,0.0
40006,0.0
40007,0.0
40008,0.0
40009,0.0
40010,0.0
40011,0.0
40012,0.0
40013,0.0
40014,0.0
40015,0.0
40016,0.0
40017,0.0
40018,0.0
40019,0.0
40020,0.0
40021,0.0
40022,0.0
40023,0.0
40024,0.0
40025,0.0
40026,0.0
40027,0.0
40028,0.0
40029,0.0
40030,0.0
40031,0.0
40032,0.0
40033,0.0
40034,0.0
40035,0.0
40036,0.0
40037,0.0
40038,0.0
40039,0.0
40040,0.0
40041,0.0
40042,3773.569091796875
40043,0.0
40044,0.0
40045,0.0
40046,2690.1142578125
40047,0.0
40048,0.0
40049,0.0
40050,0.0
40051,0.0
40052,0.0
40053,0.0
40054,0.0
40055,0.0
40056,0.0
40057,0.0
40058,0.0
40059,0.0
40060,0.0
40061,0.0
40062,0.0
40063,0.0
40064,0.0
40065,0.0
40066,0.0
40067,0.0
40068,0.0
40069,0.0
40070,0.0
40071,0.0
40072,0.0
40073,0.0
40074,0.0
40075,0.0
40076,0.0
40077,0.0
40078,0.0
40079,0.0
40080,0.0
40081,0.0
40082,0.0
40083,0.0
40084,0.0
40085,0.0
40086,0.0
40087,0.0
40088,0.0
40089,0.0
40090,0.0
40091,0.0
40092,0.0
40093,0.0
40094,0.0
40095,0.0
40096,0.0
40097,3542.75439453125
40098,0.0
40099,0.0
40100,0.0
40101,0.0
40102,0.0
40103,0.0
40104,0.0
40105,0.0
40106,0.0
40107,0.0
40108,0.0
40109,0.0
40110,0.0
40111,0.0
40112,12131.3994140625
40113,0.0
40114,0.0
40115,0.0
40116,0.0
40117,0.0
40118,0.0
40119,0.0
40120,0.0
40121,0.0
40122,0.0
40123,0.0
40124,0.0
40125,0.0
40126,0.0
40127,0.0
40128,0.0
40129,0.0
40130,0.0
40131,0.0
40132,0.0
40133,0.0
40134,0.0
40135,0.0
40136,0.0
40137,0.0
40138,0.0
40139,0.0
40140,0.0
40141,0.0
40142,0.0
40143,0.0
40144,0.0
40145,0.0
40146,0.0
40147,0.0
40148,0.0
40149,0.0
40150,0.0
40151,0.0
40152,0.0
40153,0.0
40154,0.0
40155,0.0
40156,0.0
40157,0.0
40158,0.0
40159,0.0
40160,0.0
40161,0.0
40162,0.0
40163,0.0
40164,0.0
40165,0.0
40166,0.0
40167,0.0
40168,0.0
40169,0.0
40170,0.0
40171,0.0
40172,0.0
40173,0.0
40174,0.0
40175,0.0
40176,6283.50048828125
40177,0.0
40178,0.0
40179,0.0
40180,0.0
40181,0.0
40182,0.0
40183,0.0
40184,0.0
40185,0.0
40186,0.0
40187,0.0
40188,0.0
40189,0.0
40190,0.0
40191,0.0
40192,0.0
40193,0.0
40194,0.0
40195,0.0
40196,0.0
40197,0.0
40198,0.0
40199,0.0
40200,0.0
40201,0.0
40202,0.0
40203,0.0
40204,0.0
40205,0.0
40206,0.0
40207,0.0
40208,0.0
40209,0.0
40210,0.0
40211,0.0
40212,0.0
40213,0.0
40214,0.0
40215,0.0
40216,0.0
40217,14948.232421875
40218,5215.1552734375
40219,0.0
40220,0.0
40221,0.0
40222,0.0
40223,0.0
40224,0.0
40225,0.0
40226,0.0
40227,0.0
40228,0.0
40229,0.0
40230,0.0
40231,0.0
40232,0.0
40233,5212.896484375
40234,5002.94091796875
40235,8242.3681640625
40236,4338.37060546875
40237,6550.94775390625
40238,5157.83740234375
40239,5762.5673828125
40240,6329.1162109375
40241,4496.275390625
40242,3903.485107421875
40243,6328.24267578125
40244,5894.96044921875
40245,3741.46533203125
40246,7492.4609375
40247,5942.41064453125
40248,4357.86767578125
40249,4873.86865234375
40250,7495.419921875
40251,10079.5458984375
40252,7162.9990234375
40253,7029.66650390625
40254,4163.6943359375
40255,5707.53271484375
40256,2996.41943359375
40257,8590.2763671875
40258,8356.466796875
40259,10363.0712890625
40260,6320.0556640625
40261,3559.306640625
40262,4844.3798828125
40263,5963.56201171875
40264,7211.28076171875
40265,4758.98486328125
40266,5881.564453125
40267,5639.0546875
40268,5252.30322265625
40269,2611.720458984375
40270,8481.521484375
40271,5192.6455078125
40272,7780.953125
40273,5968.0556640625
40274,3974.56689453125
40275,9527.9619140625
40276,6034.80419921875
40277,5192.25
40278,4190.98193359375
40279,8283.2275390625
40280,11159.478515625
40281,6457.708984375
40282,5919.36572265625
40283,9126.45703125
40284,8449.8994140625
40285,6336.15771484375
40286,6920.05908203125
40287,2910.88037109375
40288,2759.045166015625
40289,5096.421875
40290,6924.7392578125
40291,8802.3701171875
40292,8131.525390625
40293,4935.85302734375
40294,9031.896484375
40295,9348.533203125
40296,6428.22021484375
40297,3598.471435546875
40298,12293.2666015625
40299,3808.730224609375
40300,5126.1044921875
40301,8121.17919921875
40302,5321.66845703125
40303,5672.3935546875
40304,3567.4921875
40305,6367.572265625
40306,5616.1142578125
40307,6434.5009765625
40308,9170.7294921875
40309,8069.5234375
40310,7040.2041015625
40311,3184.160400390625
40312,8764.8125
40313,13977.203125
40314,6401.1201171875
40315,4416.7783203125
40316,7159.90185546875
40317,6024.8935546875
40318,6743.10400390625
40319,10491.669921875
40320,2860.88671875
40321,8756.03515625
40322,5172.00146484375
40323,6744.82666015625
40324,10368.25390625
40325,3241.90576171875
40326,5318.8486328125
40327,6104.4755859375
40328,9105.876953125
40329,8273.2021484375
40330,5068.73388671875
40331,4600.65185546875
40332,8130.22119140625
40333,7403.68896484375
40334,4521.65478515625
40335,7999.5947265625
40336,5297.01953125
40337,6828.7724609375
40338,5203.447265625
40339,3542.00439453125
40340,6123.85205078125
40341,6731.57568359375
40342,6775.08740234375
40343,7581.76025390625
40344,8390.6689453125
40345,4986.0478515625
40346,8819.21484375
40347,3273.677001953125
40348,3794.6845703125
40349,8477.6025390625
40350,7926.45458984375
40351,7524.99658203125
40352,9589.982421875
40353,7197.66357421875
40354,5510.654296875
40355,7152.72607421875
40356,7782.67431640625
40357,4925.06201171875
40358,3284.40673828125
40359,6084.7421875
40360,5979.7763671875
40361,5748.4140625
40362,3984.718994140625
40363,6212.2666015625
40364,7302.98095703125
40365,6603.4130859375
40366,6358.3330078125
40367,4058.5126953125
40368,7514.39501953125
40369,7635.83984375
40370,4388.68603515625
40371,6991.67041015625
40372,4388.39453125
40373,5834.20556640625
40374,2631.791259765625
40375,5263.1474609375
40376,6974.67236328125
40377,7974.240234375
40378,8439.4560546875
40379,7470.490234375
40380,14777.23828125
40381,4455.83740234375
40382,5608.9599609375
40383,10578.099609375
40384,6019.80029296875
40385,8312.5751953125
40386,6973.6650390625
40387,6454.74365234375
40388,6398.20947265625
40389,6372.623046875
40390,5319.16796875
40391,9335.2900390625
40392,5914.01416015625
40393,3687.219970703125
40394,4093.627197265625
40395,8227.4326171875
40396,9879.2626953125
40397,6886.08935546875
40398,5873.9921875
40399,4914.671875
40400,2308.99755859375
40401,1855.5748291015625
40402,3690.984130859375
40403,6350.72119140625
40404,8050.43603515625
40405,5317.86962890625
40406,5237.83642578125
40407,8034.4873046875
40408,8994.72265625
40409,8139.76220703125
40410,5476.517578125
40411,8924.595703125
40412,10328.578125
40413,4317.5703125
40414,6002.17822265625
40415,5308.45751953125
40416,6726.22412109375
40417,4181.91650390625
40418,6842.673828125
40419,5624.29541015625
40420,9359.2158203125
40421,6829.1884765625
40422,7629.0556640625
40423,7353.3505859375
40424,5384.75537109375
40425,9836.1630859375
40426,16831.923828125
40427,8545.3779296875
40428,4518.50439453125
40429,4154.5517578125
40430,6868.29833984375
40431,7620.77490234375
40432,5191.32861328125
40433,9204.91015625
40434,19619.681640625
40435,5168.9912109375
40436,3963.616455078125
40437,11524.8994140625
40438,4041.1650390625
40439,6090.275390625
40440,4187.9619140625
40441,6602.6416015625
40442,5781.39990234375
40443,6935.35791015625
40444,5613.12353515625
40445,5916.298828125
40446,10303.7021484375
40447,6632.23046875
40448,6078.177734375
40449,9829.3330078125
40450,6677.7333984375
40451,6897.984375
40452,9282.189453125
40453,5612.66748046875
40454,6523.39501953125
40455,5389.29541015625
40456,4356.8017578125
40457,6977.11767578125
40458,5789.13134765625
40459,5541.6708984375
40460,8412.8427734375
40461,11262.6044921875
40462,7765.77734375
40463,4659.49169921875
40464,5396.56201171875
40465,5145.1435546875
40466,6467.74755859375
40467,6796.02490234375
40468,5381.4697265625
40469,7404.3193359375
40470,5549.1123046875
40471,7965.037109375
40472,5444.08740234375
40473,4524.734375
40474,3491.733154296875
40475,3525.543701171875
40476,9409.2451171875
40477,7116.7451171875
40478,6007.7744140625
40479,14395.447265625
40480,7740.751953125
40481,3829.6689453125
40482,5824.8837890625
40483,3188.345947265625
40484,4769.2451171875
40485,3776.130859375
40486,4146.17822265625
40487,9071.3388671875
40488,5273.73291015625
40489,9771.3837890625
40490,12150.068359375
40491,6478.64453125
40492,5464.888671875
40493,4674.93408203125
40494,5417.24609375
40495,6135.20068359375
40496,11357.08984375
40497,7045.38037109375
40498,8082.45556640625
40499,3865.743896484375
40500,5900.2841796875
40501,5856.0263671875
40502,8335.583984375
40503,7560.67138671875
40504,5878.89892578125
40505,7294.869140625
40506,5309.31396484375
40507,8380.1494140625
40508,7813.9189453125
40509,6607.6796875
40510,10744.888671875
40511,6943.216796875
40512,8371.255859375
40513,3889.883544921875
40514,5947.43310546875
40515,5311.76513671875
40516,9772.439453125
40517,7554.552734375
40518,8079.4619140625
40519,7007.06982421875
40520,8359.03515625
40521,5465.29443359375
40522,7454.5966796875
40523,6735.52099609375
40524,3742.490234375
40525,11616.533203125
40526,16888.076171875
40527,7464.98974609375
40528,6636.9794921875
40529,8146.68701171875
40530,9181.095703125
40531,8614.7958984375
40532,3220.6708984375
40533,5143.28173828125
40534,5769.74560546875
40535,9068.306640625
40536,3134.447265625
40537,4035.825927734375
40538,6189.83740234375
40539,5225.7646484375
40540,5979.4482421875
40541,3358.271728515625
40542,3674.2998046875
40543,7796.875
40544,4874.8037109375
40545,4604.43701171875
40546,6243.38525390625
40547,5968.30322265625
40548,10071.58203125
40549,12738.4052734375
40550,5319.85107421875
40551,8746.314453125
40552,7125.32275390625
40553,10624.423828125
40554,4733.48486328125
40555,3298.58447265625
40556,5555.30078125
40557,13468.3505859375
40558,4223.08935546875
40559,8148.07421875
40560,1999.3787841796875
40561,4668.98046875
40562,6738.47265625
40563,6979.76220703125
40564,5426.4306640625
40565,9388.03125
40566,9747.986328125
40567,8355.419921875
40568,4971.43505859375
40569,11332.638671875
40570,1981.775390625
40571,4568.42724609375
40572,7295.06103515625
40573,5269.40869140625
40574,10697.9541015625
40575,2625.973876953125
40576,4920.2734375
40577,6056.3916015625
40578,8744.162109375
40579,10493.896484375
40580,5915.77490234375
40581,2663.31640625
40582,11987.318359375
40583,10078.2705078125
40584,4824.31591796875
40585,6390.03662109375
40586,9840.93359375
40587,7451.3955078125
40588,5494.87548828125
40589,4488.57177734375
40590,7560.845703125
40591,4244.005859375
40592,13462.044921875
40593,7837.86376953125
40594,11436.5703125
40595,7786.27001953125
40596,4407.6787109375
40597,2618.46337890625
40598,6978.69921875
40599,7012.8076171875
40600,4737.49951171875
40601,9811.49609375
40602,5830.06689453125
40603,2902.10693359375
40604,7633.51220703125
40605,3283.347900390625
40606,9328.8935546875
40607,7271.77099609375
40608,7701.052734375
40609,8589.486328125
40610,5765.21435546875
40611,7494.77880859375
40612,7768.99365234375
40613,5639.47021484375
40614,7109.1962890625
40615,3337.153564453125
40616,9925.1572265625
40617,6743.49853515625
40618,4376.55126953125
40619,5682.3701171875
40620,8261.63671875
40621,6240.83203125
40622,4586.49755859375
40623,5265.09716796875
40624,5250.3779296875
40625,6712.94970703125
40626,5706.7919921875
40627,9791.7705078125
40628,4202.81787109375
40629,3571.767578125
40630,6666.67529296875
40631,6692.7138671875
40632,3577.5439453125
40633,6023.14404296875
40634,8057.24658203125
40635,8303.7587890625
40636,11120.021484375
40637,9586.4833984375
40638,7785.97119140625
40639,8148.06591796875
40640,4141.58544921875
40641,10443.51171875
40642,8402.8349609375
40643,6963.4130859375
40644,5806.42626953125
40645,5952.96337890625
40646,5904.54052734375
40647,2518.448486328125
40648,11611.408203125
40649,7509.2578125
40650,6445.7802734375
40651,5274.1416015625
40652,1357.263427734375
40653,8155.91650390625
40654,6661.984375
40655,4220.99658203125
40656,4350.2783203125
40657,5864.98583984375
40658,6988.22314453125
40659,5223.87890625
40660,12534.00390625
40661,4289.1650390625
40662,5405.5048828125
40663,4641.376953125
40664,3136.5458984375
40665,5808.73486328125
40666,14874.0009765625
40667,4588.75146484375
40668,6503.77392578125
40669,5642.98388671875
40670,4591.64013671875
40671,3526.86279296875
40672,7112.82421875
40673,3571.607666015625
40674,10843.8681640625
40675,6674.912109375
40676,3199.916259765625
40677,9188.1201171875
40678,2590.904296875
40679,4635.51318359375
40680,11420.5966796875
40681,8550.126953125
40682,9363.6611328125
40683,2847.950439453125
40684,5772.896484375
40685,5477.91552734375
40686,4714.3349609375
40687,16420.888671875
40688,13454.9736328125
40689,5830.24169921875
40690,3420.834228515625
40691,6113.24267578125
40692,4179.27197265625
40693,2927.974365234375
40694,8592.20703125
40695,6171.95166015625
40696,5928.90966796875
40697,7600.74267578125
40698,5747.61376953125
40699,5378.201171875
40700,6380.05126953125
40701,7318.95361328125
40702,8275.1591796875
40703,3131.464599609375
40704,6904.1865234375
40705,7117.6455078125
40706,8894.1474609375
40707,6013.81103515625
40708,7931.779296875
40709,2875.703369140625
40710,10520.603515625
40711,6306.63232421875
40712,3820.19482421875
40713,5526.70556640625
40714,4630.3076171875
40715,4649.525390625
40716,6693.7265625
40717,5254.859375
40718,5326.81201171875
40719,5312.8583984375
40720,8433.8798828125
40721,8624.6982421875
40722,6117.5966796875
40723,8371.5751953125
40724,6215.330078125
40725,3436.72998046875
40726,11451.880859375
40727,3195.43408203125
40728,3958.9580078125
40729,7748.61376953125
40730,11928.529296875
40731,11371.6240234375
40732,4415.212890625
40733,5207.4375
40734,7304.96142578125
40735,7797.4326171875
40736,4553.255859375
40737,8401.6064453125
40738,3549.59619140625
40739,5252.0751953125
40740,4429.033203125
40741,3748.055908203125
40742,4322.45654296875
40743,7587.11328125
40744,7592.73974609375
40745,6491.29541015625
40746,6463.96484375
40747,9126.833984375
40748,8235.3623046875
40749,5387.275390625
40750,6568.50048828125
40751,5592.021484375
40752,7945.0947265625
40753,6093.70654296875
40754,2519.66650390625
40755,7908.64501953125
40756,8192.5595703125
40757,7321.728515625
40758,6806.3955078125
40759,3104.36083984375
40760,11184.9208984375
40761,3873.69140625
40762,9109.8349609375
40763,5689.53759765625
40764,5591.9697265625
40765,7847.73193359375
40766,5264.8359375
40767,5170.71728515625
40768,8708.6396484375
40769,3382.48828125
40770,7281.73779296875
40771,10963.8984375
40772,7730.22705078125
40773,2590.5888671875
40774,5717.17138671875
40775,4392.48779296875
40776,3280.154052734375
40777,5318.43017578125
40778,6224.4013671875
40779,5641.5146484375
40780,5502.36181640625
40781,5969.884765625
40782,5492.3173828125
40783,9266.3857421875
40784,5821.38134765625
40785,6882.7412109375
40786,5357.72216796875
40787,6140.171875
40788,6969.603515625
40789,6913.8076171875
40790,7961.6611328125
40791,8813.3896484375
40792,8423.7890625
40793,5784.46484375
40794,5640.912109375
40795,3094.428466796875
40796,7350.28271484375
40797,8964.2412109375
40798,7044.83837890625
40799,8844.4267578125
40800,15835.02734375
40801,4503.173828125
40802,5405.6455078125
40803,5881.8408203125
40804,8375.65625
40805,10076.4580078125
40806,8432.5732421875
40807,7953.482421875
40808,8116.27734375
40809,8345.7412109375
40810,7525.57763671875
40811,6158.873046875
40812,2796.071044921875
40813,5922.8701171875
40814,3401.361328125
40815,3754.3642578125
40816,7402.9365234375
40817,15654.982421875
40818,5083.23876953125
40819,3129.94677734375
40820,5832.09716796875
40821,5177.02978515625
40822,6228.35693359375
40823,3111.599853515625
40824,7476.859375
40825,7235.02099609375
40826,3907.6484375
40827,12709.2431640625
40828,11996.4130859375
40829,3786.044921875
40830,6114.4052734375
40831,3498.16015625
40832,4555.5166015625
40833,3846.751953125
40834,7800.3330078125
40835,4766.6513671875
40836,4936.1826171875
40837,4775.3125
40838,5971.6689453125
40839,5329.265625
40840,7688.93017578125
40841,2940.26708984375
40842,8008.7158203125
40843,7890.60791015625
40844,5275.61865234375
40845,4392.71435546875
40846,4491.59765625
40847,5130.4755859375
40848,5564.9677734375
40849,10361.8623046875
40850,4633.55322265625
40851,5052.55615234375
40852,6300.3271484375
40853,5327.1591796875
40854,6451.78173828125
40855,5081.13232421875
40856,7122.6611328125
40857,10505.0869140625
40858,7977.7666015625
40859,6059.99462890625
40860,4279.6650390625
40861,4699.10693359375
40862,6592.03173828125
40863,3957.162109375
40864,4854.17919921875
40865,5002.39453125
40866,11809.5048828125
40867,7814.875
40868,4839.4853515625
40869,6593.8876953125
40870,4772.18115234375
40871,6846.75390625
40872,6390.49072265625
40873,9629.4013671875
40874,7352.8330078125
40875,4966.0029296875
40876,4339.6630859375
40877,2121.797119140625
40878,3952.31005859375
40879,21206.97265625
40880,2474.279541015625
40881,5625.56201171875
40882,6264.39794921875
40883,7106.8818359375
40884,6681.1083984375
40885,8717.5927734375
40886,6188.962890625
40887,6925.62060546875
40888,3864.122314453125
40889,9045.9228515625
40890,5222.306640625
40891,7336.97412109375
40892,10010.5546875
40893,5008.97314453125
40894,8496.56640625
40895,6772.14990234375
40896,3506.984619140625
40897,6312.99560546875
40898,7359.73291015625
40899,3894.848388671875
40900,8923.046875
40901,7619.9345703125
40902,5388.15966796875
40903,9814.994140625
40904,8829.14453125
40905,5998.82421875
40906,5140.86181640625
40907,5545.822265625
40908,6115.59521484375
40909,3836.337158203125
40910,6070.1416015625
40911,2702.54736328125
40912,6904.37841796875
40913,3313.95361328125
40914,5530.17626953125
40915,5500.34130859375
40916,4792.63330078125
40917,6219.13623046875
40918,9940.0830078125
40919,5872.64892578125
40920,9097.220703125
40921,6896.96435546875
40922,7916.23876953125
40923,9138.5615234375
40924,7736.955078125
40925,3559.905029296875
40926,6942.8896484375
40927,5403.5478515625
40928,4105.5771484375
40929,13350.6982421875
40930,6677.06884765625
40931,7760.76171875
40932,8356.1171875
40933,6570.45703125
40934,3381.593017578125
40935,13048.7314453125
40936,9590.37890625
40937,6181.00048828125
40938,7712.552734375
40939,7442.27587890625
40940,8403.3447265625
40941,5657.103515625
40942,4115.716796875
40943,3836.418701171875
40944,5303.40478515625
40945,7771.53173828125
40946,3434.2607421875
40947,8479.0361328125
40948,7374.26904296875
40949,5761.0830078125
40950,7516.943359375
40951,5060.8974609375
40952,8191.25048828125
40953,4957.0439453125
40954,5312.75244140625
40955,5066.9296875
40956,4288.55078125
40957,6453.90771484375
40958,6761.69873046875
40959,8116.45751953125
40960,6114.79052734375
40961,4669.86669921875
40962,6408.70263671875
40963,7001.669921875
40964,8025.1806640625
40965,3413.939453125
40966,3963.76025390625
40967,9142.5791015625
40968,7616.06494140625
40969,4220.12060546875
40970,8145.74560546875
40971,6125.95361328125
40972,6669.66455078125
40973,4802.7216796875
40974,2263.17236328125
40975,8521.25
40976,6085.9990234375
40977,5953.1943359375
40978,9782.7236328125
40979,6957.21142578125
40980,4000.5859375
40981,6261.9638671875
40982,3238.383056640625
40983,1815.579345703125
40984,5933.998046875
40985,10747.37109375
40986,5916.55419921875
40987,5400.2568359375
40988,3556.765625
40989,5397.43701171875
40990,8742.9345703125
40991,6081.08154296875
40992,10399.07421875
40993,4765.970703125
40994,5248.6259765625
40995,3818.564208984375
40996,6773.96337890625
40997,3686.90087890625
40998,3552.57568359375
40999,5102.44921875
41000,5072.37255859375
41001,7381.79931640625
41002,5702.3974609375
41003,5799.65771484375
41004,5898.55078125
41005,8619.62109375
41006,4963.33251953125
41007,4140.32177734375
41008,10507.3466796875
41009,6760.78271484375
41010,6871.3203125
41011,2196.77099609375
41012,7514.103515625
41013,5796.50244140625
41014,4786.109375
41015,8576.013671875
41016,9170.3193359375
41017,6790.6943359375
41018,6814.5400390625
41019,6811.1767578125
41020,7756.515625
41021,11059.2421875
41022,5680.6962890625
41023,4042.2275390625
41024,5187.76513671875
41025,5938.25439453125
41026,6609.13916015625
41027,7879.7939453125
41028,6623.56689453125
41029,7115.0234375
41030,2791.070556640625
41031,7479.40966796875
41032,9334.0712890625
41033,3733.23876953125
41034,7592.85107421875
41035,4331.02294921875
41036,7676.400390625
41037,6772.20849609375
41038,5279.37109375
41039,7070.3330078125
41040,4134.2998046875
41041,5311.4921875
41042,6998.80712890625
41043,5567.72802734375
41044,8813.474609375
41045,5704.44189453125
41046,9168.9501953125
41047,5998.53466796875
41048,3455.836181640625
41049,8629.2978515625
41050,3502.596923828125
41051,9068.3486328125
41052,5950.80712890625
41053,5779.9677734375
41054,7902.64404296875
41055,5313.71875
41056,4048.889404296875
41057,6619.81396484375
41058,3324.212890625
41059,3099.374755859375
41060,6925.986328125
41061,7964.75537109375
41062,9932.80078125
41063,5962.25439453125
41064,7190.087890625
41065,4893.27197265625
41066,6766.88623046875
41067,3515.37939453125
41068,11490.9111328125
41069,7833.66064453125
41070,11911.4248046875
41071,6627.59765625
41072,5067.87158203125
41073,9299.0576171875
41074,9017.5341796875
41075,4159.76416015625
41076,8852.9560546875
41077,5800.9052734375
41078,6592.986328125
41079,7419.48486328125
41080,5353.9267578125
41081,3040.48876953125
41082,6459.0771484375
41083,4469.80126953125
41084,2500.684814453125
41085,7290.33154296875
41086,6743.01220703125
41087,24436.94921875
41088,8345.69921875
